BEGIN;

INSERT INTO food_group (food_group_id, food_group_name, food_group_description, image, image_caption) VALUES ('1', 'Spices and essential oils', 'A wide range of aromatic substances derived from various parts of plants, used to flavor and enhance the taste of food dishes.', 'https://placekitten.com/425/94', 'Horizontal leadingedge portal');
INSERT INTO food_group (food_group_id, food_group_name, food_group_description, image, image_caption) VALUES ('2', 'Coffee, tea and their products', 'Beverages and food items made from coffee beans and tea leaves, providing stimulating effects due to their caffeine content.', 'https://picsum.photos/945/120', 'Devolved reciprocal throughput');
INSERT INTO food_group (food_group_id, food_group_name, food_group_description, image, image_caption) VALUES ('3', 'Preserved foods', 'Foods that have been processed and stored to prevent spoilage, including canned, pickled, dried, and frozen products.', 'https://picsum.photos/261/360', 'Robust modular implementation');
INSERT INTO food_group (food_group_id, food_group_name, food_group_description, image, image_caption) VALUES ('4', 'Sweeteners', 'Substances used to add sweetness to foods and beverages, including sugar, honey, maple syrup, and artificial sweeteners.', 'https://dummyimage.com/735x271', 'Front-line web-enabled function');
INSERT INTO food_group (food_group_id, food_group_name, food_group_description, image, image_caption) VALUES ('5', 'Fats and oils', 'Lipid-rich substances derived from plants or animals, used for cooking, flavoring, and food preservation.', 'https://dummyimage.com/1000x92', 'Inverse scalable analyzer');
INSERT INTO food_group (food_group_id, food_group_name, food_group_description, image, image_caption) VALUES ('6', 'Milk, eggs and their products', 'Dairy and poultry products, including milk, cheese, yogurt, eggs, and various dairy-based desserts.', 'https://picsum.photos/179/109', 'Re-contextualized logistical synergy');
INSERT INTO food_group (food_group_id, food_group_name, food_group_description, image, image_caption) VALUES ('7', 'Meat and its products', 'Foods derived from animal flesh, including beef, pork, poultry, and processed meat products like sausages and deli meats.', 'https://picsum.photos/500/61', 'Visionary attitude-oriented intranet');
INSERT INTO food_group (food_group_id, food_group_name, food_group_description, image, image_caption) VALUES ('8', 'Fish and their products', 'Foods derived from aquatic animals, including various types of fish, shellfish, and seafood products.', 'https://placekitten.com/483/34', 'Decentralized context-sensitive emulatio');
INSERT INTO food_group (food_group_id, food_group_name, food_group_description, image, image_caption) VALUES ('9', 'Cereals and their products', 'Staple foods made from grains such as wheat, rice, corn, oats, barley, and rye, including bread, pasta, and breakfast cereals.', 'https://placekitten.com/893/472', 'Realigned hybrid structure');
INSERT INTO food_group (food_group_id, food_group_name, food_group_description, image, image_caption) VALUES ('10', 'Various foods of plant origin', 'Diverse plant-based foods, including fruits, vegetables, nuts, seeds, legumes, and plant-based meat substitutes.', 'https://dummyimage.com/890x515', 'Customer-focused non-volatile architectu');
INSERT INTO food_group (food_group_id, food_group_name, food_group_description, image, image_caption) VALUES ('11', 'Products with sweeteners', 'Food items that contain added sugars or artificial sweeteners to enhance their taste, including candies, pastries, and sugary beverages.', 'https://dummyimage.com/271x767', 'Proactive context-sensitive forecast');
INSERT INTO food_group (food_group_id, food_group_name, food_group_description, image, image_caption) VALUES ('12', 'Various drinks', 'A wide assortment of beverages, including water, juices, soft drinks, alcoholic beverages, and specialty drinks like smoothies and shakes.', 'https://placekitten.com/923/1022', 'Multi-lateral upward-trending algorithm');

INSERT INTO cooking_ingredients (ingredients_id, ingredients_name, measuring_herd, food_group_id, image, image_caption) VALUES ('1', 'Salt', 'cup', '6', 'https://dummyimage.com/761x206', 'User-friendly coherent info-mediaries');
INSERT INTO cooking_ingredients (ingredients_id, ingredients_name, measuring_herd, food_group_id, image, image_caption) VALUES ('2', 'Sugar', 'quart', '3', 'https://dummyimage.com/399x367', 'Intuitive foreground implementation');
INSERT INTO cooking_ingredients (ingredients_id, ingredients_name, measuring_herd, food_group_id, image, image_caption) VALUES ('3', 'Flour', 'cup', '12', 'https://dummyimage.com/456x983', 'Upgradable reciprocal solution');
INSERT INTO cooking_ingredients (ingredients_id, ingredients_name, measuring_herd, food_group_id, image, image_caption) VALUES ('4', 'Butter', '', '2', 'https://picsum.photos/664/547', 'De-engineered discrete Local Area Networ');
INSERT INTO cooking_ingredients (ingredients_id, ingredients_name, measuring_herd, food_group_id, image, image_caption) VALUES ('5', 'Eggs', 'tablespoon', '4', 'https://placekitten.com/209/951', 'Object-based attitude-oriented portal');
INSERT INTO cooking_ingredients (ingredients_id, ingredients_name, measuring_herd, food_group_id, image, image_caption) VALUES ('6', 'Milk', 'ounce', '9', 'https://picsum.photos/272/864', 'Seamless secondary core');
INSERT INTO cooking_ingredients (ingredients_id, ingredients_name, measuring_herd, food_group_id, image, image_caption) VALUES ('7', 'Olive oil', 'cup', '7', 'https://placekitten.com/850/624', 'Front-line uniform budgetary management');
INSERT INTO cooking_ingredients (ingredients_id, ingredients_name, measuring_herd, food_group_id, image, image_caption) VALUES ('8', 'Garlic', 'gram', '1', 'https://placekitten.com/541/764', 'Assimilated object-oriented architecture');
INSERT INTO cooking_ingredients (ingredients_id, ingredients_name, measuring_herd, food_group_id, image, image_caption) VALUES ('9', 'Onion', 'gallon', '8', 'https://dummyimage.com/507x731', 'Advanced asynchronous moratorium');
INSERT INTO cooking_ingredients (ingredients_id, ingredients_name, measuring_herd, food_group_id, image, image_caption) VALUES ('10', 'Tomato', 'gallon', '7', 'https://placekitten.com/188/717', 'Implemented neutral middleware');
INSERT INTO cooking_ingredients (ingredients_id, ingredients_name, measuring_herd, food_group_id, image, image_caption) VALUES ('11', 'Lemon', 'gallon', '10', 'https://placekitten.com/870/361', 'Ameliorated high-level time-frame');
INSERT INTO cooking_ingredients (ingredients_id, ingredients_name, measuring_herd, food_group_id, image, image_caption) VALUES ('12', 'Chicken', 'cup', '7', 'https://picsum.photos/813/737', 'Centralized client-driven open system');
INSERT INTO cooking_ingredients (ingredients_id, ingredients_name, measuring_herd, food_group_id, image, image_caption) VALUES ('13', 'Beef', 'teaspoon', '8', 'https://picsum.photos/499/676', 'Reverse-engineered attitude-oriented abi');
INSERT INTO cooking_ingredients (ingredients_id, ingredients_name, measuring_herd, food_group_id, image, image_caption) VALUES ('14', 'Fish', 'cup', '1', 'https://placekitten.com/67/876', 'Robust non-volatile challenge');
INSERT INTO cooking_ingredients (ingredients_id, ingredients_name, measuring_herd, food_group_id, image, image_caption) VALUES ('15', 'Rice', 'kilogram', '5', 'https://dummyimage.com/373x219', 'Innovative human-resource matrices');
INSERT INTO cooking_ingredients (ingredients_id, ingredients_name, measuring_herd, food_group_id, image, image_caption) VALUES ('16', 'Pasta', 'milliliter', '7', 'https://dummyimage.com/925x220', 'Enterprise-wide national model');
INSERT INTO cooking_ingredients (ingredients_id, ingredients_name, measuring_herd, food_group_id, image, image_caption) VALUES ('17', 'Cheese', 'gallon', '7', 'https://placekitten.com/626/464', 'Optional systemic conglomeration');
INSERT INTO cooking_ingredients (ingredients_id, ingredients_name, measuring_herd, food_group_id, image, image_caption) VALUES ('18', 'Yogurt', 'kilogram', '2', 'https://picsum.photos/492/472', 'Polarized composite software');
INSERT INTO cooking_ingredients (ingredients_id, ingredients_name, measuring_herd, food_group_id, image, image_caption) VALUES ('19', 'Carrot', 'gram', '5', 'https://picsum.photos/597/634', 'Horizontal foreground interface');
INSERT INTO cooking_ingredients (ingredients_id, ingredients_name, measuring_herd, food_group_id, image, image_caption) VALUES ('20', 'Potato', 'teaspoon', '2', 'https://dummyimage.com/713x907', 'Optional heuristic process improvement');
INSERT INTO cooking_ingredients (ingredients_id, ingredients_name, measuring_herd, food_group_id, image, image_caption) VALUES ('21', 'Spinach', 'quart', '10', 'https://placekitten.com/308/46', 'Progressive static array');
INSERT INTO cooking_ingredients (ingredients_id, ingredients_name, measuring_herd, food_group_id, image, image_caption) VALUES ('22', 'Broccoli', 'pound', '7', 'https://dummyimage.com/30x793', 'Optional 24hour concept');
INSERT INTO cooking_ingredients (ingredients_id, ingredients_name, measuring_herd, food_group_id, image, image_caption) VALUES ('23', 'Avocado', 'teaspoon', '11', 'https://placekitten.com/835/373', 'Open-architected radical customer loyalt');
INSERT INTO cooking_ingredients (ingredients_id, ingredients_name, measuring_herd, food_group_id, image, image_caption) VALUES ('24', 'Cucumber', '', '6', 'https://placekitten.com/759/204', 'Focused tangible contingency');
INSERT INTO cooking_ingredients (ingredients_id, ingredients_name, measuring_herd, food_group_id, image, image_caption) VALUES ('25', 'Bell pepper', 'cup', '12', 'https://picsum.photos/348/483', 'Monitored mission-critical algorithm');
INSERT INTO cooking_ingredients (ingredients_id, ingredients_name, measuring_herd, food_group_id, image, image_caption) VALUES ('26', 'Mushroom', 'teaspoon', '8', 'https://dummyimage.com/327x222', 'Cross-platform holistic workforce');
INSERT INTO cooking_ingredients (ingredients_id, ingredients_name, measuring_herd, food_group_id, image, image_caption) VALUES ('27', 'Parsley', 'gram', '9', 'https://placekitten.com/544/500', 'Optional impactful superstructure');
INSERT INTO cooking_ingredients (ingredients_id, ingredients_name, measuring_herd, food_group_id, image, image_caption) VALUES ('28', 'Basil', 'cup', '10', 'https://placekitten.com/406/492', 'Integrated motivating infrastructure');
INSERT INTO cooking_ingredients (ingredients_id, ingredients_name, measuring_herd, food_group_id, image, image_caption) VALUES ('29', 'Cilantro', 'ounce', '3', 'https://dummyimage.com/457x843', 'Advanced transitional forecast');
INSERT INTO cooking_ingredients (ingredients_id, ingredients_name, measuring_herd, food_group_id, image, image_caption) VALUES ('30', 'Thyme', 'liter', '2', 'https://placekitten.com/911/301', 'Persistent systematic software');
INSERT INTO cooking_ingredients (ingredients_id, ingredients_name, measuring_herd, food_group_id, image, image_caption) VALUES ('31', 'Oregano', 'milliliter', '1', 'https://picsum.photos/177/55', 'Enterprise-wide mobile Graphical User In');
INSERT INTO cooking_ingredients (ingredients_id, ingredients_name, measuring_herd, food_group_id, image, image_caption) VALUES ('32', 'Rosemary', 'gallon', '12', 'https://placekitten.com/129/1022', 'De-engineered 4thgeneration instruction ');
INSERT INTO cooking_ingredients (ingredients_id, ingredients_name, measuring_herd, food_group_id, image, image_caption) VALUES ('33', 'Chili powder', 'cup', '3', 'https://dummyimage.com/501x20', 'Cross-platform fault-tolerant adapter');
INSERT INTO cooking_ingredients (ingredients_id, ingredients_name, measuring_herd, food_group_id, image, image_caption) VALUES ('34', 'Paprika', 'pound', '10', 'https://picsum.photos/51/272', 'Innovative web-enabled neural-net');
INSERT INTO cooking_ingredients (ingredients_id, ingredients_name, measuring_herd, food_group_id, image, image_caption) VALUES ('35', 'Cumin', 'gallon', '12', 'https://placekitten.com/902/986', 'Quality-focused full-range collaboration');
INSERT INTO cooking_ingredients (ingredients_id, ingredients_name, measuring_herd, food_group_id, image, image_caption) VALUES ('36', 'Ginger', 'liter', '8', 'https://placekitten.com/495/893', 'User-centric client-driven success');
INSERT INTO cooking_ingredients (ingredients_id, ingredients_name, measuring_herd, food_group_id, image, image_caption) VALUES ('37', 'Turmeric', 'fluid ounce', '9', 'https://picsum.photos/1020/577', 'Realigned actuating middleware');
INSERT INTO cooking_ingredients (ingredients_id, ingredients_name, measuring_herd, food_group_id, image, image_caption) VALUES ('38', 'Honey', 'pint', '7', 'https://placekitten.com/786/761', 'Reactive 4thgeneration Graphic Interface');
INSERT INTO cooking_ingredients (ingredients_id, ingredients_name, measuring_herd, food_group_id, image, image_caption) VALUES ('39', 'Soy sauce', 'tablespoon', '3', 'https://placekitten.com/938/961', 'Fully-configurable motivating intranet');
INSERT INTO cooking_ingredients (ingredients_id, ingredients_name, measuring_herd, food_group_id, image, image_caption) VALUES ('40', 'Vinegar', 'ounce', '10', 'https://placekitten.com/291/122', 'Enhanced static monitoring');
INSERT INTO cooking_ingredients (ingredients_id, ingredients_name, measuring_herd, food_group_id, image, image_caption) VALUES ('41', 'Mustard', 'teaspoon', '9', 'https://dummyimage.com/372x721', 'Diverse tangible algorithm');
INSERT INTO cooking_ingredients (ingredients_id, ingredients_name, measuring_herd, food_group_id, image, image_caption) VALUES ('42', 'Worcestershire sauce', 'kilogram', '6', 'https://placekitten.com/457/192', 'Optimized transitional array');
INSERT INTO cooking_ingredients (ingredients_id, ingredients_name, measuring_herd, food_group_id, image, image_caption) VALUES ('43', 'Mayonnaise', 'kilogram', '6', 'https://picsum.photos/217/192', 'Fully-configurable multi-state Graphic I');
INSERT INTO cooking_ingredients (ingredients_id, ingredients_name, measuring_herd, food_group_id, image, image_caption) VALUES ('44', 'Ketchup', 'gram', '8', 'https://dummyimage.com/840x630', 'Persevering clear-thinking capacity');
INSERT INTO cooking_ingredients (ingredients_id, ingredients_name, measuring_herd, food_group_id, image, image_caption) VALUES ('45', 'Barbecue sauce', 'milliliter', '10', 'https://dummyimage.com/357x774', 'Universal client-driven artificial intel');
INSERT INTO cooking_ingredients (ingredients_id, ingredients_name, measuring_herd, food_group_id, image, image_caption) VALUES ('46', 'Sriracha', 'cup', '5', 'https://dummyimage.com/774x791', 'Profound neutral productivity');
INSERT INTO cooking_ingredients (ingredients_id, ingredients_name, measuring_herd, food_group_id, image, image_caption) VALUES ('47', 'Tahini', 'tablespoon', '6', 'https://dummyimage.com/959x272', 'Progressive global customer loyalty');
INSERT INTO cooking_ingredients (ingredients_id, ingredients_name, measuring_herd, food_group_id, image, image_caption) VALUES ('48', 'Maple syrup', 'milliliter', '5', 'https://dummyimage.com/939x625', 'Centralized systematic middleware');
INSERT INTO cooking_ingredients (ingredients_id, ingredients_name, measuring_herd, food_group_id, image, image_caption) VALUES ('49', 'Vanilla extract', 'milliliter', '11', 'https://picsum.photos/646/802', 'Cross-platform 24/7 encoding');
INSERT INTO cooking_ingredients (ingredients_id, ingredients_name, measuring_herd, food_group_id, image, image_caption) VALUES ('50', 'Baking powder', 'teaspoon', '9', 'https://dummyimage.com/95x9', 'Multi-tiered intermediate flexibility');

INSERT INTO nutritions_info (ingredients_id, carbonhydrates, lipids, proteins) VALUES ('1','27.9', '11.2', '17.6');
INSERT INTO nutritions_info (ingredients_id, carbonhydrates, lipids, proteins) VALUES ('2','12.4', '0.6', '15.1');
INSERT INTO nutritions_info (ingredients_id, carbonhydrates, lipids, proteins) VALUES ('3','17.5', '11.2', '13.6');
INSERT INTO nutritions_info (ingredients_id, carbonhydrates, lipids, proteins) VALUES ('4','1.7', '21.6', '13.0');
INSERT INTO nutritions_info (ingredients_id, carbonhydrates, lipids, proteins) VALUES ('5','19.2', '15.2', '21.3');
INSERT INTO nutritions_info (ingredients_id, carbonhydrates, lipids, proteins) VALUES ('6','8.9', '20.2', '5.9');
INSERT INTO nutritions_info (ingredients_id, carbonhydrates, lipids, proteins) VALUES ('7','8.5', '1.3', '10.3');
INSERT INTO nutritions_info (ingredients_id, carbonhydrates, lipids, proteins) VALUES ('8','8.2', '15.3', '5.9');
INSERT INTO nutritions_info (ingredients_id, carbonhydrates, lipids, proteins) VALUES ('9','0.6', '19.4', '17.5');
INSERT INTO nutritions_info (ingredients_id, carbonhydrates, lipids, proteins) VALUES ('10','8.7', '29.1', '22.3');
INSERT INTO nutritions_info (ingredients_id, carbonhydrates, lipids, proteins) VALUES ('11','11.8', '7.1', '20.9');
INSERT INTO nutritions_info (ingredients_id, carbonhydrates, lipids, proteins) VALUES ('12','28.8', '22.8', '20.8');
INSERT INTO nutritions_info (ingredients_id, carbonhydrates, lipids, proteins) VALUES ('13','21.3', '4.1', '3.5');
INSERT INTO nutritions_info (ingredients_id, carbonhydrates, lipids, proteins) VALUES ('14','14.7', '4.8', '1.7');
INSERT INTO nutritions_info (ingredients_id, carbonhydrates, lipids, proteins) VALUES ('15','4.3', '5.4', '26.6');
INSERT INTO nutritions_info (ingredients_id, carbonhydrates, lipids, proteins) VALUES ('16','26.9', '18.4', '7.8');
INSERT INTO nutritions_info (ingredients_id, carbonhydrates, lipids, proteins) VALUES ('17','25.8', '24.9', '7.6');
INSERT INTO nutritions_info (ingredients_id, carbonhydrates, lipids, proteins) VALUES ('18','3.2', '9.7', '0.8');
INSERT INTO nutritions_info (ingredients_id, carbonhydrates, lipids, proteins) VALUES ('19','7.1', '17.4', '19.7');
INSERT INTO nutritions_info (ingredients_id, carbonhydrates, lipids, proteins) VALUES ('20','29.3', '6.1', '15.3');
INSERT INTO nutritions_info (ingredients_id, carbonhydrates, lipids, proteins) VALUES ('21','17.9', '16.6', '18.7');
INSERT INTO nutritions_info (ingredients_id, carbonhydrates, lipids, proteins) VALUES ('22','0.1', '25.5', '10.7');
INSERT INTO nutritions_info (ingredients_id, carbonhydrates, lipids, proteins) VALUES ('23','3.1', '1.6', '29.6');
INSERT INTO nutritions_info (ingredients_id, carbonhydrates, lipids, proteins) VALUES ('24','8.8', '9.1', '17.2');
INSERT INTO nutritions_info (ingredients_id, carbonhydrates, lipids, proteins) VALUES ('25','22.0', '22.6', '6.1');
INSERT INTO nutritions_info (ingredients_id, carbonhydrates, lipids, proteins) VALUES ('26','4.2', '10.2', '11.4');
INSERT INTO nutritions_info (ingredients_id, carbonhydrates, lipids, proteins) VALUES ('27','25.4', '24.2', '7.9');
INSERT INTO nutritions_info (ingredients_id, carbonhydrates, lipids, proteins) VALUES ('28','19.5', '6.2', '5.5');
INSERT INTO nutritions_info (ingredients_id, carbonhydrates, lipids, proteins) VALUES ('29','29.7', '23.1', '6.4');
INSERT INTO nutritions_info (ingredients_id, carbonhydrates, lipids, proteins) VALUES ('30','22.5', '26.3', '4.6');
INSERT INTO nutritions_info (ingredients_id, carbonhydrates, lipids, proteins) VALUES ('31','24.1', '28.8', '20.1');
INSERT INTO nutritions_info (ingredients_id, carbonhydrates, lipids, proteins) VALUES ('32','18.4', '23.3', '11.5');
INSERT INTO nutritions_info (ingredients_id, carbonhydrates, lipids, proteins) VALUES ('33','2.6', '10.1', '2.5');
INSERT INTO nutritions_info (ingredients_id, carbonhydrates, lipids, proteins) VALUES ('34','22.8', '5.7', '5.5');
INSERT INTO nutritions_info (ingredients_id, carbonhydrates, lipids, proteins) VALUES ('35','10.8', '0.2', '1.1');
INSERT INTO nutritions_info (ingredients_id, carbonhydrates, lipids, proteins) VALUES ('36','18.6', '22.1', '27.0');
INSERT INTO nutritions_info (ingredients_id, carbonhydrates, lipids, proteins) VALUES ('37','4.7', '25.7', '29.1');
INSERT INTO nutritions_info (ingredients_id, carbonhydrates, lipids, proteins) VALUES ('38','10.2', '25.6', '11.7');
INSERT INTO nutritions_info (ingredients_id, carbonhydrates, lipids, proteins) VALUES ('39','16.5', '26.9', '19.6');
INSERT INTO nutritions_info (ingredients_id, carbonhydrates, lipids, proteins) VALUES ('40','26.6', '10.0', '0.3');
INSERT INTO nutritions_info (ingredients_id, carbonhydrates, lipids, proteins) VALUES ('41','14.8', '15.1', '4.0');
INSERT INTO nutritions_info (ingredients_id, carbonhydrates, lipids, proteins) VALUES ('42','16.4', '20.6', '11.4');
INSERT INTO nutritions_info (ingredients_id, carbonhydrates, lipids, proteins) VALUES ('43','15.1', '4.0', '28.0');
INSERT INTO nutritions_info (ingredients_id, carbonhydrates, lipids, proteins) VALUES ('44','21.4', '18.9', '16.4');
INSERT INTO nutritions_info (ingredients_id, carbonhydrates, lipids, proteins) VALUES ('45','26.4', '15.4', '18.2');
INSERT INTO nutritions_info (ingredients_id, carbonhydrates, lipids, proteins) VALUES ('46','15.1', '5.5', '10.0');
INSERT INTO nutritions_info (ingredients_id, carbonhydrates, lipids, proteins) VALUES ('47','24.8', '18.9', '19.3');
INSERT INTO nutritions_info (ingredients_id, carbonhydrates, lipids, proteins) VALUES ('48','29.9', '15.9', '10.5');
INSERT INTO nutritions_info (ingredients_id, carbonhydrates, lipids, proteins) VALUES ('49','14.8', '20.3', '19.6');
INSERT INTO nutritions_info (ingredients_id, carbonhydrates, lipids, proteins) VALUES ('50','26.8', '18.2', '29.9');

INSERT INTO type_meal (type_meal_id, type_meal_name, image,image_caption) VALUES ('1', 'Profound systematic workforce', 'https://placekitten.com/725/928', 'Enterprise-wide client-server budgetary ');
INSERT INTO type_meal (type_meal_id, type_meal_name, image,image_caption) VALUES ('2', 'Object-based demand-driven approach', 'https://picsum.photos/706/426', 'Seamless even-keeled protocol');
INSERT INTO type_meal (type_meal_id, type_meal_name, image,image_caption) VALUES ('3', 'Right-sized eco-centric methodology', 'https://dummyimage.com/400x831', 'Organized systemic open system');
INSERT INTO type_meal (type_meal_id, type_meal_name, image,image_caption) VALUES ('4', 'Mandatory full-range middleware', 'https://dummyimage.com/471x743', 'Team-oriented regional product');
INSERT INTO type_meal (type_meal_id, type_meal_name, image,image_caption) VALUES ('5', 'De-engineered value-added system engine', 'https://picsum.photos/411/996', 'User-friendly optimal groupware');
INSERT INTO type_meal (type_meal_id, type_meal_name, image,image_caption) VALUES ('6', 'Re-contextualized bottom-line help-desk', 'https://picsum.photos/993/277', 'Open-source user-facing moderator');
INSERT INTO type_meal (type_meal_id, type_meal_name, image,image_caption) VALUES ('7', 'Progressive solution-oriented support', 'https://dummyimage.com/43x415', 'Pre-emptive optimizing info-mediaries');
INSERT INTO type_meal (type_meal_id, type_meal_name, image,image_caption) VALUES ('8', 'Horizontal composite infrastructure', 'https://placekitten.com/833/713', 'Grass-roots cohesive infrastructure');
INSERT INTO type_meal (type_meal_id, type_meal_name, image,image_caption) VALUES ('9', 'Compatible maximized initiative', 'https://placekitten.com/683/312', 'Front-line responsive model');
INSERT INTO type_meal (type_meal_id, type_meal_name, image,image_caption) VALUES ('10', 'Function-based discrete neural-net', 'https://placekitten.com/690/37', 'Profound client-driven collaboration');

INSERT INTO ethnic (ethnic_id, country_name, image,image_caption) VALUES ('1', "Lebanon", 'https://placekitten.com/18/557', 'Assimilated system-worthy task-force');
INSERT INTO ethnic (ethnic_id, country_name, image,image_caption) VALUES ('2', "Vanuatu", 'https://dummyimage.com/62x748', 'Function-based 4thgeneration algorithm');
INSERT INTO ethnic (ethnic_id, country_name, image,image_caption) VALUES ('3', "Afghanistan", 'https://picsum.photos/194/113', 'Stand-alone cohesive migration');
INSERT INTO ethnic (ethnic_id, country_name, image,image_caption) VALUES ('4', "Zimbabwe", 'https://dummyimage.com/900x626', 'Diverse composite focus group');
INSERT INTO ethnic (ethnic_id, country_name, image,image_caption) VALUES ('5', "Qatar", 'https://picsum.photos/356/817', 'Horizontal solution-oriented open archit');
INSERT INTO ethnic (ethnic_id, country_name, image,image_caption) VALUES ('6', "Togo", 'https://placekitten.com/177/905', 'User-centric bi-directional model');
INSERT INTO ethnic (ethnic_id, country_name, image,image_caption) VALUES ('7', "Dominica", 'https://picsum.photos/431/564', 'Reduced asymmetric hub');
INSERT INTO ethnic (ethnic_id, country_name, image,image_caption) VALUES ('8', "Japan", 'https://placekitten.com/938/96', 'Integrated mission-critical process impr');
INSERT INTO ethnic (ethnic_id, country_name, image,image_caption) VALUES ('9', "Tonga", 'https://placekitten.com/66/247', 'User-centric disintermediate data-wareho');
INSERT INTO ethnic (ethnic_id, country_name, image,image_caption) VALUES ('10', "Romania", 'https://dummyimage.com/799x500', 'Programmable 4thgeneration adapter');
INSERT INTO ethnic (ethnic_id, country_name, image,image_caption) VALUES ('11', "Albania", 'https://picsum.photos/543/948', 'Cross-group explicit Local Area Network');
INSERT INTO ethnic (ethnic_id, country_name, image,image_caption) VALUES ('12', "Guam", 'https://dummyimage.com/987x569', 'Multi-tiered bandwidth-monitored artific');
INSERT INTO ethnic (ethnic_id, country_name, image,image_caption) VALUES ('13', "United Kingdom", 'https://picsum.photos/436/627', 'Networked motivating moderator');
INSERT INTO ethnic (ethnic_id, country_name, image,image_caption) VALUES ('14', "Bahamas", 'https://dummyimage.com/750x1012', 'Pre-emptive systematic utilization');
INSERT INTO ethnic (ethnic_id, country_name, image,image_caption) VALUES ('15', "Azerbaijan", 'https://picsum.photos/918/80', 'Synergistic 6thgeneration moratorium');
INSERT INTO ethnic (ethnic_id, country_name, image,image_caption) VALUES ('16', "Moldova", 'https://placekitten.com/701/710', 'Exclusive bandwidth-monitored matrices');
INSERT INTO ethnic (ethnic_id, country_name, image,image_caption) VALUES ('17', "Moldova", 'https://placekitten.com/486/848', 'Mandatory grid-enabled artificial intell');
INSERT INTO ethnic (ethnic_id, country_name, image,image_caption) VALUES ('18', "Norfolk Island", 'https://dummyimage.com/831x377', 'Decentralized leadingedge success');
INSERT INTO ethnic (ethnic_id, country_name, image,image_caption) VALUES ('19', "Ethiopia", 'https://picsum.photos/922/149', 'Ergonomic contextually-based initiative');
INSERT INTO ethnic (ethnic_id, country_name, image,image_caption) VALUES ('20', "Belarus", 'https://placekitten.com/339/796', 'Synchronized client-server adapter');
INSERT INTO ethnic (ethnic_id, country_name, image,image_caption) VALUES ('21', "Bangladesh", 'https://dummyimage.com/257x14', 'Optimized asynchronous architecture');
INSERT INTO ethnic (ethnic_id, country_name, image,image_caption) VALUES ('22', "Slovakia (Slovak Republic)", 'https://placekitten.com/344/509', 'Grass-roots analyzing help-desk');
INSERT INTO ethnic (ethnic_id, country_name, image,image_caption) VALUES ('23', "Sweden", 'https://dummyimage.com/471x356', 'Programmable systematic budgetary manage');
INSERT INTO ethnic (ethnic_id, country_name, image,image_caption) VALUES ('24', "South Africa", 'https://dummyimage.com/626x1019', 'Synergistic fresh-thinking strategy');
INSERT INTO ethnic (ethnic_id, country_name, image,image_caption) VALUES ('25', "Pakistan", 'https://picsum.photos/668/118', 'Networked multimedia matrices');
INSERT INTO ethnic (ethnic_id, country_name, image,image_caption) VALUES ('26', "Cyprus", 'https://picsum.photos/969/829', 'Ameliorated bi-directional extranet');
INSERT INTO ethnic (ethnic_id, country_name, image,image_caption) VALUES ('27', "Palau", 'https://placekitten.com/649/540', 'Centralized systemic interface');
INSERT INTO ethnic (ethnic_id, country_name, image,image_caption) VALUES ('28', "Solomon Islands", 'https://placekitten.com/921/188', 'Synergized systemic help-desk');
INSERT INTO ethnic (ethnic_id, country_name, image,image_caption) VALUES ('29', "Montenegro", 'https://dummyimage.com/541x748', 'Stand-alone actuating migration');
INSERT INTO ethnic (ethnic_id, country_name, image,image_caption) VALUES ('30', "Cambodia", 'https://placekitten.com/302/13', 'Open-source demand-driven frame');
INSERT INTO ethnic (ethnic_id, country_name, image,image_caption) VALUES ('31', "Saint Lucia", 'https://picsum.photos/185/154', 'Sharable bi-directional capacity');
INSERT INTO ethnic (ethnic_id, country_name, image,image_caption) VALUES ('32', "Haiti", 'https://placekitten.com/498/936', 'Decentralized uniform conglomeration');
INSERT INTO ethnic (ethnic_id, country_name, image,image_caption) VALUES ('33', "Uganda", 'https://picsum.photos/811/463', 'Customizable client-driven groupware');
INSERT INTO ethnic (ethnic_id, country_name, image,image_caption) VALUES ('34', "Saint Martin", 'https://picsum.photos/939/751', 'Automated asymmetric groupware');
INSERT INTO ethnic (ethnic_id, country_name, image,image_caption) VALUES ('35', "Seychelles", 'https://placekitten.com/43/527', 'Open-source attitude-oriented flexibilit');
INSERT INTO ethnic (ethnic_id, country_name, image,image_caption) VALUES ('36', "Palau", 'https://dummyimage.com/152x181', 'Synergistic contextually-based artificia');
INSERT INTO ethnic (ethnic_id, country_name, image,image_caption) VALUES ('37', "Haiti", 'https://picsum.photos/217/960', 'Grass-roots exuding complexity');
INSERT INTO ethnic (ethnic_id, country_name, image,image_caption) VALUES ('38', "Macao", 'https://dummyimage.com/543x573', 'Networked optimal middleware');
INSERT INTO ethnic (ethnic_id, country_name, image,image_caption) VALUES ('39', "Djibouti", 'https://placekitten.com/211/579', 'Front-line regional product');
INSERT INTO ethnic (ethnic_id, country_name, image,image_caption) VALUES ('40', "Brazil", 'https://dummyimage.com/176x259', 'Organic neutral analyzer');

INSERT INTO recipes (recipe_id, cooking_or_pastry, difficulty, recipe_name, recipe_description, time_preparation, time_execution, quantity, ingredients_id, ethnic_id, image, image_caption) VALUES ('1', 1, '4', 'Horizontal grid-enabled initiative', 'Figure husband economy her generation two fall. Card why put chair skill technology value.', '3', '155', '4', '33', '1', 'https://dummyimage.com/184x286', 'Horizontal tertiary firmware');
INSERT INTO recipes (recipe_id, cooking_or_pastry, difficulty, recipe_name, recipe_description, time_preparation, time_execution, quantity, ingredients_id, ethnic_id, image, image_caption) VALUES ('2', 0, '3', 'Synergistic responsive challenge', 'Heart join seat east adult ready. Wall military box.', '2', '45', '3', '47', '2', 'https://placekitten.com/891/609', 'Stand-alone web-enabled secured line');
INSERT INTO recipes (recipe_id, cooking_or_pastry, difficulty, recipe_name, recipe_description, time_preparation, time_execution, quantity, ingredients_id, ethnic_id, image, image_caption) VALUES ('3', 1, '4', 'Multi-tiered 24/7 array', 'Control share want read apply traditional. Pull thus door east citizen perhaps suffer.', '1', '100', '3', '18', '3', 'https://dummyimage.com/104x921', 'Decentralized multi-state intranet');
INSERT INTO recipes (recipe_id, cooking_or_pastry, difficulty, recipe_name, recipe_description, time_preparation, time_execution, quantity, ingredients_id, ethnic_id, image, image_caption) VALUES ('4', 1, '3', 'Balanced dedicated collaboration', 'Common detail say possible fact. Involve edge approach news medical another. Now member during movement really.', '10', '135', '2', '24', '4', 'https://placekitten.com/911/388', 'Managed hybrid functionalities');
INSERT INTO recipes (recipe_id, cooking_or_pastry, difficulty, recipe_name, recipe_description, time_preparation, time_execution, quantity, ingredients_id, ethnic_id, image, image_caption) VALUES ('5', 0, '2', 'Future-proofed grid-enabled function', 'New able main.', '8', '145', '2', '15', '5', 'https://dummyimage.com/73x315', 'Quality-focused executive algorithm');
INSERT INTO recipes (recipe_id, cooking_or_pastry, difficulty, recipe_name, recipe_description, time_preparation, time_execution, quantity, ingredients_id, ethnic_id, image, image_caption) VALUES ('6', 0, '3', 'User-centric scalable algorithm', 'Week little call reason. Various their start race nothing probably. Argue rate look level.', '7', '55', '2', '25', '6', 'https://picsum.photos/845/712', 'Up-sized 5thgeneration adapter');
INSERT INTO recipes (recipe_id, cooking_or_pastry, difficulty, recipe_name, recipe_description, time_preparation, time_execution, quantity, ingredients_id, ethnic_id, image, image_caption) VALUES ('7', 0, '2', 'Up-sized explicit hierarchy', 'Seven through final health be out ground consumer.', '9', '135', '2', '9', '7', 'https://picsum.photos/900/442', 'Cross-group interactive architecture');
INSERT INTO recipes (recipe_id, cooking_or_pastry, difficulty, recipe_name, recipe_description, time_preparation, time_execution, quantity, ingredients_id, ethnic_id, image, image_caption) VALUES ('8', 0, '5', 'Secured fault-tolerant matrices', 'Effect consumer different test south black rise use. Husband speak loss anyone just political range. Social box through part entire cup.', '3', '95', '2', '7', '8', 'https://picsum.photos/422/811', 'Programmable needs-based installation');
INSERT INTO recipes (recipe_id, cooking_or_pastry, difficulty, recipe_name, recipe_description, time_preparation, time_execution, quantity, ingredients_id, ethnic_id, image, image_caption) VALUES ('9', 1, '4', 'Synergized optimizing capability', 'Blue growth expect audience real firm letter then. Occur various amount. Grow for better catch kitchen population human.', '10', '100', '4', '6', '9', 'https://placekitten.com/538/795', 'Fundamental local methodology');
INSERT INTO recipes (recipe_id, cooking_or_pastry, difficulty, recipe_name, recipe_description, time_preparation, time_execution, quantity, ingredients_id, ethnic_id, image, image_caption) VALUES ('10', 0, '5', 'Fundamental dynamic info-mediaries', 'Themselves while drive class arm ability. Address time television standard.', '5', '45', '3', '3', '10', 'https://picsum.photos/584/824', 'Centralized transitional portal');
INSERT INTO recipes (recipe_id, cooking_or_pastry, difficulty, recipe_name, recipe_description, time_preparation, time_execution, quantity, ingredients_id, ethnic_id, image, image_caption) VALUES ('11', 0, '2', 'Programmable directional project', 'Defense what everything level former. Network head project three.', '10', '120', '2', '15', '11', 'https://placekitten.com/177/838', 'Fundamental solution-oriented software');
INSERT INTO recipes (recipe_id, cooking_or_pastry, difficulty, recipe_name, recipe_description, time_preparation, time_execution, quantity, ingredients_id, ethnic_id, image, image_caption) VALUES ('12', 0, '5', 'Configurable context-sensitive parallelism', 'Simple rather since. Cup act half affect decide science. Argue heart name certain.', '5', '85', '3', '48', '12', 'https://picsum.photos/508/496', 'Centralized mobile instruction set');
INSERT INTO recipes (recipe_id, cooking_or_pastry, difficulty, recipe_name, recipe_description, time_preparation, time_execution, quantity, ingredients_id, ethnic_id, image, image_caption) VALUES ('13', 1, '3', 'Re-engineered mobile productivity', 'Man care provide decade heart.', '1', '160', '2', '47', '13', 'https://picsum.photos/342/660', 'Virtual composite pricing structure');
INSERT INTO recipes (recipe_id, cooking_or_pastry, difficulty, recipe_name, recipe_description, time_preparation, time_execution, quantity, ingredients_id, ethnic_id, image, image_caption) VALUES ('14', 1, '4', 'Upgradable well-modulated circuit', 'Miss behavior certain get sport. Common million only give.', '2', '70', '3', '25', '14', 'https://dummyimage.com/494x743', 'Multi-layered transitional encryption');
INSERT INTO recipes (recipe_id, cooking_or_pastry, difficulty, recipe_name, recipe_description, time_preparation, time_execution, quantity, ingredients_id, ethnic_id, image, image_caption) VALUES ('15', 0, '4', 'Quality-focused secondary algorithm', 'Central moment now I animal stop. Nearly difference member rock. Message should fund reduce city will. Total prepare ever sure her performance.', '1', '55', '4', '15', '15', 'https://placekitten.com/428/420', 'User-centric high-level access');
INSERT INTO recipes (recipe_id, cooking_or_pastry, difficulty, recipe_name, recipe_description, time_preparation, time_execution, quantity, ingredients_id, ethnic_id, image, image_caption) VALUES ('16', 0, '3', 'Advanced asymmetric open architecture', 'Continue son analysis imagine his message. Well executive type industry company.', '2', '115', '4', '13', '16', 'https://dummyimage.com/251x377', 'Diverse zero-defect neural-net');
INSERT INTO recipes (recipe_id, cooking_or_pastry, difficulty, recipe_name, recipe_description, time_preparation, time_execution, quantity, ingredients_id, ethnic_id, image, image_caption) VALUES ('17', 0, '1', 'Visionary methodical focus group', 'Level hospital computer many east. First according base always increase develop.', '0', '170', '4', '12', '17', 'https://placekitten.com/138/775', 'Team-oriented systemic productivity');
INSERT INTO recipes (recipe_id, cooking_or_pastry, difficulty, recipe_name, recipe_description, time_preparation, time_execution, quantity, ingredients_id, ethnic_id, image, image_caption) VALUES ('18', 0, '5', 'User-friendly optimal function', 'Rise party free education federal trade. Discussion set then standard. Town home tree everybody evening instead.', '10', '110', '3', '16', '18', 'https://placekitten.com/545/850', 'Seamless human-resource Graphic Interfac');
INSERT INTO recipes (recipe_id, cooking_or_pastry, difficulty, recipe_name, recipe_description, time_preparation, time_execution, quantity, ingredients_id, ethnic_id, image, image_caption) VALUES ('19', 1, '1', 'Expanded tangible challenge', 'Beautiful cost certainly Mr long. Oil never they people certainly. By deal white economic they.', '9', '50', '2', '48', '19', 'https://picsum.photos/658/231', 'Extended real-time open architecture');
INSERT INTO recipes (recipe_id, cooking_or_pastry, difficulty, recipe_name, recipe_description, time_preparation, time_execution, quantity, ingredients_id, ethnic_id, image, image_caption) VALUES ('20', 0, '2', 'Expanded system-worthy frame', 'Almost threat worry. Base simple challenge stuff Mr most window let. Attention let us industry write.', '5', '85', '3', '12', '20', 'https://picsum.photos/1018/373', 'Multi-channeled client-server orchestrat');
INSERT INTO recipes (recipe_id, cooking_or_pastry, difficulty, recipe_name, recipe_description, time_preparation, time_execution, quantity, ingredients_id, ethnic_id, image, image_caption) VALUES ('21', 0, '2', 'Cross-group logistical toolset', 'Stock natural assume second piece without. Art hot best between face home.', '7', '45', '4', '29', '21', 'https://placekitten.com/108/911', 'Business-focused attitude-oriented datab');
INSERT INTO recipes (recipe_id, cooking_or_pastry, difficulty, recipe_name, recipe_description, time_preparation, time_execution, quantity, ingredients_id, ethnic_id, image, image_caption) VALUES ('22', 1, '4', 'Compatible leadingedge circuit', 'Part item source. Capital argue city able hope call sister. Page training hold try.', '6', '175', '4', '48', '22', 'https://picsum.photos/332/135', 'Reverse-engineered client-server algorit');
INSERT INTO recipes (recipe_id, cooking_or_pastry, difficulty, recipe_name, recipe_description, time_preparation, time_execution, quantity, ingredients_id, ethnic_id, image, image_caption) VALUES ('23', 1, '5', 'Public-key explicit pricing structure', 'Need parent card thought. Response phone field resource.', '7', '120', '4', '50', '23', 'https://dummyimage.com/235x464', 'Profound logistical data-warehouse');
INSERT INTO recipes (recipe_id, cooking_or_pastry, difficulty, recipe_name, recipe_description, time_preparation, time_execution, quantity, ingredients_id, ethnic_id, image, image_caption) VALUES ('24', 0, '3', 'Reactive global alliance', 'Owner vote position music mission. Budget community though crime.', '4', '150', '2', '18', '24', 'https://dummyimage.com/169x207', 'Universal disintermediate moratorium');
INSERT INTO recipes (recipe_id, cooking_or_pastry, difficulty, recipe_name, recipe_description, time_preparation, time_execution, quantity, ingredients_id, ethnic_id, image, image_caption) VALUES ('25', 1, '5', 'Profit-focused neutral frame', 'Degree brother resource check free. Team activity they view send military. Exactly evidence front scene court beyond edge say.', '8', '160', '3', '14', '25', 'https://picsum.photos/960/450', 'Multi-channeled bi-directional initiativ');
INSERT INTO recipes (recipe_id, cooking_or_pastry, difficulty, recipe_name, recipe_description, time_preparation, time_execution, quantity, ingredients_id, ethnic_id, image, image_caption) VALUES ('26', 1, '2', 'Profit-focused multi-state service-desk', 'Effort beyond later bill. Nothing major put series despite vote. Newspaper cause government when contain effect produce.', '7', '150', '2', '19', '26', 'https://dummyimage.com/1004x328', 'Reactive system-worthy Graphic Interface');
INSERT INTO recipes (recipe_id, cooking_or_pastry, difficulty, recipe_name, recipe_description, time_preparation, time_execution, quantity, ingredients_id, ethnic_id, image, image_caption) VALUES ('27', 1, '1', 'Synergized systematic pricing structure', 'Need thank month threat let question something. Dark cultural subject international myself practice able.', '0', '125', '4', '19', '27', 'https://dummyimage.com/732x231', 'Right-sized zero administration customer');
INSERT INTO recipes (recipe_id, cooking_or_pastry, difficulty, recipe_name, recipe_description, time_preparation, time_execution, quantity, ingredients_id, ethnic_id, image, image_caption) VALUES ('28', 1, '4', 'Open-architected client-server initiative', 'Century decide sit parent traditional. Decision ten fire at once series. Series wish inside executive.', '0', '65', '4', '1', '28', 'https://picsum.photos/243/338', 'Universal zero tolerance alliance');
INSERT INTO recipes (recipe_id, cooking_or_pastry, difficulty, recipe_name, recipe_description, time_preparation, time_execution, quantity, ingredients_id, ethnic_id, image, image_caption) VALUES ('29', 0, '2', 'Multi-channeled neutral throughput', 'Blue though indeed figure be suffer.', '7', '175', '2', '50', '29', 'https://dummyimage.com/66x389', 'Diverse real-time capacity');
INSERT INTO recipes (recipe_id, cooking_or_pastry, difficulty, recipe_name, recipe_description, time_preparation, time_execution, quantity, ingredients_id, ethnic_id, image, image_caption) VALUES ('30', 1, '5', 'Stand-alone discrete firmware', 'Teacher money civil set modern forget. Yeah water manager today contain share themselves cultural. What through accept arm.', '10', '175', '2', '24', '30', 'https://dummyimage.com/67x446', 'Organic incremental extranet');
INSERT INTO recipes (recipe_id, cooking_or_pastry, difficulty, recipe_name, recipe_description, time_preparation, time_execution, quantity, ingredients_id, ethnic_id, image, image_caption) VALUES ('31', 0, '5', 'Devolved reciprocal moderator', 'Short data participant car population ground main. Talk significant list situation food. Mr hit movie score with plant simple.', '10', '120', '3', '7', '31', 'https://placekitten.com/859/432', 'Cloned homogeneous circuit');
INSERT INTO recipes (recipe_id, cooking_or_pastry, difficulty, recipe_name, recipe_description, time_preparation, time_execution, quantity, ingredients_id, ethnic_id, image, image_caption) VALUES ('32', 1, '1', 'Enterprise-wide eco-centric intranet', 'Politics reveal ability likely. Big religious establish performance them already compare. Serious term contain beat leg cup learn. Anyone upon center network environmental.', '7', '70', '4', '16', '32', 'https://picsum.photos/483/590', 'Persevering well-modulated archive');
INSERT INTO recipes (recipe_id, cooking_or_pastry, difficulty, recipe_name, recipe_description, time_preparation, time_execution, quantity, ingredients_id, ethnic_id, image, image_caption) VALUES ('33', 1, '3', 'Horizontal web-enabled groupware', 'Partner go check. Manager something environmental traditional family this edge will. Enter easy form by site.', '9', '115', '3', '49', '33', 'https://dummyimage.com/347x437', 'Automated hybrid info-mediaries');
INSERT INTO recipes (recipe_id, cooking_or_pastry, difficulty, recipe_name, recipe_description, time_preparation, time_execution, quantity, ingredients_id, ethnic_id, image, image_caption) VALUES ('34', 1, '3', 'Optional encompassing emulation', 'Act heavy family especially road. Family practice let hour.', '10', '35', '4', '10', '34', 'https://dummyimage.com/734x58', 'Seamless explicit portal');
INSERT INTO recipes (recipe_id, cooking_or_pastry, difficulty, recipe_name, recipe_description, time_preparation, time_execution, quantity, ingredients_id, ethnic_id, image, image_caption) VALUES ('35', 1, '1', 'Fully-configurable asynchronous benchmark', 'Build watch local support sort. Talk tell adult pick. Personal form anyone young.', '0', '85', '4', '24', '35', 'https://picsum.photos/494/318', 'Enterprise-wide cohesive leverage');
INSERT INTO recipes (recipe_id, cooking_or_pastry, difficulty, recipe_name, recipe_description, time_preparation, time_execution, quantity, ingredients_id, ethnic_id, image, image_caption) VALUES ('36', 1, '3', 'Exclusive multi-tasking matrices', 'Worry really wonder may strong. Then organization window degree.', '7', '170', '2', '20', '36', 'https://picsum.photos/411/809', 'Extended exuding flexibility');
INSERT INTO recipes (recipe_id, cooking_or_pastry, difficulty, recipe_name, recipe_description, time_preparation, time_execution, quantity, ingredients_id, ethnic_id, image, image_caption) VALUES ('37', 0, '3', 'Visionary multimedia groupware', 'Herself fine address once appear face.', '0', '140', '4', '19', '37', 'https://placekitten.com/18/115', 'Customer-focused local Local Area Networ');
INSERT INTO recipes (recipe_id, cooking_or_pastry, difficulty, recipe_name, recipe_description, time_preparation, time_execution, quantity, ingredients_id, ethnic_id, image, image_caption) VALUES ('38', 1, '4', 'Multi-lateral homogeneous pricing structure', 'Vote process whatever growth eight bed artist. Common southern before minute go method drive. Authority quite before. Range police forget method religious this.', '4', '100', '3', '32', '38', 'https://dummyimage.com/160x279', 'Re-contextualized background circuit');
INSERT INTO recipes (recipe_id, cooking_or_pastry, difficulty, recipe_name, recipe_description, time_preparation, time_execution, quantity, ingredients_id, ethnic_id, image, image_caption) VALUES ('39', 1, '1', 'Networked zero-defect infrastructure', 'Appear friend traditional performance newspaper deal. Somebody minute seat western. Lot technology among prepare why actually. Notice ahead according health.', '7', '140', '3', '9', '39', 'https://placekitten.com/561/758', 'Networked needs-based attitude');
INSERT INTO recipes (recipe_id, cooking_or_pastry, difficulty, recipe_name, recipe_description, time_preparation, time_execution, quantity, ingredients_id, ethnic_id, image, image_caption) VALUES ('40', 0, '3', 'Focused systematic concept', 'According for operation clearly knowledge coach garden. Possible everybody option season today bank. Police everything whom product.', '9', '145', '3', '31', '40', 'https://picsum.photos/560/765', 'Synergized actuating instruction set');
INSERT INTO recipes (recipe_id, cooking_or_pastry, difficulty, recipe_name, recipe_description, time_preparation, time_execution, quantity, ingredients_id, ethnic_id, image, image_caption) VALUES ('41', 1, '2', 'Profound 3rdgeneration help-desk', 'Public foot school. Enough room effort here former for option. Current energy ago rich.', '8', '160', '4', '38', '12', 'https://dummyimage.com/437x257', 'Synchronized logistical Graphical User I');
INSERT INTO recipes (recipe_id, cooking_or_pastry, difficulty, recipe_name, recipe_description, time_preparation, time_execution, quantity, ingredients_id, ethnic_id, image, image_caption) VALUES ('42', 0, '5', 'De-engineered object-oriented approach', 'Happy red author box available third. Hear key on rise eat hundred world media.', '0', '50', '4', '43', '20', 'https://placekitten.com/816/862', 'Re-engineered discrete task-force');
INSERT INTO recipes (recipe_id, cooking_or_pastry, difficulty, recipe_name, recipe_description, time_preparation, time_execution, quantity, ingredients_id, ethnic_id, image, image_caption) VALUES ('43', 0, '2', 'Exclusive upward-trending installation', 'Take myself street parent. For decide summer perhaps agent kind. Other offer benefit maybe firm.', '10', '130', '3', '13', '8', 'https://dummyimage.com/363x512', 'Vision-oriented needs-based interface');
INSERT INTO recipes (recipe_id, cooking_or_pastry, difficulty, recipe_name, recipe_description, time_preparation, time_execution, quantity, ingredients_id, ethnic_id, image, image_caption) VALUES ('44', 0, '1', 'Centralized real-time matrices', 'Bag respond send. Name by green language detail reveal. Agree ability often site.', '7', '80', '3', '21', '2', 'https://placekitten.com/37/581', 'Monitored discrete challenge');
INSERT INTO recipes (recipe_id, cooking_or_pastry, difficulty, recipe_name, recipe_description, time_preparation, time_execution, quantity, ingredients_id, ethnic_id, image, image_caption) VALUES ('45', 0, '1', 'Configurable zero administration encryption', 'Hot customer theory majority memory these mention. Continue force fast suddenly bank decade.', '2', '175', '3', '41', '20', 'https://dummyimage.com/899x207', 'Organic empowering database');
INSERT INTO recipes (recipe_id, cooking_or_pastry, difficulty, recipe_name, recipe_description, time_preparation, time_execution, quantity, ingredients_id, ethnic_id, image, image_caption) VALUES ('46', 0, '1', 'Universal analyzing process improvement', 'Size trouble task issue write view. Feeling economy respond investment song.', '3', '110', '3', '6', '27', 'https://picsum.photos/208/527', 'Reduced scalable framework');
INSERT INTO recipes (recipe_id, cooking_or_pastry, difficulty, recipe_name, recipe_description, time_preparation, time_execution, quantity, ingredients_id, ethnic_id, image, image_caption) VALUES ('47', 0, '1', 'Compatible value-added paradigm', 'Rock spend consider think ask fear also. Likely long item fear start news. Voice situation practice successful thank.', '10', '50', '4', '33', '13', 'https://dummyimage.com/625x110', 'Function-based systematic software');
INSERT INTO recipes (recipe_id, cooking_or_pastry, difficulty, recipe_name, recipe_description, time_preparation, time_execution, quantity, ingredients_id, ethnic_id, image, image_caption) VALUES ('48', 1, '4', 'Integrated even-keeled functionalities', 'Blue assume seven skin our. Affect enough player work else team.', '1', '135', '4', '10', '5', 'https://picsum.photos/752/99', 'Mandatory exuding website');
INSERT INTO recipes (recipe_id, cooking_or_pastry, difficulty, recipe_name, recipe_description, time_preparation, time_execution, quantity, ingredients_id, ethnic_id, image, image_caption) VALUES ('49', 0, '3', 'Advanced exuding access', 'President experience hundred. Great including ground read usually capital strong. Why investment boy factor.', '9', '140', '4', '4', '17', 'https://picsum.photos/679/1004', 'Universal dedicated definition');
INSERT INTO recipes (recipe_id, cooking_or_pastry, difficulty, recipe_name, recipe_description, time_preparation, time_execution, quantity, ingredients_id, ethnic_id, image, image_caption) VALUES ('50', 1, '2', 'Reverse-engineered 5thgeneration process improvement', 'Draw purpose gun act trial kid culture. Common run recently wall.', '0', '100', '2', '50', '32', 'https://placekitten.com/827/909', 'Grass-roots needs-based database');
INSERT INTO recipes (recipe_id, cooking_or_pastry, difficulty, recipe_name, recipe_description, time_preparation, time_execution, quantity, ingredients_id, ethnic_id, image, image_caption) VALUES ('51', 1, '2', 'Seamless dynamic array', 'Small artist field personal son. Game better decade her. Popular likely service green someone later treatment what.', '3', '40', '3', '45', '20', 'https://dummyimage.com/809x285', 'Re-contextualized national methodology');
INSERT INTO recipes (recipe_id, cooking_or_pastry, difficulty, recipe_name, recipe_description, time_preparation, time_execution, quantity, ingredients_id, ethnic_id, image, image_caption) VALUES ('52', 1, '3', 'Ameliorated impactful website', 'Financial sometimes man team much police.', '8', '100', '4', '2', '26', 'https://picsum.photos/161/892', 'Proactive needs-based installation');
INSERT INTO recipes (recipe_id, cooking_or_pastry, difficulty, recipe_name, recipe_description, time_preparation, time_execution, quantity, ingredients_id, ethnic_id, image, image_caption) VALUES ('53', 0, '2', 'Cloned homogeneous analyzer', 'Five good result trial mention grow dog. About without material meet.', '3', '55', '4', '50', '32', 'https://dummyimage.com/168x940', 'Networked dedicated Graphic Interface');
INSERT INTO recipes (recipe_id, cooking_or_pastry, difficulty, recipe_name, recipe_description, time_preparation, time_execution, quantity, ingredients_id, ethnic_id, image, image_caption) VALUES ('54', 0, '3', 'Public-key intangible approach', 'Son continue significant general its. Huge know minute.', '3', '50', '3', '23', '33', 'https://dummyimage.com/687x353', 'Organic responsive complexity');
INSERT INTO recipes (recipe_id, cooking_or_pastry, difficulty, recipe_name, recipe_description, time_preparation, time_execution, quantity, ingredients_id, ethnic_id, image, image_caption) VALUES ('55', 1, '4', 'Mandatory fresh-thinking instruction set', 'Weight edge size carry. Nice local while skin another likely. Meet past every good teach.', '9', '120', '4', '9', '40', 'https://picsum.photos/527/252', 'Diverse actuating algorithm');
INSERT INTO recipes (recipe_id, cooking_or_pastry, difficulty, recipe_name, recipe_description, time_preparation, time_execution, quantity, ingredients_id, ethnic_id, image, image_caption) VALUES ('56', 0, '4', 'Configurable reciprocal definition', 'Decide we movie these summer cup. Trial nothing once skin assume section understand that. Skill anyone practice technology appear future.', '1', '85', '4', '22', '40', 'https://picsum.photos/169/74', 'Realigned coherent matrices');
INSERT INTO recipes (recipe_id, cooking_or_pastry, difficulty, recipe_name, recipe_description, time_preparation, time_execution, quantity, ingredients_id, ethnic_id, image, image_caption) VALUES ('57', 0, '5', 'Team-oriented local leverage', 'Kid major arm member. Trial girl stock possible bed old. Left approach degree last. The sell under indeed scientist recently.', '3', '85', '3', '47', '39', 'https://picsum.photos/622/167', 'Secured multi-state collaboration');
INSERT INTO recipes (recipe_id, cooking_or_pastry, difficulty, recipe_name, recipe_description, time_preparation, time_execution, quantity, ingredients_id, ethnic_id, image, image_caption) VALUES ('58', 0, '3', 'Balanced methodical focus group', 'Simple mean owner the himself likely argue. Avoid customer accept particularly his hit. Into simply vote itself hear both.', '2', '170', '3', '5', '29', 'https://dummyimage.com/569x433', 'Ameliorated reciprocal productivity');
INSERT INTO recipes (recipe_id, cooking_or_pastry, difficulty, recipe_name, recipe_description, time_preparation, time_execution, quantity, ingredients_id, ethnic_id, image, image_caption) VALUES ('59', 1, '5', 'Enterprise-wide maximized implementation', 'Save as politics three second law. Hear future stuff former anyone all.', '2', '90', '4', '39', '26', 'https://dummyimage.com/592x827', 'Persistent discrete Graphic Interface');
INSERT INTO recipes (recipe_id, cooking_or_pastry, difficulty, recipe_name, recipe_description, time_preparation, time_execution, quantity, ingredients_id, ethnic_id, image, image_caption) VALUES ('60', 0, '3', 'Object-based systemic migration', 'Arm manager between. Attorney word maintain nature very deep environment.', '6', '120', '3', '8', '8', 'https://placekitten.com/36/565', 'Re-engineered mobile frame');
INSERT INTO recipes (recipe_id, cooking_or_pastry, difficulty, recipe_name, recipe_description, time_preparation, time_execution, quantity, ingredients_id, ethnic_id, image, image_caption) VALUES ('61', 1, '4', 'Mandatory real-time installation', 'Thank than discuss reach seven thank. Ball citizen than recently democratic. Certain news research glass actually hour.', '6', '30', '3', '22', '36', 'https://placekitten.com/349/73', 'Balanced systemic support');
INSERT INTO recipes (recipe_id, cooking_or_pastry, difficulty, recipe_name, recipe_description, time_preparation, time_execution, quantity, ingredients_id, ethnic_id, image, image_caption) VALUES ('62', 0, '1', 'Persevering scalable success', 'Game show social of defense check. About begin region hot. Kid to decide while new.', '0', '155', '3', '24', '31', 'https://dummyimage.com/55x566', 'Synchronized fresh-thinking process impr');
INSERT INTO recipes (recipe_id, cooking_or_pastry, difficulty, recipe_name, recipe_description, time_preparation, time_execution, quantity, ingredients_id, ethnic_id, image, image_caption) VALUES ('63', 0, '5', 'Multi-channeled asynchronous portal', 'Modern cause change serious evidence wish writer. Pull might customer finish law south million born. Happen happen major central series.', '2', '55', '2', '29', '18', 'https://picsum.photos/734/154', 'Reverse-engineered mobile challenge');
INSERT INTO recipes (recipe_id, cooking_or_pastry, difficulty, recipe_name, recipe_description, time_preparation, time_execution, quantity, ingredients_id, ethnic_id, image, image_caption) VALUES ('64', 0, '5', 'Pre-emptive impactful ability', 'Similar wife improve agent try. Create husband entire ground something parent perhaps. Too approach music cup deal travel party drop.', '0', '80', '2', '41', '5', 'https://placekitten.com/113/106', 'Fully-configurable mobile installation');
INSERT INTO recipes (recipe_id, cooking_or_pastry, difficulty, recipe_name, recipe_description, time_preparation, time_execution, quantity, ingredients_id, ethnic_id, image, image_caption) VALUES ('65', 0, '3', 'Team-oriented non-volatile capability', 'Light and right house table leader. Myself deal here plant including dinner want. Opportunity decision wonder toward strategy weight growth cup.', '5', '125', '4', '21', '32', 'https://placekitten.com/256/441', 'Horizontal reciprocal collaboration');
INSERT INTO recipes (recipe_id, cooking_or_pastry, difficulty, recipe_name, recipe_description, time_preparation, time_execution, quantity, ingredients_id, ethnic_id, image, image_caption) VALUES ('66', 0, '4', 'Visionary modular database', 'Toward recently significant bed. Scientist side up. Political attack high church language.', '4', '45', '3', '30', '38', 'https://placekitten.com/883/188', 'Intuitive analyzing synergy');
INSERT INTO recipes (recipe_id, cooking_or_pastry, difficulty, recipe_name, recipe_description, time_preparation, time_execution, quantity, ingredients_id, ethnic_id, image, image_caption) VALUES ('67', 0, '5', 'Advanced upward-trending attitude', 'Include two science end imagine. Couple why leg success. Democratic pretty development cause above morning hospital above.', '10', '40', '4', '50', '33', 'https://placekitten.com/599/435', 'Inverse global conglomeration');
INSERT INTO recipes (recipe_id, cooking_or_pastry, difficulty, recipe_name, recipe_description, time_preparation, time_execution, quantity, ingredients_id, ethnic_id, image, image_caption) VALUES ('68', 1, '4', 'Total client-server focus group', 'Blood suggest movie prove pretty throw together. Every easy face piece believe.', '8', '150', '4', '11', '8', 'https://placekitten.com/279/783', 'Versatile uniform complexity');
INSERT INTO recipes (recipe_id, cooking_or_pastry, difficulty, recipe_name, recipe_description, time_preparation, time_execution, quantity, ingredients_id, ethnic_id, image, image_caption) VALUES ('69', 0, '3', 'User-friendly motivating utilization', 'Support fall although professor black. Its teacher between develop trouble phone tend. Consumer response begin reflect true new beat.', '4', '175', '4', '26', '40', 'https://picsum.photos/781/108', 'Optimized attitude-oriented initiative');
INSERT INTO recipes (recipe_id, cooking_or_pastry, difficulty, recipe_name, recipe_description, time_preparation, time_execution, quantity, ingredients_id, ethnic_id, image, image_caption) VALUES ('70', 0, '4', 'Multi-lateral radical forecast', 'Weight sound box south rate admit whom. Late east alone white human natural natural.', '8', '75', '3', '11', '23', 'https://placekitten.com/142/945', 'Visionary next generation groupware');
INSERT INTO recipes (recipe_id, cooking_or_pastry, difficulty, recipe_name, recipe_description, time_preparation, time_execution, quantity, ingredients_id, ethnic_id, image, image_caption) VALUES ('71', 1, '5', 'Horizontal system-worthy portal', 'Place better culture rich stock consumer. Around treat likely.', '0', '130', '4', '18', '5', 'https://picsum.photos/3/952', 'Face-to-face web-enabled neural-net');
INSERT INTO recipes (recipe_id, cooking_or_pastry, difficulty, recipe_name, recipe_description, time_preparation, time_execution, quantity, ingredients_id, ethnic_id, image, image_caption) VALUES ('72', 0, '5', 'Open-source stable productivity', 'Oil machine yourself group technology. Difficult keep myself carry you fast suddenly next. Suddenly name song security treatment southern.', '7', '140', '3', '45', '13', 'https://placekitten.com/444/933', 'Monitored 5thgeneration function');
INSERT INTO recipes (recipe_id, cooking_or_pastry, difficulty, recipe_name, recipe_description, time_preparation, time_execution, quantity, ingredients_id, ethnic_id, image, image_caption) VALUES ('73', 1, '5', 'Fully-configurable high-level collaboration', 'Two knowledge data defense. Move position them box method care create.', '1', '45', '4', '19', '5', 'https://dummyimage.com/780x321', 'Ergonomic holistic complexity');
INSERT INTO recipes (recipe_id, cooking_or_pastry, difficulty, recipe_name, recipe_description, time_preparation, time_execution, quantity, ingredients_id, ethnic_id, image, image_caption) VALUES ('74', 0, '4', 'Enhanced national Graphical User Interface', 'Family water green him. Evening it stock drop sure.', '1', '170', '2', '12', '12', 'https://picsum.photos/88/265', 'Proactive motivating array');
INSERT INTO recipes (recipe_id, cooking_or_pastry, difficulty, recipe_name, recipe_description, time_preparation, time_execution, quantity, ingredients_id, ethnic_id, image, image_caption) VALUES ('75', 1, '3', 'Universal intermediate website', 'Citizen education including they how like. Production control member bit American value.', '9', '90', '4', '13', '29', 'https://dummyimage.com/170x539', 'Ergonomic radical installation');
INSERT INTO recipes (recipe_id, cooking_or_pastry, difficulty, recipe_name, recipe_description, time_preparation, time_execution, quantity, ingredients_id, ethnic_id, image, image_caption) VALUES ('76', 0, '4', 'Cross-group empowering info-mediaries', 'Establish second onto effort tax. Position need just about forward laugh. Eye red draw.', '0', '160', '3', '20', '8', 'https://dummyimage.com/386x520', 'Configurable regional knowledgebase');
INSERT INTO recipes (recipe_id, cooking_or_pastry, difficulty, recipe_name, recipe_description, time_preparation, time_execution, quantity, ingredients_id, ethnic_id, image, image_caption) VALUES ('77', 1, '5', 'Cloned optimizing benchmark', 'Foot school teach fear near begin bed. Let back difficult think.', '0', '175', '2', '29', '24', 'https://dummyimage.com/642x672', 'Function-based didactic approach');
INSERT INTO recipes (recipe_id, cooking_or_pastry, difficulty, recipe_name, recipe_description, time_preparation, time_execution, quantity, ingredients_id, ethnic_id, image, image_caption) VALUES ('78', 1, '3', 'Open-architected multi-tasking customer loyalty', 'Detail while sense picture nearly. Line physical medical tend.', '1', '55', '2', '32', '28', 'https://dummyimage.com/389x30', 'Optional background Graphical User Inter');
INSERT INTO recipes (recipe_id, cooking_or_pastry, difficulty, recipe_name, recipe_description, time_preparation, time_execution, quantity, ingredients_id, ethnic_id, image, image_caption) VALUES ('79', 1, '1', 'Advanced clear-thinking collaboration', 'Dream everyone person receive minute. Enough time history. Painting around newspaper save sport.', '2', '35', '3', '9', '25', 'https://picsum.photos/536/458', 'Mandatory mission-critical application');
INSERT INTO recipes (recipe_id, cooking_or_pastry, difficulty, recipe_name, recipe_description, time_preparation, time_execution, quantity, ingredients_id, ethnic_id, image, image_caption) VALUES ('80', 1, '3', 'Multi-layered 4thgeneration moratorium', 'Year amount project sea force painting. Interview art animal health unit plant above everybody. Note set marriage dinner all movement. Court arrive behavior own.', '10', '160', '4', '28', '39', 'https://placekitten.com/537/513', 'Multi-lateral dynamic frame');
INSERT INTO recipes (recipe_id, cooking_or_pastry, difficulty, recipe_name, recipe_description, time_preparation, time_execution, quantity, ingredients_id, ethnic_id, image, image_caption) VALUES ('81', 0, '4', 'Open-source 24/7 paradigm', 'Audience ability executive end especially difficult clear amount. Protect former economy ball material ball they. Every list garden represent.', '7', '135', '2', '50', '5', 'https://dummyimage.com/221x523', 'Mandatory empowering artificial intellig');
INSERT INTO recipes (recipe_id, cooking_or_pastry, difficulty, recipe_name, recipe_description, time_preparation, time_execution, quantity, ingredients_id, ethnic_id, image, image_caption) VALUES ('82', 0, '2', 'Realigned intangible utilization', 'Bill people dog no. Voice policy style however. Share even rock west above check beat.', '7', '80', '3', '39', '36', 'https://picsum.photos/240/813', 'Automated empowering synergy');
INSERT INTO recipes (recipe_id, cooking_or_pastry, difficulty, recipe_name, recipe_description, time_preparation, time_execution, quantity, ingredients_id, ethnic_id, image, image_caption) VALUES ('83', 0, '2', 'Virtual intermediate access', 'Range player southern moment. Memory than less outside. Enter case force ground use.', '8', '30', '3', '24', '6', 'https://picsum.photos/85/531', 'Future-proofed exuding core');
INSERT INTO recipes (recipe_id, cooking_or_pastry, difficulty, recipe_name, recipe_description, time_preparation, time_execution, quantity, ingredients_id, ethnic_id, image, image_caption) VALUES ('84', 0, '5', 'Assimilated multi-tasking extranet', 'Choice much car for size. Network drop much book. Speak top prove cut industry building join model. Place food modern budget hospital.', '5', '170', '3', '47', '20', 'https://picsum.photos/410/206', 'Multi-layered non-volatile interface');
INSERT INTO recipes (recipe_id, cooking_or_pastry, difficulty, recipe_name, recipe_description, time_preparation, time_execution, quantity, ingredients_id, ethnic_id, image, image_caption) VALUES ('85', 0, '2', 'Switchable intangible data-warehouse', 'Alone us concern significant.', '6', '30', '4', '7', '10', 'https://dummyimage.com/923x467', 'Object-based logistical throughput');
INSERT INTO recipes (recipe_id, cooking_or_pastry, difficulty, recipe_name, recipe_description, time_preparation, time_execution, quantity, ingredients_id, ethnic_id, image, image_caption) VALUES ('86', 0, '1', 'Mandatory 24hour analyzer', 'Some process finally candidate. Bill daughter appear federal think all former.', '2', '65', '3', '19', '35', 'https://dummyimage.com/735x310', 'Fundamental disintermediate synergy');
INSERT INTO recipes (recipe_id, cooking_or_pastry, difficulty, recipe_name, recipe_description, time_preparation, time_execution, quantity, ingredients_id, ethnic_id, image, image_caption) VALUES ('87', 1, '1', 'Assimilated dynamic application', 'Teacher bill also successful price music feel hope. Increase your tax leader alone.', '7', '100', '2', '25', '29', 'https://dummyimage.com/790x621', 'Synergistic human-resource alliance');
INSERT INTO recipes (recipe_id, cooking_or_pastry, difficulty, recipe_name, recipe_description, time_preparation, time_execution, quantity, ingredients_id, ethnic_id, image, image_caption) VALUES ('88', 1, '4', 'Re-contextualized fault-tolerant Graphical User Interface', 'Condition recent daughter participant recognize. Natural spring sport at situation few.', '5', '150', '4', '15', '20', 'https://placekitten.com/535/544', 'Upgradable needs-based moderator');
INSERT INTO recipes (recipe_id, cooking_or_pastry, difficulty, recipe_name, recipe_description, time_preparation, time_execution, quantity, ingredients_id, ethnic_id, image, image_caption) VALUES ('89', 0, '5', 'Decentralized multimedia time-frame', 'Home education painting half arm national. Among who try he all. Sometimes position mission.', '10', '55', '2', '36', '40', 'https://picsum.photos/311/350', 'Centralized transitional attitude');
INSERT INTO recipes (recipe_id, cooking_or_pastry, difficulty, recipe_name, recipe_description, time_preparation, time_execution, quantity, ingredients_id, ethnic_id, image, image_caption) VALUES ('90', 1, '4', 'Realigned analyzing moderator', 'Fire into politics stay tree campaign evening. Agree man technology. Director quite fight expert born.', '0', '95', '4', '24', '3', 'https://dummyimage.com/60x395', 'Sharable 24hour framework');
INSERT INTO recipes (recipe_id, cooking_or_pastry, difficulty, recipe_name, recipe_description, time_preparation, time_execution, quantity, ingredients_id, ethnic_id, image, image_caption) VALUES ('91', 0, '5', 'Expanded object-oriented forecast', 'Manager building newspaper shake list eye sound. Nor president point up dream education.', '1', '165', '3', '4', '33', 'https://placekitten.com/249/164', 'Phased contextually-based functionalitie');
INSERT INTO recipes (recipe_id, cooking_or_pastry, difficulty, recipe_name, recipe_description, time_preparation, time_execution, quantity, ingredients_id, ethnic_id, image, image_caption) VALUES ('92', 0, '1', 'Optional systemic focus group', 'Back concern family almost else. Before mouth pick compare figure speech although. Only wind still couple game seek participant.', '1', '110', '2', '16', '24', 'https://dummyimage.com/532x427', 'Digitized explicit ability');
INSERT INTO recipes (recipe_id, cooking_or_pastry, difficulty, recipe_name, recipe_description, time_preparation, time_execution, quantity, ingredients_id, ethnic_id, image, image_caption) VALUES ('93', 1, '5', 'Persevering national forecast', 'Speech do wonder lose reveal. Affect admit data we child decision American.', '10', '165', '3', '6', '16', 'https://picsum.photos/819/264', 'Distributed multi-state service-desk');
INSERT INTO recipes (recipe_id, cooking_or_pastry, difficulty, recipe_name, recipe_description, time_preparation, time_execution, quantity, ingredients_id, ethnic_id, image, image_caption) VALUES ('94', 0, '5', 'Expanded full-range encryption', 'Customer camera both summer. Once international however traditional usually visit help.', '3', '100', '2', '41', '27', 'https://picsum.photos/758/743', 'Re-contextualized zero administration in');
INSERT INTO recipes (recipe_id, cooking_or_pastry, difficulty, recipe_name, recipe_description, time_preparation, time_execution, quantity, ingredients_id, ethnic_id, image, image_caption) VALUES ('95', 0, '2', 'Implemented bandwidth-monitored capacity', 'Paper minute traditional something table. Where these study three others have. Happy increase tough player market board.', '0', '55', '3', '21', '10', 'https://placekitten.com/152/995', 'Visionary contextually-based productivit');
INSERT INTO recipes (recipe_id, cooking_or_pastry, difficulty, recipe_name, recipe_description, time_preparation, time_execution, quantity, ingredients_id, ethnic_id, image, image_caption) VALUES ('96', 1, '2', 'Multi-lateral interactive pricing structure', 'Arm outside choose recent recognize require director. Admit what couple fire book.', '0', '110', '3', '33', '25', 'https://picsum.photos/747/220', 'Realigned 24hour knowledgebase');
INSERT INTO recipes (recipe_id, cooking_or_pastry, difficulty, recipe_name, recipe_description, time_preparation, time_execution, quantity, ingredients_id, ethnic_id, image, image_caption) VALUES ('97', 0, '5', 'Ameliorated modular product', 'Rather against guess a. Short lay environmental learn the. Receive account good there try any cover.', '5', '105', '2', '2', '18', 'https://picsum.photos/564/619', 'Organized encompassing framework');
INSERT INTO recipes (recipe_id, cooking_or_pastry, difficulty, recipe_name, recipe_description, time_preparation, time_execution, quantity, ingredients_id, ethnic_id, image, image_caption) VALUES ('98', 0, '5', 'Stand-alone explicit algorithm', 'Wide weight response understand there.', '0', '105', '4', '10', '20', 'https://placekitten.com/131/359', 'Realigned executive hub');
INSERT INTO recipes (recipe_id, cooking_or_pastry, difficulty, recipe_name, recipe_description, time_preparation, time_execution, quantity, ingredients_id, ethnic_id, image, image_caption) VALUES ('99', 0, '1', 'Focused fault-tolerant encryption', 'Admit account operation bring.', '2', '40', '4', '34', '39', 'https://dummyimage.com/519x227', 'Digitized bandwidth-monitored artificial');
INSERT INTO recipes (recipe_id, cooking_or_pastry, difficulty, recipe_name, recipe_description, time_preparation, time_execution, quantity, ingredients_id, ethnic_id, image, image_caption) VALUES ('100', 0, '3', 'Programmable systematic website', 'Catch bill stage best pick Mr stuff option. First evidence describe. Maintain value career ready to.', '4', '140', '4', '43', '17', 'https://placekitten.com/334/761', 'Focused intangible encryption');

INSERT INTO recipes_ingredients (ingredients_id, recipe_id, quantity) VALUES ('33','1', '60');
INSERT INTO recipes_ingredients (ingredients_id, recipe_id, quantity) VALUES ('47','2', '78');
INSERT INTO recipes_ingredients (ingredients_id, recipe_id, quantity) VALUES ('18','3', '92');
INSERT INTO recipes_ingredients (ingredients_id, recipe_id, quantity) VALUES ('24','4', '9');
INSERT INTO recipes_ingredients (ingredients_id, recipe_id, quantity) VALUES ('15','5', '79');
INSERT INTO recipes_ingredients (ingredients_id, recipe_id, quantity) VALUES ('25','6', '52');
INSERT INTO recipes_ingredients (ingredients_id, recipe_id, quantity) VALUES ('9','7', '6');
INSERT INTO recipes_ingredients (ingredients_id, recipe_id, quantity) VALUES ('7','8', '38');
INSERT INTO recipes_ingredients (ingredients_id, recipe_id, quantity) VALUES ('6','9', '89');
INSERT INTO recipes_ingredients (ingredients_id, recipe_id, quantity) VALUES ('3','10', '16');
INSERT INTO recipes_ingredients (ingredients_id, recipe_id, quantity) VALUES ('15','11', '53');
INSERT INTO recipes_ingredients (ingredients_id, recipe_id, quantity) VALUES ('48','12', '4');
INSERT INTO recipes_ingredients (ingredients_id, recipe_id, quantity) VALUES ('47','13', '79');
INSERT INTO recipes_ingredients (ingredients_id, recipe_id, quantity) VALUES ('25','14', '83');
INSERT INTO recipes_ingredients (ingredients_id, recipe_id, quantity) VALUES ('15','15', '60');
INSERT INTO recipes_ingredients (ingredients_id, recipe_id, quantity) VALUES ('13','16', '72');
INSERT INTO recipes_ingredients (ingredients_id, recipe_id, quantity) VALUES ('12','17', '48');
INSERT INTO recipes_ingredients (ingredients_id, recipe_id, quantity) VALUES ('16','18', '74');
INSERT INTO recipes_ingredients (ingredients_id, recipe_id, quantity) VALUES ('48','19', '40');
INSERT INTO recipes_ingredients (ingredients_id, recipe_id, quantity) VALUES ('12','20', '60');
INSERT INTO recipes_ingredients (ingredients_id, recipe_id, quantity) VALUES ('29','21', '70');
INSERT INTO recipes_ingredients (ingredients_id, recipe_id, quantity) VALUES ('48','22', '82');
INSERT INTO recipes_ingredients (ingredients_id, recipe_id, quantity) VALUES ('50','23', '29');
INSERT INTO recipes_ingredients (ingredients_id, recipe_id, quantity) VALUES ('18','24', '89');
INSERT INTO recipes_ingredients (ingredients_id, recipe_id, quantity) VALUES ('14','25', '36');
INSERT INTO recipes_ingredients (ingredients_id, recipe_id, quantity) VALUES ('19','26', '93');
INSERT INTO recipes_ingredients (ingredients_id, recipe_id, quantity) VALUES ('19','27', '14');
INSERT INTO recipes_ingredients (ingredients_id, recipe_id, quantity) VALUES ('1','28', '14');
INSERT INTO recipes_ingredients (ingredients_id, recipe_id, quantity) VALUES ('50','29', '98');
INSERT INTO recipes_ingredients (ingredients_id, recipe_id, quantity) VALUES ('24','30', '72');
INSERT INTO recipes_ingredients (ingredients_id, recipe_id, quantity) VALUES ('7','31', '29');
INSERT INTO recipes_ingredients (ingredients_id, recipe_id, quantity) VALUES ('16','32', '40');
INSERT INTO recipes_ingredients (ingredients_id, recipe_id, quantity) VALUES ('49','33', '76');
INSERT INTO recipes_ingredients (ingredients_id, recipe_id, quantity) VALUES ('10','34', '24');
INSERT INTO recipes_ingredients (ingredients_id, recipe_id, quantity) VALUES ('24','35', '100');
INSERT INTO recipes_ingredients (ingredients_id, recipe_id, quantity) VALUES ('20','36', '9');
INSERT INTO recipes_ingredients (ingredients_id, recipe_id, quantity) VALUES ('19','37', '33');
INSERT INTO recipes_ingredients (ingredients_id, recipe_id, quantity) VALUES ('32','38', '25');
INSERT INTO recipes_ingredients (ingredients_id, recipe_id, quantity) VALUES ('9','39', '84');
INSERT INTO recipes_ingredients (ingredients_id, recipe_id, quantity) VALUES ('31','40', '65');
INSERT INTO recipes_ingredients (ingredients_id, recipe_id, quantity) VALUES ('38','41', '87');
INSERT INTO recipes_ingredients (ingredients_id, recipe_id, quantity) VALUES ('43','42', '99');
INSERT INTO recipes_ingredients (ingredients_id, recipe_id, quantity) VALUES ('13','43', '55');
INSERT INTO recipes_ingredients (ingredients_id, recipe_id, quantity) VALUES ('21','44', '99');
INSERT INTO recipes_ingredients (ingredients_id, recipe_id, quantity) VALUES ('41','45', '55');
INSERT INTO recipes_ingredients (ingredients_id, recipe_id, quantity) VALUES ('6','46', '55');
INSERT INTO recipes_ingredients (ingredients_id, recipe_id, quantity) VALUES ('33','47', '19');
INSERT INTO recipes_ingredients (ingredients_id, recipe_id, quantity) VALUES ('10','48', '15');
INSERT INTO recipes_ingredients (ingredients_id, recipe_id, quantity) VALUES ('4','49', '12');
INSERT INTO recipes_ingredients (ingredients_id, recipe_id, quantity) VALUES ('50','50', '32');
INSERT INTO recipes_ingredients (ingredients_id, recipe_id, quantity) VALUES ('45','51', '19');
INSERT INTO recipes_ingredients (ingredients_id, recipe_id, quantity) VALUES ('2','52', '93');
INSERT INTO recipes_ingredients (ingredients_id, recipe_id, quantity) VALUES ('50','53', '88');
INSERT INTO recipes_ingredients (ingredients_id, recipe_id, quantity) VALUES ('23','54', '65');
INSERT INTO recipes_ingredients (ingredients_id, recipe_id, quantity) VALUES ('9','55', '74');
INSERT INTO recipes_ingredients (ingredients_id, recipe_id, quantity) VALUES ('22','56', '19');
INSERT INTO recipes_ingredients (ingredients_id, recipe_id, quantity) VALUES ('47','57', '30');
INSERT INTO recipes_ingredients (ingredients_id, recipe_id, quantity) VALUES ('5','58', '97');
INSERT INTO recipes_ingredients (ingredients_id, recipe_id, quantity) VALUES ('39','59', '2');
INSERT INTO recipes_ingredients (ingredients_id, recipe_id, quantity) VALUES ('8','60', '76');
INSERT INTO recipes_ingredients (ingredients_id, recipe_id, quantity) VALUES ('22','61', '70');
INSERT INTO recipes_ingredients (ingredients_id, recipe_id, quantity) VALUES ('24','62', '62');
INSERT INTO recipes_ingredients (ingredients_id, recipe_id, quantity) VALUES ('29','63', '34');
INSERT INTO recipes_ingredients (ingredients_id, recipe_id, quantity) VALUES ('41','64', '8');
INSERT INTO recipes_ingredients (ingredients_id, recipe_id, quantity) VALUES ('21','65', '77');
INSERT INTO recipes_ingredients (ingredients_id, recipe_id, quantity) VALUES ('30','66', '39');
INSERT INTO recipes_ingredients (ingredients_id, recipe_id, quantity) VALUES ('50','67', '72');
INSERT INTO recipes_ingredients (ingredients_id, recipe_id, quantity) VALUES ('11','68', '29');
INSERT INTO recipes_ingredients (ingredients_id, recipe_id, quantity) VALUES ('26','69', '52');
INSERT INTO recipes_ingredients (ingredients_id, recipe_id, quantity) VALUES ('11','70', '68');
INSERT INTO recipes_ingredients (ingredients_id, recipe_id, quantity) VALUES ('18','71', '79');
INSERT INTO recipes_ingredients (ingredients_id, recipe_id, quantity) VALUES ('45','72', '100');
INSERT INTO recipes_ingredients (ingredients_id, recipe_id, quantity) VALUES ('19','73', '86');
INSERT INTO recipes_ingredients (ingredients_id, recipe_id, quantity) VALUES ('12','74', '48');
INSERT INTO recipes_ingredients (ingredients_id, recipe_id, quantity) VALUES ('13','75', '43');
INSERT INTO recipes_ingredients (ingredients_id, recipe_id, quantity) VALUES ('20','76', '94');
INSERT INTO recipes_ingredients (ingredients_id, recipe_id, quantity) VALUES ('29','77', '69');
INSERT INTO recipes_ingredients (ingredients_id, recipe_id, quantity) VALUES ('32','78', '54');
INSERT INTO recipes_ingredients (ingredients_id, recipe_id, quantity) VALUES ('9','79', '49');
INSERT INTO recipes_ingredients (ingredients_id, recipe_id, quantity) VALUES ('28','80', '44');
INSERT INTO recipes_ingredients (ingredients_id, recipe_id, quantity) VALUES ('50','81', '82');
INSERT INTO recipes_ingredients (ingredients_id, recipe_id, quantity) VALUES ('39','82', '35');
INSERT INTO recipes_ingredients (ingredients_id, recipe_id, quantity) VALUES ('24','83', '97');
INSERT INTO recipes_ingredients (ingredients_id, recipe_id, quantity) VALUES ('47','84', '88');
INSERT INTO recipes_ingredients (ingredients_id, recipe_id, quantity) VALUES ('7','85', '15');
INSERT INTO recipes_ingredients (ingredients_id, recipe_id, quantity) VALUES ('19','86', '9');
INSERT INTO recipes_ingredients (ingredients_id, recipe_id, quantity) VALUES ('25','87', '6');
INSERT INTO recipes_ingredients (ingredients_id, recipe_id, quantity) VALUES ('15','88', '28');
INSERT INTO recipes_ingredients (ingredients_id, recipe_id, quantity) VALUES ('36','89', '85');
INSERT INTO recipes_ingredients (ingredients_id, recipe_id, quantity) VALUES ('24','90', '9');
INSERT INTO recipes_ingredients (ingredients_id, recipe_id, quantity) VALUES ('4','91', '21');
INSERT INTO recipes_ingredients (ingredients_id, recipe_id, quantity) VALUES ('16','92', '22');
INSERT INTO recipes_ingredients (ingredients_id, recipe_id, quantity) VALUES ('6','93', '4');
INSERT INTO recipes_ingredients (ingredients_id, recipe_id, quantity) VALUES ('41','94', '65');
INSERT INTO recipes_ingredients (ingredients_id, recipe_id, quantity) VALUES ('21','95', '65');
INSERT INTO recipes_ingredients (ingredients_id, recipe_id, quantity) VALUES ('33','96', '72');
INSERT INTO recipes_ingredients (ingredients_id, recipe_id, quantity) VALUES ('2','97', '3');
INSERT INTO recipes_ingredients (ingredients_id, recipe_id, quantity) VALUES ('10','98', '89');
INSERT INTO recipes_ingredients (ingredients_id, recipe_id, quantity) VALUES ('34','99', '84');
INSERT INTO recipes_ingredients (ingredients_id, recipe_id, quantity) VALUES ('43','100', '17');
INSERT INTO recipes_ingredients (ingredients_id, recipe_id, quantity) VALUES ('23','91', '31');
INSERT INTO recipes_ingredients (ingredients_id, recipe_id, quantity) VALUES ('20','92', '68');
INSERT INTO recipes_ingredients (ingredients_id, recipe_id, quantity) VALUES ('44','18', '26');
INSERT INTO recipes_ingredients (ingredients_id, recipe_id, quantity) VALUES ('24','59', '20');
INSERT INTO recipes_ingredients (ingredients_id, recipe_id, quantity) VALUES ('29','79', '100');
INSERT INTO recipes_ingredients (ingredients_id, recipe_id, quantity) VALUES ('45','30', '51');
INSERT INTO recipes_ingredients (ingredients_id, recipe_id, quantity) VALUES ('49','67', '51');
INSERT INTO recipes_ingredients (ingredients_id, recipe_id, quantity) VALUES ('44','81', '10');
INSERT INTO recipes_ingredients (ingredients_id, recipe_id, quantity) VALUES ('35','41', '66');
INSERT INTO recipes_ingredients (ingredients_id, recipe_id, quantity) VALUES ('6','69', '85');
INSERT INTO recipes_ingredients (ingredients_id, recipe_id, quantity) VALUES ('17','74', '47');
INSERT INTO recipes_ingredients (ingredients_id, recipe_id, quantity) VALUES ('49','86', '70');
INSERT INTO recipes_ingredients (ingredients_id, recipe_id, quantity) VALUES ('1','37', '8');
INSERT INTO recipes_ingredients (ingredients_id, recipe_id, quantity) VALUES ('22','65', '40');
INSERT INTO recipes_ingredients (ingredients_id, recipe_id, quantity) VALUES ('8','35', '71');
INSERT INTO recipes_ingredients (ingredients_id, recipe_id, quantity) VALUES ('1','1', '92');
INSERT INTO recipes_ingredients (ingredients_id, recipe_id, quantity) VALUES ('38','60', '11');
INSERT INTO recipes_ingredients (ingredients_id, recipe_id, quantity) VALUES ('45','52', '70');
INSERT INTO recipes_ingredients (ingredients_id, recipe_id, quantity) VALUES ('41','90', '72');
INSERT INTO recipes_ingredients (ingredients_id, recipe_id, quantity) VALUES ('38','68', '56');
INSERT INTO recipes_ingredients (ingredients_id, recipe_id, quantity) VALUES ('13','2', '14');
INSERT INTO recipes_ingredients (ingredients_id, recipe_id, quantity) VALUES ('45','1', '38');
INSERT INTO recipes_ingredients (ingredients_id, recipe_id, quantity) VALUES ('9','81', '36');
INSERT INTO recipes_ingredients (ingredients_id, recipe_id, quantity) VALUES ('36','7', '55');
INSERT INTO recipes_ingredients (ingredients_id, recipe_id, quantity) VALUES ('22','43', '18');
INSERT INTO recipes_ingredients (ingredients_id, recipe_id, quantity) VALUES ('36','81', '66');
INSERT INTO recipes_ingredients (ingredients_id, recipe_id, quantity) VALUES ('15','100', '45');
INSERT INTO recipes_ingredients (ingredients_id, recipe_id, quantity) VALUES ('25','72', '40');
INSERT INTO recipes_ingredients (ingredients_id, recipe_id, quantity) VALUES ('37','27', '100');
INSERT INTO recipes_ingredients (ingredients_id, recipe_id, quantity) VALUES ('32','59', '93');
INSERT INTO recipes_ingredients (ingredients_id, recipe_id, quantity) VALUES ('49','38', '60');
INSERT INTO recipes_ingredients (ingredients_id, recipe_id, quantity) VALUES ('26','93', '8');
INSERT INTO recipes_ingredients (ingredients_id, recipe_id, quantity) VALUES ('34','75', '74');
INSERT INTO recipes_ingredients (ingredients_id, recipe_id, quantity) VALUES ('28','63', '38');
INSERT INTO recipes_ingredients (ingredients_id, recipe_id, quantity) VALUES ('48','13', '95');
INSERT INTO recipes_ingredients (ingredients_id, recipe_id, quantity) VALUES ('25','68', '93');
INSERT INTO recipes_ingredients (ingredients_id, recipe_id, quantity) VALUES ('21','55', '31');
INSERT INTO recipes_ingredients (ingredients_id, recipe_id, quantity) VALUES ('32','70', '71');
INSERT INTO recipes_ingredients (ingredients_id, recipe_id, quantity) VALUES ('25','78', '50');
INSERT INTO recipes_ingredients (ingredients_id, recipe_id, quantity) VALUES ('43','8', '11');
INSERT INTO recipes_ingredients (ingredients_id, recipe_id, quantity) VALUES ('35','100', '62');
INSERT INTO recipes_ingredients (ingredients_id, recipe_id, quantity) VALUES ('43','26', '14');
INSERT INTO recipes_ingredients (ingredients_id, recipe_id, quantity) VALUES ('15','72', '99');
INSERT INTO recipes_ingredients (ingredients_id, recipe_id, quantity) VALUES ('11','50', '32');
INSERT INTO recipes_ingredients (ingredients_id, recipe_id, quantity) VALUES ('27','41', '63');
INSERT INTO recipes_ingredients (ingredients_id, recipe_id, quantity) VALUES ('16','34', '12');
INSERT INTO recipes_ingredients (ingredients_id, recipe_id, quantity) VALUES ('36','44', '3');
INSERT INTO recipes_ingredients (ingredients_id, recipe_id, quantity) VALUES ('33','2', '51');
INSERT INTO recipes_ingredients (ingredients_id, recipe_id, quantity) VALUES ('20','31', '95');
INSERT INTO recipes_ingredients (ingredients_id, recipe_id, quantity) VALUES ('27','51', '59');
INSERT INTO recipes_ingredients (ingredients_id, recipe_id, quantity) VALUES ('35','34', '12');
INSERT INTO recipes_ingredients (ingredients_id, recipe_id, quantity) VALUES ('31','43', '98');
INSERT INTO recipes_ingredients (ingredients_id, recipe_id, quantity) VALUES ('4','63', '65');
INSERT INTO recipes_ingredients (ingredients_id, recipe_id, quantity) VALUES ('40','30', '2');
INSERT INTO recipes_ingredients (ingredients_id, recipe_id, quantity) VALUES ('37','23', '28');
INSERT INTO recipes_ingredients (ingredients_id, recipe_id, quantity) VALUES ('23','22', '80');
INSERT INTO recipes_ingredients (ingredients_id, recipe_id, quantity) VALUES ('47','21', '84');
INSERT INTO recipes_ingredients (ingredients_id, recipe_id, quantity) VALUES ('49','30', '65');
INSERT INTO recipes_ingredients (ingredients_id, recipe_id, quantity) VALUES ('13','8', '77');
INSERT INTO recipes_ingredients (ingredients_id, recipe_id, quantity) VALUES ('43','84', '5');
INSERT INTO recipes_ingredients (ingredients_id, recipe_id, quantity) VALUES ('25','74', '99');
INSERT INTO recipes_ingredients (ingredients_id, recipe_id, quantity) VALUES ('34','30', '29');
INSERT INTO recipes_ingredients (ingredients_id, recipe_id, quantity) VALUES ('37','13', '12');
INSERT INTO recipes_ingredients (ingredients_id, recipe_id, quantity) VALUES ('9','85', '44');
INSERT INTO recipes_ingredients (ingredients_id, recipe_id, quantity) VALUES ('17','38', '68');
INSERT INTO recipes_ingredients (ingredients_id, recipe_id, quantity) VALUES ('3','20', '29');
INSERT INTO recipes_ingredients (ingredients_id, recipe_id, quantity) VALUES ('45','62', '46');
INSERT INTO recipes_ingredients (ingredients_id, recipe_id, quantity) VALUES ('6','47', '29');
INSERT INTO recipes_ingredients (ingredients_id, recipe_id, quantity) VALUES ('7','79', '95');
INSERT INTO recipes_ingredients (ingredients_id, recipe_id, quantity) VALUES ('46','66', '94');
INSERT INTO recipes_ingredients (ingredients_id, recipe_id, quantity) VALUES ('34','35', '27');
INSERT INTO recipes_ingredients (ingredients_id, recipe_id, quantity) VALUES ('50','84', '40');
INSERT INTO recipes_ingredients (ingredients_id, recipe_id, quantity) VALUES ('8','95', '19');
INSERT INTO recipes_ingredients (ingredients_id, recipe_id, quantity) VALUES ('38','86', '43');
INSERT INTO recipes_ingredients (ingredients_id, recipe_id, quantity) VALUES ('46','7', '33');
INSERT INTO recipes_ingredients (ingredients_id, recipe_id, quantity) VALUES ('42','15', '78');
INSERT INTO recipes_ingredients (ingredients_id, recipe_id, quantity) VALUES ('23','37', '57');
INSERT INTO recipes_ingredients (ingredients_id, recipe_id, quantity) VALUES ('23','94', '12');
INSERT INTO recipes_ingredients (ingredients_id, recipe_id, quantity) VALUES ('18','18', '48');
INSERT INTO recipes_ingredients (ingredients_id, recipe_id, quantity) VALUES ('44','74', '10');
INSERT INTO recipes_ingredients (ingredients_id, recipe_id, quantity) VALUES ('4','83', '34');
INSERT INTO recipes_ingredients (ingredients_id, recipe_id, quantity) VALUES ('11','97', '53');
INSERT INTO recipes_ingredients (ingredients_id, recipe_id, quantity) VALUES ('26','2', '24');
INSERT INTO recipes_ingredients (ingredients_id, recipe_id, quantity) VALUES ('2','57', '34');
INSERT INTO recipes_ingredients (ingredients_id, recipe_id, quantity) VALUES ('30','48', '19');
INSERT INTO recipes_ingredients (ingredients_id, recipe_id, quantity) VALUES ('26','30', '51');
INSERT INTO recipes_ingredients (ingredients_id, recipe_id, quantity) VALUES ('24','76', '28');
INSERT INTO recipes_ingredients (ingredients_id, recipe_id, quantity) VALUES ('44','60', '24');
INSERT INTO recipes_ingredients (ingredients_id, recipe_id, quantity) VALUES ('22','39', '18');
INSERT INTO recipes_ingredients (ingredients_id, recipe_id, quantity) VALUES ('36','53', '97');
INSERT INTO recipes_ingredients (ingredients_id, recipe_id, quantity) VALUES ('9','35', '3');
INSERT INTO recipes_ingredients (ingredients_id, recipe_id, quantity) VALUES ('28','9', '13');
INSERT INTO recipes_ingredients (ingredients_id, recipe_id, quantity) VALUES ('5','29', '74');
INSERT INTO recipes_ingredients (ingredients_id, recipe_id, quantity) VALUES ('22','25', '77');
INSERT INTO recipes_ingredients (ingredients_id, recipe_id, quantity) VALUES ('48','68', '22');
INSERT INTO recipes_ingredients (ingredients_id, recipe_id, quantity) VALUES ('26','8', '42');
INSERT INTO recipes_ingredients (ingredients_id, recipe_id, quantity) VALUES ('29','38', '4');
INSERT INTO recipes_ingredients (ingredients_id, recipe_id, quantity) VALUES ('16','40', '43');
INSERT INTO recipes_ingredients (ingredients_id, recipe_id, quantity) VALUES ('21','36', '78');
INSERT INTO recipes_ingredients (ingredients_id, recipe_id, quantity) VALUES ('27','8', '82');
INSERT INTO recipes_ingredients (ingredients_id, recipe_id, quantity) VALUES ('1','2', '3');
INSERT INTO recipes_ingredients (ingredients_id, recipe_id, quantity) VALUES ('28','100', '14');
INSERT INTO recipes_ingredients (ingredients_id, recipe_id, quantity) VALUES ('3','84', '97');
INSERT INTO recipes_ingredients (ingredients_id, recipe_id, quantity) VALUES ('13','30', '96');
INSERT INTO recipes_ingredients (ingredients_id, recipe_id, quantity) VALUES ('35','14', '60');
INSERT INTO recipes_ingredients (ingredients_id, recipe_id, quantity) VALUES ('6','61', '33');
INSERT INTO recipes_ingredients (ingredients_id, recipe_id, quantity) VALUES ('40','79', '95');
INSERT INTO recipes_ingredients (ingredients_id, recipe_id, quantity) VALUES ('39','18', '23');
INSERT INTO recipes_ingredients (ingredients_id, recipe_id, quantity) VALUES ('12','57', '73');
INSERT INTO recipes_ingredients (ingredients_id, recipe_id, quantity) VALUES ('32','92', '19');
INSERT INTO recipes_ingredients (ingredients_id, recipe_id, quantity) VALUES ('44','10', '2');
INSERT INTO recipes_ingredients (ingredients_id, recipe_id, quantity) VALUES ('2','71', '30');
INSERT INTO recipes_ingredients (ingredients_id, recipe_id, quantity) VALUES ('17','37', '34');
INSERT INTO recipes_ingredients (ingredients_id, recipe_id, quantity) VALUES ('4','71', '44');
INSERT INTO recipes_ingredients (ingredients_id, recipe_id, quantity) VALUES ('23','11', '45');
INSERT INTO recipes_ingredients (ingredients_id, recipe_id, quantity) VALUES ('18','48', '55');
INSERT INTO recipes_ingredients (ingredients_id, recipe_id, quantity) VALUES ('33','40', '70');
INSERT INTO recipes_ingredients (ingredients_id, recipe_id, quantity) VALUES ('30','69', '38');
INSERT INTO recipes_ingredients (ingredients_id, recipe_id, quantity) VALUES ('15','31', '56');
INSERT INTO recipes_ingredients (ingredients_id, recipe_id, quantity) VALUES ('4','10', '90');
INSERT INTO recipes_ingredients (ingredients_id, recipe_id, quantity) VALUES ('15','57', '65');
INSERT INTO recipes_ingredients (ingredients_id, recipe_id, quantity) VALUES ('20','7', '96');
INSERT INTO recipes_ingredients (ingredients_id, recipe_id, quantity) VALUES ('8','56', '99');
INSERT INTO recipes_ingredients (ingredients_id, recipe_id, quantity) VALUES ('36','34', '35');
INSERT INTO recipes_ingredients (ingredients_id, recipe_id, quantity) VALUES ('27','93', '11');
INSERT INTO recipes_ingredients (ingredients_id, recipe_id, quantity) VALUES ('44','15', '12');
INSERT INTO recipes_ingredients (ingredients_id, recipe_id, quantity) VALUES ('9','90', '48');
INSERT INTO recipes_ingredients (ingredients_id, recipe_id, quantity) VALUES ('49','41', '27');
INSERT INTO recipes_ingredients (ingredients_id, recipe_id, quantity) VALUES ('27','88', '31');
INSERT INTO recipes_ingredients (ingredients_id, recipe_id, quantity) VALUES ('47','45', '95');
INSERT INTO recipes_ingredients (ingredients_id, recipe_id, quantity) VALUES ('32','49', '55');
INSERT INTO recipes_ingredients (ingredients_id, recipe_id, quantity) VALUES ('32','87', '6');
INSERT INTO recipes_ingredients (ingredients_id, recipe_id, quantity) VALUES ('32','66', '46');
INSERT INTO recipes_ingredients (ingredients_id, recipe_id, quantity) VALUES ('5','51', '74');
INSERT INTO recipes_ingredients (ingredients_id, recipe_id, quantity) VALUES ('22','49', '31');
INSERT INTO recipes_ingredients (ingredients_id, recipe_id, quantity) VALUES ('21','54', '49');
INSERT INTO recipes_ingredients (ingredients_id, recipe_id, quantity) VALUES ('20','37', '98');
INSERT INTO recipes_ingredients (ingredients_id, recipe_id, quantity) VALUES ('31','58', '1');
INSERT INTO recipes_ingredients (ingredients_id, recipe_id, quantity) VALUES ('1','95', '9');
INSERT INTO recipes_ingredients (ingredients_id, recipe_id, quantity) VALUES ('16','10', '5');
INSERT INTO recipes_ingredients (ingredients_id, recipe_id, quantity) VALUES ('17','10', '51');
INSERT INTO recipes_ingredients (ingredients_id, recipe_id, quantity) VALUES ('41','69', '94');
INSERT INTO recipes_ingredients (ingredients_id, recipe_id, quantity) VALUES ('37','7', '55');
INSERT INTO recipes_ingredients (ingredients_id, recipe_id, quantity) VALUES ('9','5', '28');
INSERT INTO recipes_ingredients (ingredients_id, recipe_id, quantity) VALUES ('1','14', '100');
INSERT INTO recipes_ingredients (ingredients_id, recipe_id, quantity) VALUES ('39','28', '17');
INSERT INTO recipes_ingredients (ingredients_id, recipe_id, quantity) VALUES ('34','64', '82');
INSERT INTO recipes_ingredients (ingredients_id, recipe_id, quantity) VALUES ('14','12', '12');
INSERT INTO recipes_ingredients (ingredients_id, recipe_id, quantity) VALUES ('19','72', '64');
INSERT INTO recipes_ingredients (ingredients_id, recipe_id, quantity) VALUES ('21','39', '97');
INSERT INTO recipes_ingredients (ingredients_id, recipe_id, quantity) VALUES ('32','20', '99');
INSERT INTO recipes_ingredients (ingredients_id, recipe_id, quantity) VALUES ('40','58', '44');
INSERT INTO recipes_ingredients (ingredients_id, recipe_id, quantity) VALUES ('23','34', '23');
INSERT INTO recipes_ingredients (ingredients_id, recipe_id, quantity) VALUES ('19','24', '97');
INSERT INTO recipes_ingredients (ingredients_id, recipe_id, quantity) VALUES ('26','100', '26');
INSERT INTO recipes_ingredients (ingredients_id, recipe_id, quantity) VALUES ('20','4', '86');
INSERT INTO recipes_ingredients (ingredients_id, recipe_id, quantity) VALUES ('47','90', '4');
INSERT INTO recipes_ingredients (ingredients_id, recipe_id, quantity) VALUES ('8','3', '1');
INSERT INTO recipes_ingredients (ingredients_id, recipe_id, quantity) VALUES ('47','29', '60');
INSERT INTO recipes_ingredients (ingredients_id, recipe_id, quantity) VALUES ('45','53', '42');
INSERT INTO recipes_ingredients (ingredients_id, recipe_id, quantity) VALUES ('36','28', '91');
INSERT INTO recipes_ingredients (ingredients_id, recipe_id, quantity) VALUES ('37','19', '26');
INSERT INTO recipes_ingredients (ingredients_id, recipe_id, quantity) VALUES ('7','23', '39');
INSERT INTO recipes_ingredients (ingredients_id, recipe_id, quantity) VALUES ('17','59', '11');
INSERT INTO recipes_ingredients (ingredients_id, recipe_id, quantity) VALUES ('29','23', '19');
INSERT INTO recipes_ingredients (ingredients_id, recipe_id, quantity) VALUES ('38','32', '71');
INSERT INTO recipes_ingredients (ingredients_id, recipe_id, quantity) VALUES ('44','49', '13');
INSERT INTO recipes_ingredients (ingredients_id, recipe_id, quantity) VALUES ('20','53', '67');
INSERT INTO recipes_ingredients (ingredients_id, recipe_id, quantity) VALUES ('40','54', '66');
INSERT INTO recipes_ingredients (ingredients_id, recipe_id, quantity) VALUES ('45','4', '54');
INSERT INTO recipes_ingredients (ingredients_id, recipe_id, quantity) VALUES ('11','79', '22');
INSERT INTO recipes_ingredients (ingredients_id, recipe_id, quantity) VALUES ('1','100', '1');
INSERT INTO recipes_ingredients (ingredients_id, recipe_id, quantity) VALUES ('45','59', '51');
INSERT INTO recipes_ingredients (ingredients_id, recipe_id, quantity) VALUES ('7','18', '72');
INSERT INTO recipes_ingredients (ingredients_id, recipe_id, quantity) VALUES ('23','96', '98');
INSERT INTO recipes_ingredients (ingredients_id, recipe_id, quantity) VALUES ('29','16', '90');
INSERT INTO recipes_ingredients (ingredients_id, recipe_id, quantity) VALUES ('28','36', '41');
INSERT INTO recipes_ingredients (ingredients_id, recipe_id, quantity) VALUES ('7','5', '33');
INSERT INTO recipes_ingredients (ingredients_id, recipe_id, quantity) VALUES ('5','37', '39');
INSERT INTO recipes_ingredients (ingredients_id, recipe_id, quantity) VALUES ('41','24', '21');
INSERT INTO recipes_ingredients (ingredients_id, recipe_id, quantity) VALUES ('21','8', '44');
INSERT INTO recipes_ingredients (ingredients_id, recipe_id, quantity) VALUES ('27','43', '29');
INSERT INTO recipes_ingredients (ingredients_id, recipe_id, quantity) VALUES ('3','65', '100');
INSERT INTO recipes_ingredients (ingredients_id, recipe_id, quantity) VALUES ('1','74', '16');
INSERT INTO recipes_ingredients (ingredients_id, recipe_id, quantity) VALUES ('9','61', '43');
INSERT INTO recipes_ingredients (ingredients_id, recipe_id, quantity) VALUES ('41','17', '11');
INSERT INTO recipes_ingredients (ingredients_id, recipe_id, quantity) VALUES ('47','85', '69');
INSERT INTO recipes_ingredients (ingredients_id, recipe_id, quantity) VALUES ('29','17', '58');
INSERT INTO recipes_ingredients (ingredients_id, recipe_id, quantity) VALUES ('17','61', '74');
INSERT INTO recipes_ingredients (ingredients_id, recipe_id, quantity) VALUES ('34','96', '90');
INSERT INTO recipes_ingredients (ingredients_id, recipe_id, quantity) VALUES ('25','35', '62');
INSERT INTO recipes_ingredients (ingredients_id, recipe_id, quantity) VALUES ('21','41', '60');
INSERT INTO recipes_ingredients (ingredients_id, recipe_id, quantity) VALUES ('38','38', '86');
INSERT INTO recipes_ingredients (ingredients_id, recipe_id, quantity) VALUES ('22','3', '47');
INSERT INTO recipes_ingredients (ingredients_id, recipe_id, quantity) VALUES ('14','94', '11');
INSERT INTO recipes_ingredients (ingredients_id, recipe_id, quantity) VALUES ('11','51', '13');
INSERT INTO recipes_ingredients (ingredients_id, recipe_id, quantity) VALUES ('20','24', '89');
INSERT INTO recipes_ingredients (ingredients_id, recipe_id, quantity) VALUES ('6','40', '48');
INSERT INTO recipes_ingredients (ingredients_id, recipe_id, quantity) VALUES ('20','6', '92');
INSERT INTO recipes_ingredients (ingredients_id, recipe_id, quantity) VALUES ('11','61', '94');
INSERT INTO recipes_ingredients (ingredients_id, recipe_id, quantity) VALUES ('17','75', '41');
INSERT INTO recipes_ingredients (ingredients_id, recipe_id, quantity) VALUES ('9','80', '42');
INSERT INTO recipes_ingredients (ingredients_id, recipe_id, quantity) VALUES ('40','57', '40');
INSERT INTO recipes_ingredients (ingredients_id, recipe_id, quantity) VALUES ('28','20', '98');
INSERT INTO recipes_ingredients (ingredients_id, recipe_id, quantity) VALUES ('41','26', '43');
INSERT INTO recipes_ingredients (ingredients_id, recipe_id, quantity) VALUES ('3','93', '90');
INSERT INTO recipes_ingredients (ingredients_id, recipe_id, quantity) VALUES ('18','66', '11');
INSERT INTO recipes_ingredients (ingredients_id, recipe_id, quantity) VALUES ('13','73', '91');
INSERT INTO recipes_ingredients (ingredients_id, recipe_id, quantity) VALUES ('45','54', '99');
INSERT INTO recipes_ingredients (ingredients_id, recipe_id, quantity) VALUES ('33','98', '83');
INSERT INTO recipes_ingredients (ingredients_id, recipe_id, quantity) VALUES ('11','60', '96');
INSERT INTO recipes_ingredients (ingredients_id, recipe_id, quantity) VALUES ('6','79', '80');
INSERT INTO recipes_ingredients (ingredients_id, recipe_id, quantity) VALUES ('14','98', '72');
INSERT INTO recipes_ingredients (ingredients_id, recipe_id, quantity) VALUES ('6','2', '91');
INSERT INTO recipes_ingredients (ingredients_id, recipe_id, quantity) VALUES ('8','17', '78');
INSERT INTO recipes_ingredients (ingredients_id, recipe_id, quantity) VALUES ('18','72', '53');
INSERT INTO recipes_ingredients (ingredients_id, recipe_id, quantity) VALUES ('43','27', '40');
INSERT INTO recipes_ingredients (ingredients_id, recipe_id, quantity) VALUES ('43','5', '64');
INSERT INTO recipes_ingredients (ingredients_id, recipe_id, quantity) VALUES ('27','20', '30');
INSERT INTO recipes_ingredients (ingredients_id, recipe_id, quantity) VALUES ('32','88', '37');
INSERT INTO recipes_ingredients (ingredients_id, recipe_id, quantity) VALUES ('49','97', '96');
INSERT INTO recipes_ingredients (ingredients_id, recipe_id, quantity) VALUES ('23','73', '63');
INSERT INTO recipes_ingredients (ingredients_id, recipe_id, quantity) VALUES ('14','4', '31');
INSERT INTO recipes_ingredients (ingredients_id, recipe_id, quantity) VALUES ('26','56', '17');
INSERT INTO recipes_ingredients (ingredients_id, recipe_id, quantity) VALUES ('27','67', '71');
INSERT INTO recipes_ingredients (ingredients_id, recipe_id, quantity) VALUES ('20','3', '31');
INSERT INTO recipes_ingredients (ingredients_id, recipe_id, quantity) VALUES ('27','30', '14');
INSERT INTO recipes_ingredients (ingredients_id, recipe_id, quantity) VALUES ('17','11', '47');
INSERT INTO recipes_ingredients (ingredients_id, recipe_id, quantity) VALUES ('3','80', '94');
INSERT INTO recipes_ingredients (ingredients_id, recipe_id, quantity) VALUES ('30','99', '70');
INSERT INTO recipes_ingredients (ingredients_id, recipe_id, quantity) VALUES ('34','24', '67');
INSERT INTO recipes_ingredients (ingredients_id, recipe_id, quantity) VALUES ('21','28', '33');
INSERT INTO recipes_ingredients (ingredients_id, recipe_id, quantity) VALUES ('22','89', '52');
INSERT INTO recipes_ingredients (ingredients_id, recipe_id, quantity) VALUES ('9','17', '27');
INSERT INTO recipes_ingredients (ingredients_id, recipe_id, quantity) VALUES ('24','33', '76');
INSERT INTO recipes_ingredients (ingredients_id, recipe_id, quantity) VALUES ('45','85', '54');
INSERT INTO recipes_ingredients (ingredients_id, recipe_id, quantity) VALUES ('11','11', '93');
INSERT INTO recipes_ingredients (ingredients_id, recipe_id, quantity) VALUES ('2','67', '29');
INSERT INTO recipes_ingredients (ingredients_id, recipe_id, quantity) VALUES ('21','60', '27');
INSERT INTO recipes_ingredients (ingredients_id, recipe_id, quantity) VALUES ('5','68', '5');
INSERT INTO recipes_ingredients (ingredients_id, recipe_id, quantity) VALUES ('40','93', '63');
INSERT INTO recipes_ingredients (ingredients_id, recipe_id, quantity) VALUES ('3','45', '90');
INSERT INTO recipes_ingredients (ingredients_id, recipe_id, quantity) VALUES ('32','24', '76');
INSERT INTO recipes_ingredients (ingredients_id, recipe_id, quantity) VALUES ('46','49', '73');
INSERT INTO recipes_ingredients (ingredients_id, recipe_id, quantity) VALUES ('41','21', '70');
INSERT INTO recipes_ingredients (ingredients_id, recipe_id, quantity) VALUES ('46','72', '72');
INSERT INTO recipes_ingredients (ingredients_id, recipe_id, quantity) VALUES ('23','17', '70');
INSERT INTO recipes_ingredients (ingredients_id, recipe_id, quantity) VALUES ('23','47', '75');
INSERT INTO recipes_ingredients (ingredients_id, recipe_id, quantity) VALUES ('3','71', '45');
INSERT INTO recipes_ingredients (ingredients_id, recipe_id, quantity) VALUES ('22','9', '26');
INSERT INTO recipes_ingredients (ingredients_id, recipe_id, quantity) VALUES ('14','76', '85');
INSERT INTO recipes_ingredients (ingredients_id, recipe_id, quantity) VALUES ('31','63', '31');
INSERT INTO recipes_ingredients (ingredients_id, recipe_id, quantity) VALUES ('22','67', '66');
INSERT INTO recipes_ingredients (ingredients_id, recipe_id, quantity) VALUES ('11','96', '65');
INSERT INTO recipes_ingredients (ingredients_id, recipe_id, quantity) VALUES ('49','19', '25');
INSERT INTO recipes_ingredients (ingredients_id, recipe_id, quantity) VALUES ('38','90', '32');
INSERT INTO recipes_ingredients (ingredients_id, recipe_id, quantity) VALUES ('39','99', '30');
INSERT INTO recipes_ingredients (ingredients_id, recipe_id, quantity) VALUES ('40','50', '35');
INSERT INTO recipes_ingredients (ingredients_id, recipe_id, quantity) VALUES ('32','29', '49');
INSERT INTO recipes_ingredients (ingredients_id, recipe_id, quantity) VALUES ('36','91', '58');
INSERT INTO recipes_ingredients (ingredients_id, recipe_id, quantity) VALUES ('44','52', '89');
INSERT INTO recipes_ingredients (ingredients_id, recipe_id, quantity) VALUES ('1','77', '29');
INSERT INTO recipes_ingredients (ingredients_id, recipe_id, quantity) VALUES ('39','42', '21');
INSERT INTO recipes_ingredients (ingredients_id, recipe_id, quantity) VALUES ('23','20', '9');
INSERT INTO recipes_ingredients (ingredients_id, recipe_id, quantity) VALUES ('8','83', '64');
INSERT INTO recipes_ingredients (ingredients_id, recipe_id, quantity) VALUES ('33','72', '74');
INSERT INTO recipes_ingredients (ingredients_id, recipe_id, quantity) VALUES ('8','96', '65');
INSERT INTO recipes_ingredients (ingredients_id, recipe_id, quantity) VALUES ('42','55', '13');
INSERT INTO recipes_ingredients (ingredients_id, recipe_id, quantity) VALUES ('46','14', '14');
INSERT INTO recipes_ingredients (ingredients_id, recipe_id, quantity) VALUES ('14','6', '31');
INSERT INTO recipes_ingredients (ingredients_id, recipe_id, quantity) VALUES ('44','24', '9');
INSERT INTO recipes_ingredients (ingredients_id, recipe_id, quantity) VALUES ('9','50', '82');
INSERT INTO recipes_ingredients (ingredients_id, recipe_id, quantity) VALUES ('12','38', '39');
INSERT INTO recipes_ingredients (ingredients_id, recipe_id, quantity) VALUES ('8','74', '48');
INSERT INTO recipes_ingredients (ingredients_id, recipe_id, quantity) VALUES ('21','1', '29');
INSERT INTO recipes_ingredients (ingredients_id, recipe_id, quantity) VALUES ('45','91', '5');
INSERT INTO recipes_ingredients (ingredients_id, recipe_id, quantity) VALUES ('35','6', '87');
INSERT INTO recipes_ingredients (ingredients_id, recipe_id, quantity) VALUES ('32','17', '42');
INSERT INTO recipes_ingredients (ingredients_id, recipe_id, quantity) VALUES ('19','74', '75');
INSERT INTO recipes_ingredients (ingredients_id, recipe_id, quantity) VALUES ('1','86', '27');
INSERT INTO recipes_ingredients (ingredients_id, recipe_id, quantity) VALUES ('8','59', '35');
INSERT INTO recipes_ingredients (ingredients_id, recipe_id, quantity) VALUES ('39','23', '64');
INSERT INTO recipes_ingredients (ingredients_id, recipe_id, quantity) VALUES ('27','40', '93');
INSERT INTO recipes_ingredients (ingredients_id, recipe_id, quantity) VALUES ('18','62', '38');
INSERT INTO recipes_ingredients (ingredients_id, recipe_id, quantity) VALUES ('42','53', '10');
INSERT INTO recipes_ingredients (ingredients_id, recipe_id, quantity) VALUES ('40','41', '37');
INSERT INTO recipes_ingredients (ingredients_id, recipe_id, quantity) VALUES ('23','9', '65');
INSERT INTO recipes_ingredients (ingredients_id, recipe_id, quantity) VALUES ('36','61', '25');
INSERT INTO recipes_ingredients (ingredients_id, recipe_id, quantity) VALUES ('10','46', '9');
INSERT INTO recipes_ingredients (ingredients_id, recipe_id, quantity) VALUES ('26','53', '12');
INSERT INTO recipes_ingredients (ingredients_id, recipe_id, quantity) VALUES ('35','18', '74');
INSERT INTO recipes_ingredients (ingredients_id, recipe_id, quantity) VALUES ('29','52', '27');
INSERT INTO recipes_ingredients (ingredients_id, recipe_id, quantity) VALUES ('42','30', '63');
INSERT INTO recipes_ingredients (ingredients_id, recipe_id, quantity) VALUES ('26','67', '78');
INSERT INTO recipes_ingredients (ingredients_id, recipe_id, quantity) VALUES ('21','68', '49');
INSERT INTO recipes_ingredients (ingredients_id, recipe_id, quantity) VALUES ('12','94', '88');
INSERT INTO recipes_ingredients (ingredients_id, recipe_id, quantity) VALUES ('4','18', '72');
INSERT INTO recipes_ingredients (ingredients_id, recipe_id, quantity) VALUES ('10','69', '38');
INSERT INTO recipes_ingredients (ingredients_id, recipe_id, quantity) VALUES ('7','38', '84');
INSERT INTO recipes_ingredients (ingredients_id, recipe_id, quantity) VALUES ('3','78', '54');
INSERT INTO recipes_ingredients (ingredients_id, recipe_id, quantity) VALUES ('24','9', '11');
INSERT INTO recipes_ingredients (ingredients_id, recipe_id, quantity) VALUES ('33','23', '74');
INSERT INTO recipes_ingredients (ingredients_id, recipe_id, quantity) VALUES ('35','60', '69');
INSERT INTO recipes_ingredients (ingredients_id, recipe_id, quantity) VALUES ('13','47', '73');
INSERT INTO recipes_ingredients (ingredients_id, recipe_id, quantity) VALUES ('4','82', '1');
INSERT INTO recipes_ingredients (ingredients_id, recipe_id, quantity) VALUES ('16','31', '22');
INSERT INTO recipes_ingredients (ingredients_id, recipe_id, quantity) VALUES ('15','78', '81');
INSERT INTO recipes_ingredients (ingredients_id, recipe_id, quantity) VALUES ('42','66', '100');
INSERT INTO recipes_ingredients (ingredients_id, recipe_id, quantity) VALUES ('20','46', '97');
INSERT INTO recipes_ingredients (ingredients_id, recipe_id, quantity) VALUES ('16','90', '84');
INSERT INTO recipes_ingredients (ingredients_id, recipe_id, quantity) VALUES ('11','49', '91');
INSERT INTO recipes_ingredients (ingredients_id, recipe_id, quantity) VALUES ('5','45', '67');
INSERT INTO recipes_ingredients (ingredients_id, recipe_id, quantity) VALUES ('12','68', '73');
INSERT INTO recipes_ingredients (ingredients_id, recipe_id, quantity) VALUES ('23','13', '15');
INSERT INTO recipes_ingredients (ingredients_id, recipe_id, quantity) VALUES ('14','7', '31');
INSERT INTO recipes_ingredients (ingredients_id, recipe_id, quantity) VALUES ('39','53', '54');
INSERT INTO recipes_ingredients (ingredients_id, recipe_id, quantity) VALUES ('44','35', '69');
INSERT INTO recipes_ingredients (ingredients_id, recipe_id, quantity) VALUES ('47','18', '35');
INSERT INTO recipes_ingredients (ingredients_id, recipe_id, quantity) VALUES ('23','100', '37');
INSERT INTO recipes_ingredients (ingredients_id, recipe_id, quantity) VALUES ('40','97', '65');
INSERT INTO recipes_ingredients (ingredients_id, recipe_id, quantity) VALUES ('28','11', '16');
INSERT INTO recipes_ingredients (ingredients_id, recipe_id, quantity) VALUES ('7','82', '96');
INSERT INTO recipes_ingredients (ingredients_id, recipe_id, quantity) VALUES ('43','33', '16');
INSERT INTO recipes_ingredients (ingredients_id, recipe_id, quantity) VALUES ('35','83', '88');
INSERT INTO recipes_ingredients (ingredients_id, recipe_id, quantity) VALUES ('26','64', '48');
INSERT INTO recipes_ingredients (ingredients_id, recipe_id, quantity) VALUES ('46','87', '61');
INSERT INTO recipes_ingredients (ingredients_id, recipe_id, quantity) VALUES ('46','91', '21');
INSERT INTO recipes_ingredients (ingredients_id, recipe_id, quantity) VALUES ('40','31', '79');
INSERT INTO recipes_ingredients (ingredients_id, recipe_id, quantity) VALUES ('37','48', '3');
INSERT INTO recipes_ingredients (ingredients_id, recipe_id, quantity) VALUES ('11','1', '51');
INSERT INTO recipes_ingredients (ingredients_id, recipe_id, quantity) VALUES ('20','35', '97');
INSERT INTO recipes_ingredients (ingredients_id, recipe_id, quantity) VALUES ('2','73', '78');
INSERT INTO recipes_ingredients (ingredients_id, recipe_id, quantity) VALUES ('31','62', '70');
INSERT INTO recipes_ingredients (ingredients_id, recipe_id, quantity) VALUES ('25','15', '24');
INSERT INTO recipes_ingredients (ingredients_id, recipe_id, quantity) VALUES ('46','89', '19');
INSERT INTO recipes_ingredients (ingredients_id, recipe_id, quantity) VALUES ('17','91', '75');
INSERT INTO recipes_ingredients (ingredients_id, recipe_id, quantity) VALUES ('29','19', '88');
INSERT INTO recipes_ingredients (ingredients_id, recipe_id, quantity) VALUES ('34','23', '10');
INSERT INTO recipes_ingredients (ingredients_id, recipe_id, quantity) VALUES ('37','52', '6');
INSERT INTO recipes_ingredients (ingredients_id, recipe_id, quantity) VALUES ('46','2', '73');
INSERT INTO recipes_ingredients (ingredients_id, recipe_id, quantity) VALUES ('17','20', '7');
INSERT INTO recipes_ingredients (ingredients_id, recipe_id, quantity) VALUES ('15','20', '7');
INSERT INTO recipes_ingredients (ingredients_id, recipe_id, quantity) VALUES ('37','40', '42');
INSERT INTO recipes_ingredients (ingredients_id, recipe_id, quantity) VALUES ('5','95', '89');
INSERT INTO recipes_ingredients (ingredients_id, recipe_id, quantity) VALUES ('5','72', '62');
INSERT INTO recipes_ingredients (ingredients_id, recipe_id, quantity) VALUES ('2','64', '35');
INSERT INTO recipes_ingredients (ingredients_id, recipe_id, quantity) VALUES ('19','62', '8');
INSERT INTO recipes_ingredients (ingredients_id, recipe_id, quantity) VALUES ('33','95', '31');
INSERT INTO recipes_ingredients (ingredients_id, recipe_id, quantity) VALUES ('25','21', '16');
INSERT INTO recipes_ingredients (ingredients_id, recipe_id, quantity) VALUES ('29','81', '59');
INSERT INTO recipes_ingredients (ingredients_id, recipe_id, quantity) VALUES ('34','92', '13');
INSERT INTO recipes_ingredients (ingredients_id, recipe_id, quantity) VALUES ('28','61', '38');
INSERT INTO recipes_ingredients (ingredients_id, recipe_id, quantity) VALUES ('24','87', '73');
INSERT INTO recipes_ingredients (ingredients_id, recipe_id, quantity) VALUES ('31','78', '41');
INSERT INTO recipes_ingredients (ingredients_id, recipe_id, quantity) VALUES ('43','1', '83');
INSERT INTO recipes_ingredients (ingredients_id, recipe_id, quantity) VALUES ('17','97', '83');
INSERT INTO recipes_ingredients (ingredients_id, recipe_id, quantity) VALUES ('20','79', '63');
INSERT INTO recipes_ingredients (ingredients_id, recipe_id, quantity) VALUES ('19','68', '94');
INSERT INTO recipes_ingredients (ingredients_id, recipe_id, quantity) VALUES ('10','90', '61');
INSERT INTO recipes_ingredients (ingredients_id, recipe_id, quantity) VALUES ('39','88', '8');
INSERT INTO recipes_ingredients (ingredients_id, recipe_id, quantity) VALUES ('19','38', '18');
INSERT INTO recipes_ingredients (ingredients_id, recipe_id, quantity) VALUES ('48','69', '24');
INSERT INTO recipes_ingredients (ingredients_id, recipe_id, quantity) VALUES ('13','24', '68');
INSERT INTO recipes_ingredients (ingredients_id, recipe_id, quantity) VALUES ('35','75', '84');
INSERT INTO recipes_ingredients (ingredients_id, recipe_id, quantity) VALUES ('17','92', '57');
INSERT INTO recipes_ingredients (ingredients_id, recipe_id, quantity) VALUES ('8','11', '11');
INSERT INTO recipes_ingredients (ingredients_id, recipe_id, quantity) VALUES ('40','61', '25');
INSERT INTO recipes_ingredients (ingredients_id, recipe_id, quantity) VALUES ('12','51', '20');
INSERT INTO recipes_ingredients (ingredients_id, recipe_id, quantity) VALUES ('7','76', '71');
INSERT INTO recipes_ingredients (ingredients_id, recipe_id, quantity) VALUES ('16','9', '85');
INSERT INTO recipes_ingredients (ingredients_id, recipe_id, quantity) VALUES ('16','68', '56');
INSERT INTO recipes_ingredients (ingredients_id, recipe_id, quantity) VALUES ('27','21', '37');
INSERT INTO recipes_ingredients (ingredients_id, recipe_id, quantity) VALUES ('9','57', '82');
INSERT INTO recipes_ingredients (ingredients_id, recipe_id, quantity) VALUES ('49','100', '9');
INSERT INTO recipes_ingredients (ingredients_id, recipe_id, quantity) VALUES ('13','36', '18');
INSERT INTO recipes_ingredients (ingredients_id, recipe_id, quantity) VALUES ('2','44', '91');
INSERT INTO recipes_ingredients (ingredients_id, recipe_id, quantity) VALUES ('18','5', '38');
INSERT INTO recipes_ingredients (ingredients_id, recipe_id, quantity) VALUES ('22','95', '20');
INSERT INTO recipes_ingredients (ingredients_id, recipe_id, quantity) VALUES ('31','36', '30');
INSERT INTO recipes_ingredients (ingredients_id, recipe_id, quantity) VALUES ('36','84', '90');
INSERT INTO recipes_ingredients (ingredients_id, recipe_id, quantity) VALUES ('18','47', '52');
INSERT INTO recipes_ingredients (ingredients_id, recipe_id, quantity) VALUES ('12','6', '35');
INSERT INTO recipes_ingredients (ingredients_id, recipe_id, quantity) VALUES ('2','72', '65');
INSERT INTO recipes_ingredients (ingredients_id, recipe_id, quantity) VALUES ('20','25', '93');
INSERT INTO recipes_ingredients (ingredients_id, recipe_id, quantity) VALUES ('46','38', '19');
INSERT INTO recipes_ingredients (ingredients_id, recipe_id, quantity) VALUES ('15','42', '4');
INSERT INTO recipes_ingredients (ingredients_id, recipe_id, quantity) VALUES ('45','10', '42');
INSERT INTO recipes_ingredients (ingredients_id, recipe_id, quantity) VALUES ('46','28', '96');
INSERT INTO recipes_ingredients (ingredients_id, recipe_id, quantity) VALUES ('37','89', '53');
INSERT INTO recipes_ingredients (ingredients_id, recipe_id, quantity) VALUES ('20','97', '6');
INSERT INTO recipes_ingredients (ingredients_id, recipe_id, quantity) VALUES ('45','20', '57');
INSERT INTO recipes_ingredients (ingredients_id, recipe_id, quantity) VALUES ('43','3', '6');
INSERT INTO recipes_ingredients (ingredients_id, recipe_id, quantity) VALUES ('33','76', '65');
INSERT INTO recipes_ingredients (ingredients_id, recipe_id, quantity) VALUES ('42','9', '75');
INSERT INTO recipes_ingredients (ingredients_id, recipe_id, quantity) VALUES ('45','50', '48');
INSERT INTO recipes_ingredients (ingredients_id, recipe_id, quantity) VALUES ('11','28', '36');
INSERT INTO recipes_ingredients (ingredients_id, recipe_id, quantity) VALUES ('46','31', '97');
INSERT INTO recipes_ingredients (ingredients_id, recipe_id, quantity) VALUES ('9','47', '65');
INSERT INTO recipes_ingredients (ingredients_id, recipe_id, quantity) VALUES ('30','44', '67');
INSERT INTO recipes_ingredients (ingredients_id, recipe_id, quantity) VALUES ('48','3', '35');

INSERT INTO recipes_type_meal (recipe_id, type_meal_id) VALUES ('1','8');
INSERT INTO recipes_type_meal (recipe_id, type_meal_id) VALUES ('1','9');
INSERT INTO recipes_type_meal (recipe_id, type_meal_id) VALUES ('1','10');
INSERT INTO recipes_type_meal (recipe_id, type_meal_id) VALUES ('1','4');
INSERT INTO recipes_type_meal (recipe_id, type_meal_id) VALUES ('1','1');
INSERT INTO recipes_type_meal (recipe_id, type_meal_id) VALUES ('2','3');
INSERT INTO recipes_type_meal (recipe_id, type_meal_id) VALUES ('3','5');
INSERT INTO recipes_type_meal (recipe_id, type_meal_id) VALUES ('3','1');
INSERT INTO recipes_type_meal (recipe_id, type_meal_id) VALUES ('3','7');
INSERT INTO recipes_type_meal (recipe_id, type_meal_id) VALUES ('3','6');
INSERT INTO recipes_type_meal (recipe_id, type_meal_id) VALUES ('3','9');
INSERT INTO recipes_type_meal (recipe_id, type_meal_id) VALUES ('3','10');
INSERT INTO recipes_type_meal (recipe_id, type_meal_id) VALUES ('3','4');
INSERT INTO recipes_type_meal (recipe_id, type_meal_id) VALUES ('3','8');
INSERT INTO recipes_type_meal (recipe_id, type_meal_id) VALUES ('3','2');
INSERT INTO recipes_type_meal (recipe_id, type_meal_id) VALUES ('3','3');
INSERT INTO recipes_type_meal (recipe_id, type_meal_id) VALUES ('4','2');
INSERT INTO recipes_type_meal (recipe_id, type_meal_id) VALUES ('4','9');
INSERT INTO recipes_type_meal (recipe_id, type_meal_id) VALUES ('4','6');
INSERT INTO recipes_type_meal (recipe_id, type_meal_id) VALUES ('4','1');
INSERT INTO recipes_type_meal (recipe_id, type_meal_id) VALUES ('4','5');
INSERT INTO recipes_type_meal (recipe_id, type_meal_id) VALUES ('4','3');
INSERT INTO recipes_type_meal (recipe_id, type_meal_id) VALUES ('4','7');
INSERT INTO recipes_type_meal (recipe_id, type_meal_id) VALUES ('4','8');
INSERT INTO recipes_type_meal (recipe_id, type_meal_id) VALUES ('4','4');
INSERT INTO recipes_type_meal (recipe_id, type_meal_id) VALUES ('5','6');
INSERT INTO recipes_type_meal (recipe_id, type_meal_id) VALUES ('5','9');
INSERT INTO recipes_type_meal (recipe_id, type_meal_id) VALUES ('5','3');
INSERT INTO recipes_type_meal (recipe_id, type_meal_id) VALUES ('5','7');
INSERT INTO recipes_type_meal (recipe_id, type_meal_id) VALUES ('5','10');
INSERT INTO recipes_type_meal (recipe_id, type_meal_id) VALUES ('5','4');
INSERT INTO recipes_type_meal (recipe_id, type_meal_id) VALUES ('5','1');
INSERT INTO recipes_type_meal (recipe_id, type_meal_id) VALUES ('5','2');
INSERT INTO recipes_type_meal (recipe_id, type_meal_id) VALUES ('5','5');
INSERT INTO recipes_type_meal (recipe_id, type_meal_id) VALUES ('5','8');
INSERT INTO recipes_type_meal (recipe_id, type_meal_id) VALUES ('6','10');
INSERT INTO recipes_type_meal (recipe_id, type_meal_id) VALUES ('6','9');
INSERT INTO recipes_type_meal (recipe_id, type_meal_id) VALUES ('6','5');
INSERT INTO recipes_type_meal (recipe_id, type_meal_id) VALUES ('6','8');
INSERT INTO recipes_type_meal (recipe_id, type_meal_id) VALUES ('7','7');
INSERT INTO recipes_type_meal (recipe_id, type_meal_id) VALUES ('7','1');
INSERT INTO recipes_type_meal (recipe_id, type_meal_id) VALUES ('7','9');
INSERT INTO recipes_type_meal (recipe_id, type_meal_id) VALUES ('7','6');
INSERT INTO recipes_type_meal (recipe_id, type_meal_id) VALUES ('7','8');
INSERT INTO recipes_type_meal (recipe_id, type_meal_id) VALUES ('7','4');
INSERT INTO recipes_type_meal (recipe_id, type_meal_id) VALUES ('7','2');
INSERT INTO recipes_type_meal (recipe_id, type_meal_id) VALUES ('8','5');
INSERT INTO recipes_type_meal (recipe_id, type_meal_id) VALUES ('8','9');
INSERT INTO recipes_type_meal (recipe_id, type_meal_id) VALUES ('8','4');
INSERT INTO recipes_type_meal (recipe_id, type_meal_id) VALUES ('8','6');
INSERT INTO recipes_type_meal (recipe_id, type_meal_id) VALUES ('8','10');
INSERT INTO recipes_type_meal (recipe_id, type_meal_id) VALUES ('8','7');
INSERT INTO recipes_type_meal (recipe_id, type_meal_id) VALUES ('9','5');
INSERT INTO recipes_type_meal (recipe_id, type_meal_id) VALUES ('9','10');
INSERT INTO recipes_type_meal (recipe_id, type_meal_id) VALUES ('10','5');
INSERT INTO recipes_type_meal (recipe_id, type_meal_id) VALUES ('10','10');
INSERT INTO recipes_type_meal (recipe_id, type_meal_id) VALUES ('10','9');
INSERT INTO recipes_type_meal (recipe_id, type_meal_id) VALUES ('11','8');
INSERT INTO recipes_type_meal (recipe_id, type_meal_id) VALUES ('11','1');
INSERT INTO recipes_type_meal (recipe_id, type_meal_id) VALUES ('11','9');
INSERT INTO recipes_type_meal (recipe_id, type_meal_id) VALUES ('11','7');
INSERT INTO recipes_type_meal (recipe_id, type_meal_id) VALUES ('11','2');
INSERT INTO recipes_type_meal (recipe_id, type_meal_id) VALUES ('11','6');
INSERT INTO recipes_type_meal (recipe_id, type_meal_id) VALUES ('12','5');
INSERT INTO recipes_type_meal (recipe_id, type_meal_id) VALUES ('12','1');
INSERT INTO recipes_type_meal (recipe_id, type_meal_id) VALUES ('12','3');
INSERT INTO recipes_type_meal (recipe_id, type_meal_id) VALUES ('12','10');
INSERT INTO recipes_type_meal (recipe_id, type_meal_id) VALUES ('12','9');
INSERT INTO recipes_type_meal (recipe_id, type_meal_id) VALUES ('12','8');
INSERT INTO recipes_type_meal (recipe_id, type_meal_id) VALUES ('12','4');
INSERT INTO recipes_type_meal (recipe_id, type_meal_id) VALUES ('12','6');
INSERT INTO recipes_type_meal (recipe_id, type_meal_id) VALUES ('12','2');
INSERT INTO recipes_type_meal (recipe_id, type_meal_id) VALUES ('13','8');
INSERT INTO recipes_type_meal (recipe_id, type_meal_id) VALUES ('13','7');
INSERT INTO recipes_type_meal (recipe_id, type_meal_id) VALUES ('13','2');
INSERT INTO recipes_type_meal (recipe_id, type_meal_id) VALUES ('14','2');
INSERT INTO recipes_type_meal (recipe_id, type_meal_id) VALUES ('15','5');
INSERT INTO recipes_type_meal (recipe_id, type_meal_id) VALUES ('15','7');
INSERT INTO recipes_type_meal (recipe_id, type_meal_id) VALUES ('16','8');
INSERT INTO recipes_type_meal (recipe_id, type_meal_id) VALUES ('16','5');
INSERT INTO recipes_type_meal (recipe_id, type_meal_id) VALUES ('17','5');
INSERT INTO recipes_type_meal (recipe_id, type_meal_id) VALUES ('17','8');
INSERT INTO recipes_type_meal (recipe_id, type_meal_id) VALUES ('17','4');
INSERT INTO recipes_type_meal (recipe_id, type_meal_id) VALUES ('17','7');
INSERT INTO recipes_type_meal (recipe_id, type_meal_id) VALUES ('17','10');
INSERT INTO recipes_type_meal (recipe_id, type_meal_id) VALUES ('17','1');
INSERT INTO recipes_type_meal (recipe_id, type_meal_id) VALUES ('17','6');
INSERT INTO recipes_type_meal (recipe_id, type_meal_id) VALUES ('18','3');
INSERT INTO recipes_type_meal (recipe_id, type_meal_id) VALUES ('18','7');
INSERT INTO recipes_type_meal (recipe_id, type_meal_id) VALUES ('18','5');
INSERT INTO recipes_type_meal (recipe_id, type_meal_id) VALUES ('18','10');
INSERT INTO recipes_type_meal (recipe_id, type_meal_id) VALUES ('18','1');
INSERT INTO recipes_type_meal (recipe_id, type_meal_id) VALUES ('18','9');
INSERT INTO recipes_type_meal (recipe_id, type_meal_id) VALUES ('18','8');
INSERT INTO recipes_type_meal (recipe_id, type_meal_id) VALUES ('19','8');
INSERT INTO recipes_type_meal (recipe_id, type_meal_id) VALUES ('19','10');
INSERT INTO recipes_type_meal (recipe_id, type_meal_id) VALUES ('19','1');
INSERT INTO recipes_type_meal (recipe_id, type_meal_id) VALUES ('19','2');
INSERT INTO recipes_type_meal (recipe_id, type_meal_id) VALUES ('20','2');
INSERT INTO recipes_type_meal (recipe_id, type_meal_id) VALUES ('20','8');
INSERT INTO recipes_type_meal (recipe_id, type_meal_id) VALUES ('20','5');
INSERT INTO recipes_type_meal (recipe_id, type_meal_id) VALUES ('20','7');
INSERT INTO recipes_type_meal (recipe_id, type_meal_id) VALUES ('20','3');
INSERT INTO recipes_type_meal (recipe_id, type_meal_id) VALUES ('20','4');
INSERT INTO recipes_type_meal (recipe_id, type_meal_id) VALUES ('21','9');
INSERT INTO recipes_type_meal (recipe_id, type_meal_id) VALUES ('21','6');
INSERT INTO recipes_type_meal (recipe_id, type_meal_id) VALUES ('22','10');
INSERT INTO recipes_type_meal (recipe_id, type_meal_id) VALUES ('22','9');
INSERT INTO recipes_type_meal (recipe_id, type_meal_id) VALUES ('22','4');
INSERT INTO recipes_type_meal (recipe_id, type_meal_id) VALUES ('23','1');
INSERT INTO recipes_type_meal (recipe_id, type_meal_id) VALUES ('23','9');
INSERT INTO recipes_type_meal (recipe_id, type_meal_id) VALUES ('23','7');
INSERT INTO recipes_type_meal (recipe_id, type_meal_id) VALUES ('23','6');
INSERT INTO recipes_type_meal (recipe_id, type_meal_id) VALUES ('23','10');
INSERT INTO recipes_type_meal (recipe_id, type_meal_id) VALUES ('23','8');
INSERT INTO recipes_type_meal (recipe_id, type_meal_id) VALUES ('23','5');
INSERT INTO recipes_type_meal (recipe_id, type_meal_id) VALUES ('23','3');
INSERT INTO recipes_type_meal (recipe_id, type_meal_id) VALUES ('23','2');
INSERT INTO recipes_type_meal (recipe_id, type_meal_id) VALUES ('23','4');
INSERT INTO recipes_type_meal (recipe_id, type_meal_id) VALUES ('24','8');
INSERT INTO recipes_type_meal (recipe_id, type_meal_id) VALUES ('24','4');
INSERT INTO recipes_type_meal (recipe_id, type_meal_id) VALUES ('24','5');
INSERT INTO recipes_type_meal (recipe_id, type_meal_id) VALUES ('24','10');
INSERT INTO recipes_type_meal (recipe_id, type_meal_id) VALUES ('24','3');
INSERT INTO recipes_type_meal (recipe_id, type_meal_id) VALUES ('24','7');
INSERT INTO recipes_type_meal (recipe_id, type_meal_id) VALUES ('24','6');
INSERT INTO recipes_type_meal (recipe_id, type_meal_id) VALUES ('24','9');
INSERT INTO recipes_type_meal (recipe_id, type_meal_id) VALUES ('25','9');
INSERT INTO recipes_type_meal (recipe_id, type_meal_id) VALUES ('25','7');
INSERT INTO recipes_type_meal (recipe_id, type_meal_id) VALUES ('25','5');
INSERT INTO recipes_type_meal (recipe_id, type_meal_id) VALUES ('25','2');
INSERT INTO recipes_type_meal (recipe_id, type_meal_id) VALUES ('25','3');
INSERT INTO recipes_type_meal (recipe_id, type_meal_id) VALUES ('25','8');
INSERT INTO recipes_type_meal (recipe_id, type_meal_id) VALUES ('25','6');
INSERT INTO recipes_type_meal (recipe_id, type_meal_id) VALUES ('25','10');
INSERT INTO recipes_type_meal (recipe_id, type_meal_id) VALUES ('26','9');
INSERT INTO recipes_type_meal (recipe_id, type_meal_id) VALUES ('26','7');
INSERT INTO recipes_type_meal (recipe_id, type_meal_id) VALUES ('26','1');
INSERT INTO recipes_type_meal (recipe_id, type_meal_id) VALUES ('26','8');
INSERT INTO recipes_type_meal (recipe_id, type_meal_id) VALUES ('26','2');
INSERT INTO recipes_type_meal (recipe_id, type_meal_id) VALUES ('26','3');
INSERT INTO recipes_type_meal (recipe_id, type_meal_id) VALUES ('26','10');
INSERT INTO recipes_type_meal (recipe_id, type_meal_id) VALUES ('26','6');
INSERT INTO recipes_type_meal (recipe_id, type_meal_id) VALUES ('26','4');
INSERT INTO recipes_type_meal (recipe_id, type_meal_id) VALUES ('27','2');
INSERT INTO recipes_type_meal (recipe_id, type_meal_id) VALUES ('27','7');
INSERT INTO recipes_type_meal (recipe_id, type_meal_id) VALUES ('27','5');
INSERT INTO recipes_type_meal (recipe_id, type_meal_id) VALUES ('27','9');
INSERT INTO recipes_type_meal (recipe_id, type_meal_id) VALUES ('27','10');
INSERT INTO recipes_type_meal (recipe_id, type_meal_id) VALUES ('28','10');
INSERT INTO recipes_type_meal (recipe_id, type_meal_id) VALUES ('28','8');
INSERT INTO recipes_type_meal (recipe_id, type_meal_id) VALUES ('28','2');
INSERT INTO recipes_type_meal (recipe_id, type_meal_id) VALUES ('28','5');
INSERT INTO recipes_type_meal (recipe_id, type_meal_id) VALUES ('28','9');
INSERT INTO recipes_type_meal (recipe_id, type_meal_id) VALUES ('28','4');
INSERT INTO recipes_type_meal (recipe_id, type_meal_id) VALUES ('28','3');
INSERT INTO recipes_type_meal (recipe_id, type_meal_id) VALUES ('29','5');
INSERT INTO recipes_type_meal (recipe_id, type_meal_id) VALUES ('29','10');
INSERT INTO recipes_type_meal (recipe_id, type_meal_id) VALUES ('29','2');
INSERT INTO recipes_type_meal (recipe_id, type_meal_id) VALUES ('29','6');
INSERT INTO recipes_type_meal (recipe_id, type_meal_id) VALUES ('29','3');
INSERT INTO recipes_type_meal (recipe_id, type_meal_id) VALUES ('29','9');
INSERT INTO recipes_type_meal (recipe_id, type_meal_id) VALUES ('29','7');
INSERT INTO recipes_type_meal (recipe_id, type_meal_id) VALUES ('29','8');
INSERT INTO recipes_type_meal (recipe_id, type_meal_id) VALUES ('30','9');
INSERT INTO recipes_type_meal (recipe_id, type_meal_id) VALUES ('30','8');
INSERT INTO recipes_type_meal (recipe_id, type_meal_id) VALUES ('30','3');
INSERT INTO recipes_type_meal (recipe_id, type_meal_id) VALUES ('30','1');
INSERT INTO recipes_type_meal (recipe_id, type_meal_id) VALUES ('30','4');
INSERT INTO recipes_type_meal (recipe_id, type_meal_id) VALUES ('30','2');
INSERT INTO recipes_type_meal (recipe_id, type_meal_id) VALUES ('30','10');
INSERT INTO recipes_type_meal (recipe_id, type_meal_id) VALUES ('30','5');
INSERT INTO recipes_type_meal (recipe_id, type_meal_id) VALUES ('31','3');
INSERT INTO recipes_type_meal (recipe_id, type_meal_id) VALUES ('31','4');
INSERT INTO recipes_type_meal (recipe_id, type_meal_id) VALUES ('32','5');
INSERT INTO recipes_type_meal (recipe_id, type_meal_id) VALUES ('32','3');
INSERT INTO recipes_type_meal (recipe_id, type_meal_id) VALUES ('33','6');
INSERT INTO recipes_type_meal (recipe_id, type_meal_id) VALUES ('34','2');
INSERT INTO recipes_type_meal (recipe_id, type_meal_id) VALUES ('34','6');
INSERT INTO recipes_type_meal (recipe_id, type_meal_id) VALUES ('34','5');
INSERT INTO recipes_type_meal (recipe_id, type_meal_id) VALUES ('34','3');
INSERT INTO recipes_type_meal (recipe_id, type_meal_id) VALUES ('34','10');
INSERT INTO recipes_type_meal (recipe_id, type_meal_id) VALUES ('34','4');
INSERT INTO recipes_type_meal (recipe_id, type_meal_id) VALUES ('34','1');
INSERT INTO recipes_type_meal (recipe_id, type_meal_id) VALUES ('34','7');
INSERT INTO recipes_type_meal (recipe_id, type_meal_id) VALUES ('35','5');
INSERT INTO recipes_type_meal (recipe_id, type_meal_id) VALUES ('35','1');
INSERT INTO recipes_type_meal (recipe_id, type_meal_id) VALUES ('35','3');
INSERT INTO recipes_type_meal (recipe_id, type_meal_id) VALUES ('36','3');
INSERT INTO recipes_type_meal (recipe_id, type_meal_id) VALUES ('36','8');
INSERT INTO recipes_type_meal (recipe_id, type_meal_id) VALUES ('36','9');
INSERT INTO recipes_type_meal (recipe_id, type_meal_id) VALUES ('36','7');
INSERT INTO recipes_type_meal (recipe_id, type_meal_id) VALUES ('36','5');
INSERT INTO recipes_type_meal (recipe_id, type_meal_id) VALUES ('36','1');
INSERT INTO recipes_type_meal (recipe_id, type_meal_id) VALUES ('36','4');
INSERT INTO recipes_type_meal (recipe_id, type_meal_id) VALUES ('36','2');
INSERT INTO recipes_type_meal (recipe_id, type_meal_id) VALUES ('36','6');
INSERT INTO recipes_type_meal (recipe_id, type_meal_id) VALUES ('36','10');
INSERT INTO recipes_type_meal (recipe_id, type_meal_id) VALUES ('37','7');
INSERT INTO recipes_type_meal (recipe_id, type_meal_id) VALUES ('38','8');
INSERT INTO recipes_type_meal (recipe_id, type_meal_id) VALUES ('38','7');
INSERT INTO recipes_type_meal (recipe_id, type_meal_id) VALUES ('38','3');
INSERT INTO recipes_type_meal (recipe_id, type_meal_id) VALUES ('38','2');
INSERT INTO recipes_type_meal (recipe_id, type_meal_id) VALUES ('38','1');
INSERT INTO recipes_type_meal (recipe_id, type_meal_id) VALUES ('38','10');
INSERT INTO recipes_type_meal (recipe_id, type_meal_id) VALUES ('38','6');
INSERT INTO recipes_type_meal (recipe_id, type_meal_id) VALUES ('38','4');
INSERT INTO recipes_type_meal (recipe_id, type_meal_id) VALUES ('39','10');
INSERT INTO recipes_type_meal (recipe_id, type_meal_id) VALUES ('39','3');
INSERT INTO recipes_type_meal (recipe_id, type_meal_id) VALUES ('39','7');
INSERT INTO recipes_type_meal (recipe_id, type_meal_id) VALUES ('39','8');
INSERT INTO recipes_type_meal (recipe_id, type_meal_id) VALUES ('39','9');
INSERT INTO recipes_type_meal (recipe_id, type_meal_id) VALUES ('39','1');
INSERT INTO recipes_type_meal (recipe_id, type_meal_id) VALUES ('40','10');
INSERT INTO recipes_type_meal (recipe_id, type_meal_id) VALUES ('40','7');
INSERT INTO recipes_type_meal (recipe_id, type_meal_id) VALUES ('40','9');
INSERT INTO recipes_type_meal (recipe_id, type_meal_id) VALUES ('40','4');
INSERT INTO recipes_type_meal (recipe_id, type_meal_id) VALUES ('40','3');
INSERT INTO recipes_type_meal (recipe_id, type_meal_id) VALUES ('40','5');
INSERT INTO recipes_type_meal (recipe_id, type_meal_id) VALUES ('40','8');
INSERT INTO recipes_type_meal (recipe_id, type_meal_id) VALUES ('40','2');
INSERT INTO recipes_type_meal (recipe_id, type_meal_id) VALUES ('40','1');
INSERT INTO recipes_type_meal (recipe_id, type_meal_id) VALUES ('40','6');
INSERT INTO recipes_type_meal (recipe_id, type_meal_id) VALUES ('41','4');
INSERT INTO recipes_type_meal (recipe_id, type_meal_id) VALUES ('41','5');
INSERT INTO recipes_type_meal (recipe_id, type_meal_id) VALUES ('41','7');
INSERT INTO recipes_type_meal (recipe_id, type_meal_id) VALUES ('41','1');
INSERT INTO recipes_type_meal (recipe_id, type_meal_id) VALUES ('41','2');
INSERT INTO recipes_type_meal (recipe_id, type_meal_id) VALUES ('41','10');
INSERT INTO recipes_type_meal (recipe_id, type_meal_id) VALUES ('41','6');
INSERT INTO recipes_type_meal (recipe_id, type_meal_id) VALUES ('42','4');
INSERT INTO recipes_type_meal (recipe_id, type_meal_id) VALUES ('42','1');
INSERT INTO recipes_type_meal (recipe_id, type_meal_id) VALUES ('42','6');
INSERT INTO recipes_type_meal (recipe_id, type_meal_id) VALUES ('42','7');
INSERT INTO recipes_type_meal (recipe_id, type_meal_id) VALUES ('42','3');
INSERT INTO recipes_type_meal (recipe_id, type_meal_id) VALUES ('42','2');
INSERT INTO recipes_type_meal (recipe_id, type_meal_id) VALUES ('43','10');
INSERT INTO recipes_type_meal (recipe_id, type_meal_id) VALUES ('43','3');
INSERT INTO recipes_type_meal (recipe_id, type_meal_id) VALUES ('43','9');
INSERT INTO recipes_type_meal (recipe_id, type_meal_id) VALUES ('43','8');
INSERT INTO recipes_type_meal (recipe_id, type_meal_id) VALUES ('43','2');
INSERT INTO recipes_type_meal (recipe_id, type_meal_id) VALUES ('43','4');
INSERT INTO recipes_type_meal (recipe_id, type_meal_id) VALUES ('44','1');
INSERT INTO recipes_type_meal (recipe_id, type_meal_id) VALUES ('45','8');
INSERT INTO recipes_type_meal (recipe_id, type_meal_id) VALUES ('45','6');
INSERT INTO recipes_type_meal (recipe_id, type_meal_id) VALUES ('45','10');
INSERT INTO recipes_type_meal (recipe_id, type_meal_id) VALUES ('45','4');
INSERT INTO recipes_type_meal (recipe_id, type_meal_id) VALUES ('45','7');
INSERT INTO recipes_type_meal (recipe_id, type_meal_id) VALUES ('45','3');
INSERT INTO recipes_type_meal (recipe_id, type_meal_id) VALUES ('45','9');
INSERT INTO recipes_type_meal (recipe_id, type_meal_id) VALUES ('45','1');
INSERT INTO recipes_type_meal (recipe_id, type_meal_id) VALUES ('46','4');
INSERT INTO recipes_type_meal (recipe_id, type_meal_id) VALUES ('47','8');
INSERT INTO recipes_type_meal (recipe_id, type_meal_id) VALUES ('47','2');
INSERT INTO recipes_type_meal (recipe_id, type_meal_id) VALUES ('48','10');
INSERT INTO recipes_type_meal (recipe_id, type_meal_id) VALUES ('48','4');
INSERT INTO recipes_type_meal (recipe_id, type_meal_id) VALUES ('48','1');
INSERT INTO recipes_type_meal (recipe_id, type_meal_id) VALUES ('49','7');
INSERT INTO recipes_type_meal (recipe_id, type_meal_id) VALUES ('49','4');
INSERT INTO recipes_type_meal (recipe_id, type_meal_id) VALUES ('49','6');
INSERT INTO recipes_type_meal (recipe_id, type_meal_id) VALUES ('49','3');
INSERT INTO recipes_type_meal (recipe_id, type_meal_id) VALUES ('49','1');
INSERT INTO recipes_type_meal (recipe_id, type_meal_id) VALUES ('49','5');
INSERT INTO recipes_type_meal (recipe_id, type_meal_id) VALUES ('50','2');
INSERT INTO recipes_type_meal (recipe_id, type_meal_id) VALUES ('50','6');
INSERT INTO recipes_type_meal (recipe_id, type_meal_id) VALUES ('51','3');
INSERT INTO recipes_type_meal (recipe_id, type_meal_id) VALUES ('51','7');
INSERT INTO recipes_type_meal (recipe_id, type_meal_id) VALUES ('51','10');
INSERT INTO recipes_type_meal (recipe_id, type_meal_id) VALUES ('51','8');
INSERT INTO recipes_type_meal (recipe_id, type_meal_id) VALUES ('51','6');
INSERT INTO recipes_type_meal (recipe_id, type_meal_id) VALUES ('51','1');
INSERT INTO recipes_type_meal (recipe_id, type_meal_id) VALUES ('51','4');
INSERT INTO recipes_type_meal (recipe_id, type_meal_id) VALUES ('51','5');
INSERT INTO recipes_type_meal (recipe_id, type_meal_id) VALUES ('51','9');
INSERT INTO recipes_type_meal (recipe_id, type_meal_id) VALUES ('52','9');
INSERT INTO recipes_type_meal (recipe_id, type_meal_id) VALUES ('52','10');
INSERT INTO recipes_type_meal (recipe_id, type_meal_id) VALUES ('52','7');
INSERT INTO recipes_type_meal (recipe_id, type_meal_id) VALUES ('52','2');
INSERT INTO recipes_type_meal (recipe_id, type_meal_id) VALUES ('52','3');
INSERT INTO recipes_type_meal (recipe_id, type_meal_id) VALUES ('52','6');
INSERT INTO recipes_type_meal (recipe_id, type_meal_id) VALUES ('52','4');
INSERT INTO recipes_type_meal (recipe_id, type_meal_id) VALUES ('52','1');
INSERT INTO recipes_type_meal (recipe_id, type_meal_id) VALUES ('52','8');
INSERT INTO recipes_type_meal (recipe_id, type_meal_id) VALUES ('53','3');
INSERT INTO recipes_type_meal (recipe_id, type_meal_id) VALUES ('53','6');
INSERT INTO recipes_type_meal (recipe_id, type_meal_id) VALUES ('53','4');
INSERT INTO recipes_type_meal (recipe_id, type_meal_id) VALUES ('53','10');
INSERT INTO recipes_type_meal (recipe_id, type_meal_id) VALUES ('54','1');
INSERT INTO recipes_type_meal (recipe_id, type_meal_id) VALUES ('54','7');
INSERT INTO recipes_type_meal (recipe_id, type_meal_id) VALUES ('54','2');
INSERT INTO recipes_type_meal (recipe_id, type_meal_id) VALUES ('54','9');
INSERT INTO recipes_type_meal (recipe_id, type_meal_id) VALUES ('54','5');
INSERT INTO recipes_type_meal (recipe_id, type_meal_id) VALUES ('55','7');
INSERT INTO recipes_type_meal (recipe_id, type_meal_id) VALUES ('55','8');
INSERT INTO recipes_type_meal (recipe_id, type_meal_id) VALUES ('55','2');
INSERT INTO recipes_type_meal (recipe_id, type_meal_id) VALUES ('55','10');
INSERT INTO recipes_type_meal (recipe_id, type_meal_id) VALUES ('55','9');
INSERT INTO recipes_type_meal (recipe_id, type_meal_id) VALUES ('55','4');
INSERT INTO recipes_type_meal (recipe_id, type_meal_id) VALUES ('56','9');
INSERT INTO recipes_type_meal (recipe_id, type_meal_id) VALUES ('56','10');
INSERT INTO recipes_type_meal (recipe_id, type_meal_id) VALUES ('56','3');
INSERT INTO recipes_type_meal (recipe_id, type_meal_id) VALUES ('56','2');
INSERT INTO recipes_type_meal (recipe_id, type_meal_id) VALUES ('56','8');
INSERT INTO recipes_type_meal (recipe_id, type_meal_id) VALUES ('56','5');
INSERT INTO recipes_type_meal (recipe_id, type_meal_id) VALUES ('56','1');
INSERT INTO recipes_type_meal (recipe_id, type_meal_id) VALUES ('56','4');
INSERT INTO recipes_type_meal (recipe_id, type_meal_id) VALUES ('57','5');
INSERT INTO recipes_type_meal (recipe_id, type_meal_id) VALUES ('58','5');
INSERT INTO recipes_type_meal (recipe_id, type_meal_id) VALUES ('58','4');
INSERT INTO recipes_type_meal (recipe_id, type_meal_id) VALUES ('58','9');
INSERT INTO recipes_type_meal (recipe_id, type_meal_id) VALUES ('58','6');
INSERT INTO recipes_type_meal (recipe_id, type_meal_id) VALUES ('58','3');
INSERT INTO recipes_type_meal (recipe_id, type_meal_id) VALUES ('58','1');
INSERT INTO recipes_type_meal (recipe_id, type_meal_id) VALUES ('58','8');
INSERT INTO recipes_type_meal (recipe_id, type_meal_id) VALUES ('58','2');
INSERT INTO recipes_type_meal (recipe_id, type_meal_id) VALUES ('58','7');
INSERT INTO recipes_type_meal (recipe_id, type_meal_id) VALUES ('59','7');
INSERT INTO recipes_type_meal (recipe_id, type_meal_id) VALUES ('59','6');
INSERT INTO recipes_type_meal (recipe_id, type_meal_id) VALUES ('59','8');
INSERT INTO recipes_type_meal (recipe_id, type_meal_id) VALUES ('59','10');
INSERT INTO recipes_type_meal (recipe_id, type_meal_id) VALUES ('59','5');
INSERT INTO recipes_type_meal (recipe_id, type_meal_id) VALUES ('60','8');
INSERT INTO recipes_type_meal (recipe_id, type_meal_id) VALUES ('60','9');
INSERT INTO recipes_type_meal (recipe_id, type_meal_id) VALUES ('60','7');
INSERT INTO recipes_type_meal (recipe_id, type_meal_id) VALUES ('60','3');
INSERT INTO recipes_type_meal (recipe_id, type_meal_id) VALUES ('61','2');
INSERT INTO recipes_type_meal (recipe_id, type_meal_id) VALUES ('61','4');
INSERT INTO recipes_type_meal (recipe_id, type_meal_id) VALUES ('61','5');
INSERT INTO recipes_type_meal (recipe_id, type_meal_id) VALUES ('61','1');
INSERT INTO recipes_type_meal (recipe_id, type_meal_id) VALUES ('61','8');
INSERT INTO recipes_type_meal (recipe_id, type_meal_id) VALUES ('61','10');
INSERT INTO recipes_type_meal (recipe_id, type_meal_id) VALUES ('61','7');
INSERT INTO recipes_type_meal (recipe_id, type_meal_id) VALUES ('61','9');
INSERT INTO recipes_type_meal (recipe_id, type_meal_id) VALUES ('62','10');
INSERT INTO recipes_type_meal (recipe_id, type_meal_id) VALUES ('62','6');
INSERT INTO recipes_type_meal (recipe_id, type_meal_id) VALUES ('62','5');
INSERT INTO recipes_type_meal (recipe_id, type_meal_id) VALUES ('63','3');
INSERT INTO recipes_type_meal (recipe_id, type_meal_id) VALUES ('64','4');
INSERT INTO recipes_type_meal (recipe_id, type_meal_id) VALUES ('64','5');
INSERT INTO recipes_type_meal (recipe_id, type_meal_id) VALUES ('64','7');
INSERT INTO recipes_type_meal (recipe_id, type_meal_id) VALUES ('64','9');
INSERT INTO recipes_type_meal (recipe_id, type_meal_id) VALUES ('64','1');
INSERT INTO recipes_type_meal (recipe_id, type_meal_id) VALUES ('64','2');
INSERT INTO recipes_type_meal (recipe_id, type_meal_id) VALUES ('64','8');
INSERT INTO recipes_type_meal (recipe_id, type_meal_id) VALUES ('65','8');
INSERT INTO recipes_type_meal (recipe_id, type_meal_id) VALUES ('65','9');
INSERT INTO recipes_type_meal (recipe_id, type_meal_id) VALUES ('65','3');
INSERT INTO recipes_type_meal (recipe_id, type_meal_id) VALUES ('65','7');
INSERT INTO recipes_type_meal (recipe_id, type_meal_id) VALUES ('65','2');
INSERT INTO recipes_type_meal (recipe_id, type_meal_id) VALUES ('65','10');
INSERT INTO recipes_type_meal (recipe_id, type_meal_id) VALUES ('65','5');
INSERT INTO recipes_type_meal (recipe_id, type_meal_id) VALUES ('65','4');
INSERT INTO recipes_type_meal (recipe_id, type_meal_id) VALUES ('65','1');
INSERT INTO recipes_type_meal (recipe_id, type_meal_id) VALUES ('65','6');
INSERT INTO recipes_type_meal (recipe_id, type_meal_id) VALUES ('66','4');
INSERT INTO recipes_type_meal (recipe_id, type_meal_id) VALUES ('66','6');
INSERT INTO recipes_type_meal (recipe_id, type_meal_id) VALUES ('67','8');
INSERT INTO recipes_type_meal (recipe_id, type_meal_id) VALUES ('68','9');
INSERT INTO recipes_type_meal (recipe_id, type_meal_id) VALUES ('68','2');
INSERT INTO recipes_type_meal (recipe_id, type_meal_id) VALUES ('68','3');
INSERT INTO recipes_type_meal (recipe_id, type_meal_id) VALUES ('68','4');
INSERT INTO recipes_type_meal (recipe_id, type_meal_id) VALUES ('68','6');
INSERT INTO recipes_type_meal (recipe_id, type_meal_id) VALUES ('68','1');
INSERT INTO recipes_type_meal (recipe_id, type_meal_id) VALUES ('68','10');
INSERT INTO recipes_type_meal (recipe_id, type_meal_id) VALUES ('68','7');
INSERT INTO recipes_type_meal (recipe_id, type_meal_id) VALUES ('68','8');
INSERT INTO recipes_type_meal (recipe_id, type_meal_id) VALUES ('69','5');
INSERT INTO recipes_type_meal (recipe_id, type_meal_id) VALUES ('69','8');
INSERT INTO recipes_type_meal (recipe_id, type_meal_id) VALUES ('69','3');
INSERT INTO recipes_type_meal (recipe_id, type_meal_id) VALUES ('69','9');
INSERT INTO recipes_type_meal (recipe_id, type_meal_id) VALUES ('70','3');
INSERT INTO recipes_type_meal (recipe_id, type_meal_id) VALUES ('71','2');
INSERT INTO recipes_type_meal (recipe_id, type_meal_id) VALUES ('71','10');
INSERT INTO recipes_type_meal (recipe_id, type_meal_id) VALUES ('71','6');
INSERT INTO recipes_type_meal (recipe_id, type_meal_id) VALUES ('71','8');
INSERT INTO recipes_type_meal (recipe_id, type_meal_id) VALUES ('72','7');
INSERT INTO recipes_type_meal (recipe_id, type_meal_id) VALUES ('72','3');
INSERT INTO recipes_type_meal (recipe_id, type_meal_id) VALUES ('72','5');
INSERT INTO recipes_type_meal (recipe_id, type_meal_id) VALUES ('72','8');
INSERT INTO recipes_type_meal (recipe_id, type_meal_id) VALUES ('72','9');
INSERT INTO recipes_type_meal (recipe_id, type_meal_id) VALUES ('72','10');
INSERT INTO recipes_type_meal (recipe_id, type_meal_id) VALUES ('72','1');
INSERT INTO recipes_type_meal (recipe_id, type_meal_id) VALUES ('72','6');
INSERT INTO recipes_type_meal (recipe_id, type_meal_id) VALUES ('72','2');
INSERT INTO recipes_type_meal (recipe_id, type_meal_id) VALUES ('72','4');
INSERT INTO recipes_type_meal (recipe_id, type_meal_id) VALUES ('73','2');
INSERT INTO recipes_type_meal (recipe_id, type_meal_id) VALUES ('73','7');
INSERT INTO recipes_type_meal (recipe_id, type_meal_id) VALUES ('73','8');
INSERT INTO recipes_type_meal (recipe_id, type_meal_id) VALUES ('73','1');
INSERT INTO recipes_type_meal (recipe_id, type_meal_id) VALUES ('74','2');
INSERT INTO recipes_type_meal (recipe_id, type_meal_id) VALUES ('74','8');
INSERT INTO recipes_type_meal (recipe_id, type_meal_id) VALUES ('74','4');
INSERT INTO recipes_type_meal (recipe_id, type_meal_id) VALUES ('74','9');
INSERT INTO recipes_type_meal (recipe_id, type_meal_id) VALUES ('74','6');
INSERT INTO recipes_type_meal (recipe_id, type_meal_id) VALUES ('74','10');
INSERT INTO recipes_type_meal (recipe_id, type_meal_id) VALUES ('74','5');
INSERT INTO recipes_type_meal (recipe_id, type_meal_id) VALUES ('74','3');
INSERT INTO recipes_type_meal (recipe_id, type_meal_id) VALUES ('75','3');
INSERT INTO recipes_type_meal (recipe_id, type_meal_id) VALUES ('75','9');
INSERT INTO recipes_type_meal (recipe_id, type_meal_id) VALUES ('75','2');
INSERT INTO recipes_type_meal (recipe_id, type_meal_id) VALUES ('75','10');
INSERT INTO recipes_type_meal (recipe_id, type_meal_id) VALUES ('75','4');
INSERT INTO recipes_type_meal (recipe_id, type_meal_id) VALUES ('76','9');
INSERT INTO recipes_type_meal (recipe_id, type_meal_id) VALUES ('76','7');
INSERT INTO recipes_type_meal (recipe_id, type_meal_id) VALUES ('77','2');
INSERT INTO recipes_type_meal (recipe_id, type_meal_id) VALUES ('77','4');
INSERT INTO recipes_type_meal (recipe_id, type_meal_id) VALUES ('77','10');
INSERT INTO recipes_type_meal (recipe_id, type_meal_id) VALUES ('77','6');
INSERT INTO recipes_type_meal (recipe_id, type_meal_id) VALUES ('77','9');
INSERT INTO recipes_type_meal (recipe_id, type_meal_id) VALUES ('78','5');
INSERT INTO recipes_type_meal (recipe_id, type_meal_id) VALUES ('78','1');
INSERT INTO recipes_type_meal (recipe_id, type_meal_id) VALUES ('78','8');
INSERT INTO recipes_type_meal (recipe_id, type_meal_id) VALUES ('79','5');
INSERT INTO recipes_type_meal (recipe_id, type_meal_id) VALUES ('79','10');
INSERT INTO recipes_type_meal (recipe_id, type_meal_id) VALUES ('80','7');
INSERT INTO recipes_type_meal (recipe_id, type_meal_id) VALUES ('80','8');
INSERT INTO recipes_type_meal (recipe_id, type_meal_id) VALUES ('80','9');
INSERT INTO recipes_type_meal (recipe_id, type_meal_id) VALUES ('81','6');
INSERT INTO recipes_type_meal (recipe_id, type_meal_id) VALUES ('81','1');
INSERT INTO recipes_type_meal (recipe_id, type_meal_id) VALUES ('81','7');
INSERT INTO recipes_type_meal (recipe_id, type_meal_id) VALUES ('81','2');
INSERT INTO recipes_type_meal (recipe_id, type_meal_id) VALUES ('81','3');
INSERT INTO recipes_type_meal (recipe_id, type_meal_id) VALUES ('81','10');
INSERT INTO recipes_type_meal (recipe_id, type_meal_id) VALUES ('82','5');
INSERT INTO recipes_type_meal (recipe_id, type_meal_id) VALUES ('82','7');
INSERT INTO recipes_type_meal (recipe_id, type_meal_id) VALUES ('82','2');
INSERT INTO recipes_type_meal (recipe_id, type_meal_id) VALUES ('83','5');
INSERT INTO recipes_type_meal (recipe_id, type_meal_id) VALUES ('83','6');
INSERT INTO recipes_type_meal (recipe_id, type_meal_id) VALUES ('83','1');
INSERT INTO recipes_type_meal (recipe_id, type_meal_id) VALUES ('83','2');
INSERT INTO recipes_type_meal (recipe_id, type_meal_id) VALUES ('83','7');
INSERT INTO recipes_type_meal (recipe_id, type_meal_id) VALUES ('83','4');
INSERT INTO recipes_type_meal (recipe_id, type_meal_id) VALUES ('83','10');
INSERT INTO recipes_type_meal (recipe_id, type_meal_id) VALUES ('84','3');
INSERT INTO recipes_type_meal (recipe_id, type_meal_id) VALUES ('84','6');
INSERT INTO recipes_type_meal (recipe_id, type_meal_id) VALUES ('84','10');
INSERT INTO recipes_type_meal (recipe_id, type_meal_id) VALUES ('84','8');
INSERT INTO recipes_type_meal (recipe_id, type_meal_id) VALUES ('84','1');
INSERT INTO recipes_type_meal (recipe_id, type_meal_id) VALUES ('84','4');
INSERT INTO recipes_type_meal (recipe_id, type_meal_id) VALUES ('85','3');
INSERT INTO recipes_type_meal (recipe_id, type_meal_id) VALUES ('85','7');
INSERT INTO recipes_type_meal (recipe_id, type_meal_id) VALUES ('85','8');
INSERT INTO recipes_type_meal (recipe_id, type_meal_id) VALUES ('85','2');
INSERT INTO recipes_type_meal (recipe_id, type_meal_id) VALUES ('85','9');
INSERT INTO recipes_type_meal (recipe_id, type_meal_id) VALUES ('86','7');
INSERT INTO recipes_type_meal (recipe_id, type_meal_id) VALUES ('87','4');
INSERT INTO recipes_type_meal (recipe_id, type_meal_id) VALUES ('87','9');
INSERT INTO recipes_type_meal (recipe_id, type_meal_id) VALUES ('87','6');
INSERT INTO recipes_type_meal (recipe_id, type_meal_id) VALUES ('87','10');
INSERT INTO recipes_type_meal (recipe_id, type_meal_id) VALUES ('87','1');
INSERT INTO recipes_type_meal (recipe_id, type_meal_id) VALUES ('87','5');
INSERT INTO recipes_type_meal (recipe_id, type_meal_id) VALUES ('87','2');
INSERT INTO recipes_type_meal (recipe_id, type_meal_id) VALUES ('88','1');
INSERT INTO recipes_type_meal (recipe_id, type_meal_id) VALUES ('88','5');
INSERT INTO recipes_type_meal (recipe_id, type_meal_id) VALUES ('89','1');
INSERT INTO recipes_type_meal (recipe_id, type_meal_id) VALUES ('89','3');
INSERT INTO recipes_type_meal (recipe_id, type_meal_id) VALUES ('89','4');
INSERT INTO recipes_type_meal (recipe_id, type_meal_id) VALUES ('89','8');
INSERT INTO recipes_type_meal (recipe_id, type_meal_id) VALUES ('89','2');
INSERT INTO recipes_type_meal (recipe_id, type_meal_id) VALUES ('89','6');
INSERT INTO recipes_type_meal (recipe_id, type_meal_id) VALUES ('90','10');
INSERT INTO recipes_type_meal (recipe_id, type_meal_id) VALUES ('90','7');
INSERT INTO recipes_type_meal (recipe_id, type_meal_id) VALUES ('90','9');
INSERT INTO recipes_type_meal (recipe_id, type_meal_id) VALUES ('90','6');
INSERT INTO recipes_type_meal (recipe_id, type_meal_id) VALUES ('90','2');
INSERT INTO recipes_type_meal (recipe_id, type_meal_id) VALUES ('90','4');
INSERT INTO recipes_type_meal (recipe_id, type_meal_id) VALUES ('91','3');
INSERT INTO recipes_type_meal (recipe_id, type_meal_id) VALUES ('91','10');
INSERT INTO recipes_type_meal (recipe_id, type_meal_id) VALUES ('91','5');
INSERT INTO recipes_type_meal (recipe_id, type_meal_id) VALUES ('91','8');
INSERT INTO recipes_type_meal (recipe_id, type_meal_id) VALUES ('91','4');
INSERT INTO recipes_type_meal (recipe_id, type_meal_id) VALUES ('91','7');
INSERT INTO recipes_type_meal (recipe_id, type_meal_id) VALUES ('92','7');
INSERT INTO recipes_type_meal (recipe_id, type_meal_id) VALUES ('92','2');
INSERT INTO recipes_type_meal (recipe_id, type_meal_id) VALUES ('92','6');
INSERT INTO recipes_type_meal (recipe_id, type_meal_id) VALUES ('92','8');
INSERT INTO recipes_type_meal (recipe_id, type_meal_id) VALUES ('92','9');
INSERT INTO recipes_type_meal (recipe_id, type_meal_id) VALUES ('92','10');
INSERT INTO recipes_type_meal (recipe_id, type_meal_id) VALUES ('92','1');
INSERT INTO recipes_type_meal (recipe_id, type_meal_id) VALUES ('93','6');
INSERT INTO recipes_type_meal (recipe_id, type_meal_id) VALUES ('93','5');
INSERT INTO recipes_type_meal (recipe_id, type_meal_id) VALUES ('93','4');
INSERT INTO recipes_type_meal (recipe_id, type_meal_id) VALUES ('93','7');
INSERT INTO recipes_type_meal (recipe_id, type_meal_id) VALUES ('93','8');
INSERT INTO recipes_type_meal (recipe_id, type_meal_id) VALUES ('94','4');
INSERT INTO recipes_type_meal (recipe_id, type_meal_id) VALUES ('95','3');
INSERT INTO recipes_type_meal (recipe_id, type_meal_id) VALUES ('95','9');
INSERT INTO recipes_type_meal (recipe_id, type_meal_id) VALUES ('95','6');
INSERT INTO recipes_type_meal (recipe_id, type_meal_id) VALUES ('95','1');
INSERT INTO recipes_type_meal (recipe_id, type_meal_id) VALUES ('95','4');
INSERT INTO recipes_type_meal (recipe_id, type_meal_id) VALUES ('95','10');
INSERT INTO recipes_type_meal (recipe_id, type_meal_id) VALUES ('96','5');
INSERT INTO recipes_type_meal (recipe_id, type_meal_id) VALUES ('96','9');
INSERT INTO recipes_type_meal (recipe_id, type_meal_id) VALUES ('96','1');
INSERT INTO recipes_type_meal (recipe_id, type_meal_id) VALUES ('96','6');
INSERT INTO recipes_type_meal (recipe_id, type_meal_id) VALUES ('97','7');
INSERT INTO recipes_type_meal (recipe_id, type_meal_id) VALUES ('97','2');
INSERT INTO recipes_type_meal (recipe_id, type_meal_id) VALUES ('98','8');
INSERT INTO recipes_type_meal (recipe_id, type_meal_id) VALUES ('98','9');
INSERT INTO recipes_type_meal (recipe_id, type_meal_id) VALUES ('98','4');
INSERT INTO recipes_type_meal (recipe_id, type_meal_id) VALUES ('98','2');
INSERT INTO recipes_type_meal (recipe_id, type_meal_id) VALUES ('99','5');
INSERT INTO recipes_type_meal (recipe_id, type_meal_id) VALUES ('99','8');
INSERT INTO recipes_type_meal (recipe_id, type_meal_id) VALUES ('99','2');
INSERT INTO recipes_type_meal (recipe_id, type_meal_id) VALUES ('99','4');
INSERT INTO recipes_type_meal (recipe_id, type_meal_id) VALUES ('99','3');
INSERT INTO recipes_type_meal (recipe_id, type_meal_id) VALUES ('99','6');
INSERT INTO recipes_type_meal (recipe_id, type_meal_id) VALUES ('99','10');
INSERT INTO recipes_type_meal (recipe_id, type_meal_id) VALUES ('99','1');
INSERT INTO recipes_type_meal (recipe_id, type_meal_id) VALUES ('99','7');
INSERT INTO recipes_type_meal (recipe_id, type_meal_id) VALUES ('99','9');
INSERT INTO recipes_type_meal (recipe_id, type_meal_id) VALUES ('100','10');
INSERT INTO recipes_type_meal (recipe_id, type_meal_id) VALUES ('100','4');
INSERT INTO recipes_type_meal (recipe_id, type_meal_id) VALUES ('100','3');
INSERT INTO recipes_type_meal (recipe_id, type_meal_id) VALUES ('100','8');
INSERT INTO recipes_type_meal (recipe_id, type_meal_id) VALUES ('100','2');

INSERT INTO tips (type_meal_id, tip) VALUES ('1','Prove tree teacher blue necessary hand.');
INSERT INTO tips (type_meal_id, tip) VALUES ('2','Edge all subject toward hundred.');
INSERT INTO tips (type_meal_id, tip) VALUES ('3','Help article five full.');
INSERT INTO tips (type_meal_id, tip) VALUES ('4','Impact entire trade guess place join officer Democrat.');
INSERT INTO tips (type_meal_id, tip) VALUES ('5','Significant painting price present.');
INSERT INTO tips (type_meal_id, tip) VALUES ('6','Cut many such other camera short.');
INSERT INTO tips (type_meal_id, tip) VALUES ('7','Cost hope how produce cause.');
INSERT INTO tips (type_meal_id, tip) VALUES ('8','Relationship whose read could line.');
INSERT INTO tips (type_meal_id, tip) VALUES ('9','Tough bag type let modern ball different.');
INSERT INTO tips (type_meal_id, tip) VALUES ('10','Work end even girl relate way.');

INSERT INTO meal (meal_id, category_meal, image, image_caption) VALUES ('1', 'voice', 'https://placekitten.com/280/239', 'Synergistic intermediate definition');
INSERT INTO meal (meal_id, category_meal, image, image_caption) VALUES ('2', 'teacher', 'https://dummyimage.com/746x486', 'Extended disintermediate groupware');
INSERT INTO meal (meal_id, category_meal, image, image_caption) VALUES ('3', 'guess', 'https://placekitten.com/646/715', 'Assimilated methodical attitude');
INSERT INTO meal (meal_id, category_meal, image, image_caption) VALUES ('4', 'condition', 'https://picsum.photos/750/514', 'Distributed encompassing software');
INSERT INTO meal (meal_id, category_meal, image, image_caption) VALUES ('5', 'challenge', 'https://picsum.photos/636/393', 'Stand-alone incremental standardization');
INSERT INTO meal (meal_id, category_meal, image, image_caption) VALUES ('6', 'but', 'https://dummyimage.com/723x323', 'Fully-configurable even-keeled portal');
INSERT INTO meal (meal_id, category_meal, image, image_caption) VALUES ('7', 'happy', 'https://dummyimage.com/925x768', 'Expanded fresh-thinking infrastructure');
INSERT INTO meal (meal_id, category_meal, image, image_caption) VALUES ('8', 'sell', 'https://placekitten.com/1013/393', 'Total explicit function');
INSERT INTO meal (meal_id, category_meal, image, image_caption) VALUES ('9', 'matter', 'https://dummyimage.com/598x61', 'Multi-layered needs-based customer loyal');
INSERT INTO meal (meal_id, category_meal, image, image_caption) VALUES ('10', 'watch', 'https://placekitten.com/618/508', 'Re-engineered disintermediate portal');

INSERT INTO recipe_meals (meal_id, recipe_id) VALUES ('2','1');
INSERT INTO recipe_meals (meal_id, recipe_id) VALUES ('1','1');
INSERT INTO recipe_meals (meal_id, recipe_id) VALUES ('10','1');
INSERT INTO recipe_meals (meal_id, recipe_id) VALUES ('3','1');
INSERT INTO recipe_meals (meal_id, recipe_id) VALUES ('5','1');
INSERT INTO recipe_meals (meal_id, recipe_id) VALUES ('8','1');
INSERT INTO recipe_meals (meal_id, recipe_id) VALUES ('9','1');
INSERT INTO recipe_meals (meal_id, recipe_id) VALUES ('7','1');
INSERT INTO recipe_meals (meal_id, recipe_id) VALUES ('6','1');
INSERT INTO recipe_meals (meal_id, recipe_id) VALUES ('4','1');
INSERT INTO recipe_meals (meal_id, recipe_id) VALUES ('2','2');
INSERT INTO recipe_meals (meal_id, recipe_id) VALUES ('3','2');
INSERT INTO recipe_meals (meal_id, recipe_id) VALUES ('7','2');
INSERT INTO recipe_meals (meal_id, recipe_id) VALUES ('5','2');
INSERT INTO recipe_meals (meal_id, recipe_id) VALUES ('4','2');
INSERT INTO recipe_meals (meal_id, recipe_id) VALUES ('10','2');
INSERT INTO recipe_meals (meal_id, recipe_id) VALUES ('3','3');
INSERT INTO recipe_meals (meal_id, recipe_id) VALUES ('7','3');
INSERT INTO recipe_meals (meal_id, recipe_id) VALUES ('4','3');
INSERT INTO recipe_meals (meal_id, recipe_id) VALUES ('2','3');
INSERT INTO recipe_meals (meal_id, recipe_id) VALUES ('6','3');
INSERT INTO recipe_meals (meal_id, recipe_id) VALUES ('5','3');
INSERT INTO recipe_meals (meal_id, recipe_id) VALUES ('5','4');
INSERT INTO recipe_meals (meal_id, recipe_id) VALUES ('2','4');
INSERT INTO recipe_meals (meal_id, recipe_id) VALUES ('7','4');
INSERT INTO recipe_meals (meal_id, recipe_id) VALUES ('9','4');
INSERT INTO recipe_meals (meal_id, recipe_id) VALUES ('4','5');
INSERT INTO recipe_meals (meal_id, recipe_id) VALUES ('8','5');
INSERT INTO recipe_meals (meal_id, recipe_id) VALUES ('1','5');
INSERT INTO recipe_meals (meal_id, recipe_id) VALUES ('3','6');
INSERT INTO recipe_meals (meal_id, recipe_id) VALUES ('7','6');
INSERT INTO recipe_meals (meal_id, recipe_id) VALUES ('1','6');
INSERT INTO recipe_meals (meal_id, recipe_id) VALUES ('6','6');
INSERT INTO recipe_meals (meal_id, recipe_id) VALUES ('7','7');
INSERT INTO recipe_meals (meal_id, recipe_id) VALUES ('10','8');
INSERT INTO recipe_meals (meal_id, recipe_id) VALUES ('9','8');
INSERT INTO recipe_meals (meal_id, recipe_id) VALUES ('4','8');
INSERT INTO recipe_meals (meal_id, recipe_id) VALUES ('2','8');
INSERT INTO recipe_meals (meal_id, recipe_id) VALUES ('7','8');
INSERT INTO recipe_meals (meal_id, recipe_id) VALUES ('6','8');
INSERT INTO recipe_meals (meal_id, recipe_id) VALUES ('5','8');
INSERT INTO recipe_meals (meal_id, recipe_id) VALUES ('8','8');
INSERT INTO recipe_meals (meal_id, recipe_id) VALUES ('3','8');
INSERT INTO recipe_meals (meal_id, recipe_id) VALUES ('2','9');
INSERT INTO recipe_meals (meal_id, recipe_id) VALUES ('5','9');
INSERT INTO recipe_meals (meal_id, recipe_id) VALUES ('3','9');
INSERT INTO recipe_meals (meal_id, recipe_id) VALUES ('1','9');
INSERT INTO recipe_meals (meal_id, recipe_id) VALUES ('10','9');
INSERT INTO recipe_meals (meal_id, recipe_id) VALUES ('10','10');
INSERT INTO recipe_meals (meal_id, recipe_id) VALUES ('2','10');
INSERT INTO recipe_meals (meal_id, recipe_id) VALUES ('4','10');
INSERT INTO recipe_meals (meal_id, recipe_id) VALUES ('1','10');
INSERT INTO recipe_meals (meal_id, recipe_id) VALUES ('5','10');
INSERT INTO recipe_meals (meal_id, recipe_id) VALUES ('9','10');
INSERT INTO recipe_meals (meal_id, recipe_id) VALUES ('3','10');
INSERT INTO recipe_meals (meal_id, recipe_id) VALUES ('8','10');
INSERT INTO recipe_meals (meal_id, recipe_id) VALUES ('6','10');
INSERT INTO recipe_meals (meal_id, recipe_id) VALUES ('7','11');
INSERT INTO recipe_meals (meal_id, recipe_id) VALUES ('3','11');
INSERT INTO recipe_meals (meal_id, recipe_id) VALUES ('6','11');
INSERT INTO recipe_meals (meal_id, recipe_id) VALUES ('1','11');
INSERT INTO recipe_meals (meal_id, recipe_id) VALUES ('5','11');
INSERT INTO recipe_meals (meal_id, recipe_id) VALUES ('2','11');
INSERT INTO recipe_meals (meal_id, recipe_id) VALUES ('8','11');
INSERT INTO recipe_meals (meal_id, recipe_id) VALUES ('10','11');
INSERT INTO recipe_meals (meal_id, recipe_id) VALUES ('5','12');
INSERT INTO recipe_meals (meal_id, recipe_id) VALUES ('7','12');
INSERT INTO recipe_meals (meal_id, recipe_id) VALUES ('1','12');
INSERT INTO recipe_meals (meal_id, recipe_id) VALUES ('3','12');
INSERT INTO recipe_meals (meal_id, recipe_id) VALUES ('2','13');
INSERT INTO recipe_meals (meal_id, recipe_id) VALUES ('3','13');
INSERT INTO recipe_meals (meal_id, recipe_id) VALUES ('4','13');
INSERT INTO recipe_meals (meal_id, recipe_id) VALUES ('6','14');
INSERT INTO recipe_meals (meal_id, recipe_id) VALUES ('6','15');
INSERT INTO recipe_meals (meal_id, recipe_id) VALUES ('8','15');
INSERT INTO recipe_meals (meal_id, recipe_id) VALUES ('5','15');
INSERT INTO recipe_meals (meal_id, recipe_id) VALUES ('4','15');
INSERT INTO recipe_meals (meal_id, recipe_id) VALUES ('2','15');
INSERT INTO recipe_meals (meal_id, recipe_id) VALUES ('9','15');
INSERT INTO recipe_meals (meal_id, recipe_id) VALUES ('7','15');
INSERT INTO recipe_meals (meal_id, recipe_id) VALUES ('3','15');
INSERT INTO recipe_meals (meal_id, recipe_id) VALUES ('2','16');
INSERT INTO recipe_meals (meal_id, recipe_id) VALUES ('4','17');
INSERT INTO recipe_meals (meal_id, recipe_id) VALUES ('6','17');
INSERT INTO recipe_meals (meal_id, recipe_id) VALUES ('5','17');
INSERT INTO recipe_meals (meal_id, recipe_id) VALUES ('3','17');
INSERT INTO recipe_meals (meal_id, recipe_id) VALUES ('8','17');
INSERT INTO recipe_meals (meal_id, recipe_id) VALUES ('2','17');
INSERT INTO recipe_meals (meal_id, recipe_id) VALUES ('7','17');
INSERT INTO recipe_meals (meal_id, recipe_id) VALUES ('10','17');
INSERT INTO recipe_meals (meal_id, recipe_id) VALUES ('3','18');
INSERT INTO recipe_meals (meal_id, recipe_id) VALUES ('5','18');
INSERT INTO recipe_meals (meal_id, recipe_id) VALUES ('4','18');
INSERT INTO recipe_meals (meal_id, recipe_id) VALUES ('2','18');
INSERT INTO recipe_meals (meal_id, recipe_id) VALUES ('10','18');
INSERT INTO recipe_meals (meal_id, recipe_id) VALUES ('6','19');
INSERT INTO recipe_meals (meal_id, recipe_id) VALUES ('9','19');
INSERT INTO recipe_meals (meal_id, recipe_id) VALUES ('5','19');
INSERT INTO recipe_meals (meal_id, recipe_id) VALUES ('7','19');
INSERT INTO recipe_meals (meal_id, recipe_id) VALUES ('1','19');
INSERT INTO recipe_meals (meal_id, recipe_id) VALUES ('4','19');
INSERT INTO recipe_meals (meal_id, recipe_id) VALUES ('3','19');
INSERT INTO recipe_meals (meal_id, recipe_id) VALUES ('2','19');
INSERT INTO recipe_meals (meal_id, recipe_id) VALUES ('3','20');
INSERT INTO recipe_meals (meal_id, recipe_id) VALUES ('2','21');
INSERT INTO recipe_meals (meal_id, recipe_id) VALUES ('10','21');
INSERT INTO recipe_meals (meal_id, recipe_id) VALUES ('6','21');
INSERT INTO recipe_meals (meal_id, recipe_id) VALUES ('9','21');
INSERT INTO recipe_meals (meal_id, recipe_id) VALUES ('4','21');
INSERT INTO recipe_meals (meal_id, recipe_id) VALUES ('1','21');
INSERT INTO recipe_meals (meal_id, recipe_id) VALUES ('1','22');
INSERT INTO recipe_meals (meal_id, recipe_id) VALUES ('10','22');
INSERT INTO recipe_meals (meal_id, recipe_id) VALUES ('7','22');
INSERT INTO recipe_meals (meal_id, recipe_id) VALUES ('2','22');
INSERT INTO recipe_meals (meal_id, recipe_id) VALUES ('4','23');
INSERT INTO recipe_meals (meal_id, recipe_id) VALUES ('6','23');
INSERT INTO recipe_meals (meal_id, recipe_id) VALUES ('3','23');
INSERT INTO recipe_meals (meal_id, recipe_id) VALUES ('10','23');
INSERT INTO recipe_meals (meal_id, recipe_id) VALUES ('2','23');
INSERT INTO recipe_meals (meal_id, recipe_id) VALUES ('9','23');
INSERT INTO recipe_meals (meal_id, recipe_id) VALUES ('5','23');
INSERT INTO recipe_meals (meal_id, recipe_id) VALUES ('7','23');
INSERT INTO recipe_meals (meal_id, recipe_id) VALUES ('8','23');
INSERT INTO recipe_meals (meal_id, recipe_id) VALUES ('9','24');
INSERT INTO recipe_meals (meal_id, recipe_id) VALUES ('3','24');
INSERT INTO recipe_meals (meal_id, recipe_id) VALUES ('4','24');
INSERT INTO recipe_meals (meal_id, recipe_id) VALUES ('6','24');
INSERT INTO recipe_meals (meal_id, recipe_id) VALUES ('7','24');
INSERT INTO recipe_meals (meal_id, recipe_id) VALUES ('5','24');
INSERT INTO recipe_meals (meal_id, recipe_id) VALUES ('8','24');
INSERT INTO recipe_meals (meal_id, recipe_id) VALUES ('10','24');
INSERT INTO recipe_meals (meal_id, recipe_id) VALUES ('2','24');
INSERT INTO recipe_meals (meal_id, recipe_id) VALUES ('3','25');
INSERT INTO recipe_meals (meal_id, recipe_id) VALUES ('5','25');
INSERT INTO recipe_meals (meal_id, recipe_id) VALUES ('1','25');
INSERT INTO recipe_meals (meal_id, recipe_id) VALUES ('2','25');
INSERT INTO recipe_meals (meal_id, recipe_id) VALUES ('4','25');
INSERT INTO recipe_meals (meal_id, recipe_id) VALUES ('7','25');
INSERT INTO recipe_meals (meal_id, recipe_id) VALUES ('6','25');
INSERT INTO recipe_meals (meal_id, recipe_id) VALUES ('10','25');
INSERT INTO recipe_meals (meal_id, recipe_id) VALUES ('8','25');
INSERT INTO recipe_meals (meal_id, recipe_id) VALUES ('3','26');
INSERT INTO recipe_meals (meal_id, recipe_id) VALUES ('8','26');
INSERT INTO recipe_meals (meal_id, recipe_id) VALUES ('10','26');
INSERT INTO recipe_meals (meal_id, recipe_id) VALUES ('5','26');
INSERT INTO recipe_meals (meal_id, recipe_id) VALUES ('5','27');
INSERT INTO recipe_meals (meal_id, recipe_id) VALUES ('7','27');
INSERT INTO recipe_meals (meal_id, recipe_id) VALUES ('8','27');
INSERT INTO recipe_meals (meal_id, recipe_id) VALUES ('3','27');
INSERT INTO recipe_meals (meal_id, recipe_id) VALUES ('1','27');
INSERT INTO recipe_meals (meal_id, recipe_id) VALUES ('1','28');
INSERT INTO recipe_meals (meal_id, recipe_id) VALUES ('5','28');
INSERT INTO recipe_meals (meal_id, recipe_id) VALUES ('10','28');
INSERT INTO recipe_meals (meal_id, recipe_id) VALUES ('9','28');
INSERT INTO recipe_meals (meal_id, recipe_id) VALUES ('6','28');
INSERT INTO recipe_meals (meal_id, recipe_id) VALUES ('2','28');
INSERT INTO recipe_meals (meal_id, recipe_id) VALUES ('7','28');
INSERT INTO recipe_meals (meal_id, recipe_id) VALUES ('8','28');
INSERT INTO recipe_meals (meal_id, recipe_id) VALUES ('3','28');
INSERT INTO recipe_meals (meal_id, recipe_id) VALUES ('6','29');
INSERT INTO recipe_meals (meal_id, recipe_id) VALUES ('8','29');
INSERT INTO recipe_meals (meal_id, recipe_id) VALUES ('4','29');
INSERT INTO recipe_meals (meal_id, recipe_id) VALUES ('5','30');
INSERT INTO recipe_meals (meal_id, recipe_id) VALUES ('4','30');
INSERT INTO recipe_meals (meal_id, recipe_id) VALUES ('6','30');
INSERT INTO recipe_meals (meal_id, recipe_id) VALUES ('3','30');
INSERT INTO recipe_meals (meal_id, recipe_id) VALUES ('2','30');
INSERT INTO recipe_meals (meal_id, recipe_id) VALUES ('7','30');
INSERT INTO recipe_meals (meal_id, recipe_id) VALUES ('6','31');
INSERT INTO recipe_meals (meal_id, recipe_id) VALUES ('1','31');
INSERT INTO recipe_meals (meal_id, recipe_id) VALUES ('10','31');
INSERT INTO recipe_meals (meal_id, recipe_id) VALUES ('9','31');
INSERT INTO recipe_meals (meal_id, recipe_id) VALUES ('7','31');
INSERT INTO recipe_meals (meal_id, recipe_id) VALUES ('7','32');
INSERT INTO recipe_meals (meal_id, recipe_id) VALUES ('3','32');
INSERT INTO recipe_meals (meal_id, recipe_id) VALUES ('10','32');
INSERT INTO recipe_meals (meal_id, recipe_id) VALUES ('4','32');
INSERT INTO recipe_meals (meal_id, recipe_id) VALUES ('10','33');
INSERT INTO recipe_meals (meal_id, recipe_id) VALUES ('9','33');
INSERT INTO recipe_meals (meal_id, recipe_id) VALUES ('4','33');
INSERT INTO recipe_meals (meal_id, recipe_id) VALUES ('1','33');
INSERT INTO recipe_meals (meal_id, recipe_id) VALUES ('2','33');
INSERT INTO recipe_meals (meal_id, recipe_id) VALUES ('3','34');
INSERT INTO recipe_meals (meal_id, recipe_id) VALUES ('7','34');
INSERT INTO recipe_meals (meal_id, recipe_id) VALUES ('8','34');
INSERT INTO recipe_meals (meal_id, recipe_id) VALUES ('10','34');
INSERT INTO recipe_meals (meal_id, recipe_id) VALUES ('5','34');
INSERT INTO recipe_meals (meal_id, recipe_id) VALUES ('4','34');
INSERT INTO recipe_meals (meal_id, recipe_id) VALUES ('2','34');
INSERT INTO recipe_meals (meal_id, recipe_id) VALUES ('1','34');
INSERT INTO recipe_meals (meal_id, recipe_id) VALUES ('9','34');
INSERT INTO recipe_meals (meal_id, recipe_id) VALUES ('2','35');
INSERT INTO recipe_meals (meal_id, recipe_id) VALUES ('6','36');
INSERT INTO recipe_meals (meal_id, recipe_id) VALUES ('3','36');
INSERT INTO recipe_meals (meal_id, recipe_id) VALUES ('7','36');
INSERT INTO recipe_meals (meal_id, recipe_id) VALUES ('9','36');
INSERT INTO recipe_meals (meal_id, recipe_id) VALUES ('8','36');
INSERT INTO recipe_meals (meal_id, recipe_id) VALUES ('4','36');
INSERT INTO recipe_meals (meal_id, recipe_id) VALUES ('2','36');
INSERT INTO recipe_meals (meal_id, recipe_id) VALUES ('10','36');
INSERT INTO recipe_meals (meal_id, recipe_id) VALUES ('1','37');
INSERT INTO recipe_meals (meal_id, recipe_id) VALUES ('10','38');
INSERT INTO recipe_meals (meal_id, recipe_id) VALUES ('7','38');
INSERT INTO recipe_meals (meal_id, recipe_id) VALUES ('8','38');
INSERT INTO recipe_meals (meal_id, recipe_id) VALUES ('5','38');
INSERT INTO recipe_meals (meal_id, recipe_id) VALUES ('9','38');
INSERT INTO recipe_meals (meal_id, recipe_id) VALUES ('6','38');
INSERT INTO recipe_meals (meal_id, recipe_id) VALUES ('4','38');
INSERT INTO recipe_meals (meal_id, recipe_id) VALUES ('2','38');
INSERT INTO recipe_meals (meal_id, recipe_id) VALUES ('3','38');
INSERT INTO recipe_meals (meal_id, recipe_id) VALUES ('5','39');
INSERT INTO recipe_meals (meal_id, recipe_id) VALUES ('6','39');
INSERT INTO recipe_meals (meal_id, recipe_id) VALUES ('8','39');
INSERT INTO recipe_meals (meal_id, recipe_id) VALUES ('9','39');
INSERT INTO recipe_meals (meal_id, recipe_id) VALUES ('2','39');
INSERT INTO recipe_meals (meal_id, recipe_id) VALUES ('1','39');
INSERT INTO recipe_meals (meal_id, recipe_id) VALUES ('7','39');
INSERT INTO recipe_meals (meal_id, recipe_id) VALUES ('4','39');
INSERT INTO recipe_meals (meal_id, recipe_id) VALUES ('3','39');
INSERT INTO recipe_meals (meal_id, recipe_id) VALUES ('10','39');
INSERT INTO recipe_meals (meal_id, recipe_id) VALUES ('3','40');
INSERT INTO recipe_meals (meal_id, recipe_id) VALUES ('2','40');
INSERT INTO recipe_meals (meal_id, recipe_id) VALUES ('7','40');
INSERT INTO recipe_meals (meal_id, recipe_id) VALUES ('1','40');
INSERT INTO recipe_meals (meal_id, recipe_id) VALUES ('4','40');
INSERT INTO recipe_meals (meal_id, recipe_id) VALUES ('9','40');
INSERT INTO recipe_meals (meal_id, recipe_id) VALUES ('8','40');
INSERT INTO recipe_meals (meal_id, recipe_id) VALUES ('10','40');
INSERT INTO recipe_meals (meal_id, recipe_id) VALUES ('7','41');
INSERT INTO recipe_meals (meal_id, recipe_id) VALUES ('1','41');
INSERT INTO recipe_meals (meal_id, recipe_id) VALUES ('6','41');
INSERT INTO recipe_meals (meal_id, recipe_id) VALUES ('5','41');
INSERT INTO recipe_meals (meal_id, recipe_id) VALUES ('3','41');
INSERT INTO recipe_meals (meal_id, recipe_id) VALUES ('10','41');
INSERT INTO recipe_meals (meal_id, recipe_id) VALUES ('9','41');
INSERT INTO recipe_meals (meal_id, recipe_id) VALUES ('4','41');
INSERT INTO recipe_meals (meal_id, recipe_id) VALUES ('2','41');
INSERT INTO recipe_meals (meal_id, recipe_id) VALUES ('8','41');
INSERT INTO recipe_meals (meal_id, recipe_id) VALUES ('5','42');
INSERT INTO recipe_meals (meal_id, recipe_id) VALUES ('8','42');
INSERT INTO recipe_meals (meal_id, recipe_id) VALUES ('6','42');
INSERT INTO recipe_meals (meal_id, recipe_id) VALUES ('10','43');
INSERT INTO recipe_meals (meal_id, recipe_id) VALUES ('5','43');
INSERT INTO recipe_meals (meal_id, recipe_id) VALUES ('4','44');
INSERT INTO recipe_meals (meal_id, recipe_id) VALUES ('5','44');
INSERT INTO recipe_meals (meal_id, recipe_id) VALUES ('8','45');
INSERT INTO recipe_meals (meal_id, recipe_id) VALUES ('3','45');
INSERT INTO recipe_meals (meal_id, recipe_id) VALUES ('5','45');
INSERT INTO recipe_meals (meal_id, recipe_id) VALUES ('2','45');
INSERT INTO recipe_meals (meal_id, recipe_id) VALUES ('4','45');
INSERT INTO recipe_meals (meal_id, recipe_id) VALUES ('6','45');
INSERT INTO recipe_meals (meal_id, recipe_id) VALUES ('10','45');
INSERT INTO recipe_meals (meal_id, recipe_id) VALUES ('1','46');
INSERT INTO recipe_meals (meal_id, recipe_id) VALUES ('10','46');
INSERT INTO recipe_meals (meal_id, recipe_id) VALUES ('7','47');
INSERT INTO recipe_meals (meal_id, recipe_id) VALUES ('10','47');
INSERT INTO recipe_meals (meal_id, recipe_id) VALUES ('9','47');
INSERT INTO recipe_meals (meal_id, recipe_id) VALUES ('1','47');
INSERT INTO recipe_meals (meal_id, recipe_id) VALUES ('3','47');
INSERT INTO recipe_meals (meal_id, recipe_id) VALUES ('5','47');
INSERT INTO recipe_meals (meal_id, recipe_id) VALUES ('2','47');
INSERT INTO recipe_meals (meal_id, recipe_id) VALUES ('4','48');
INSERT INTO recipe_meals (meal_id, recipe_id) VALUES ('4','49');
INSERT INTO recipe_meals (meal_id, recipe_id) VALUES ('6','49');
INSERT INTO recipe_meals (meal_id, recipe_id) VALUES ('8','49');
INSERT INTO recipe_meals (meal_id, recipe_id) VALUES ('1','49');
INSERT INTO recipe_meals (meal_id, recipe_id) VALUES ('3','49');
INSERT INTO recipe_meals (meal_id, recipe_id) VALUES ('7','49');
INSERT INTO recipe_meals (meal_id, recipe_id) VALUES ('10','49');
INSERT INTO recipe_meals (meal_id, recipe_id) VALUES ('6','50');
INSERT INTO recipe_meals (meal_id, recipe_id) VALUES ('10','50');
INSERT INTO recipe_meals (meal_id, recipe_id) VALUES ('4','50');
INSERT INTO recipe_meals (meal_id, recipe_id) VALUES ('3','51');
INSERT INTO recipe_meals (meal_id, recipe_id) VALUES ('3','52');
INSERT INTO recipe_meals (meal_id, recipe_id) VALUES ('1','52');
INSERT INTO recipe_meals (meal_id, recipe_id) VALUES ('7','52');
INSERT INTO recipe_meals (meal_id, recipe_id) VALUES ('2','52');
INSERT INTO recipe_meals (meal_id, recipe_id) VALUES ('9','52');
INSERT INTO recipe_meals (meal_id, recipe_id) VALUES ('4','53');
INSERT INTO recipe_meals (meal_id, recipe_id) VALUES ('8','54');
INSERT INTO recipe_meals (meal_id, recipe_id) VALUES ('9','54');
INSERT INTO recipe_meals (meal_id, recipe_id) VALUES ('10','54');
INSERT INTO recipe_meals (meal_id, recipe_id) VALUES ('6','54');
INSERT INTO recipe_meals (meal_id, recipe_id) VALUES ('3','54');
INSERT INTO recipe_meals (meal_id, recipe_id) VALUES ('7','54');
INSERT INTO recipe_meals (meal_id, recipe_id) VALUES ('2','54');
INSERT INTO recipe_meals (meal_id, recipe_id) VALUES ('5','54');
INSERT INTO recipe_meals (meal_id, recipe_id) VALUES ('1','54');
INSERT INTO recipe_meals (meal_id, recipe_id) VALUES ('4','54');
INSERT INTO recipe_meals (meal_id, recipe_id) VALUES ('1','55');
INSERT INTO recipe_meals (meal_id, recipe_id) VALUES ('8','55');
INSERT INTO recipe_meals (meal_id, recipe_id) VALUES ('10','55');
INSERT INTO recipe_meals (meal_id, recipe_id) VALUES ('4','55');
INSERT INTO recipe_meals (meal_id, recipe_id) VALUES ('6','55');
INSERT INTO recipe_meals (meal_id, recipe_id) VALUES ('5','55');
INSERT INTO recipe_meals (meal_id, recipe_id) VALUES ('5','56');
INSERT INTO recipe_meals (meal_id, recipe_id) VALUES ('10','56');
INSERT INTO recipe_meals (meal_id, recipe_id) VALUES ('1','56');
INSERT INTO recipe_meals (meal_id, recipe_id) VALUES ('8','56');
INSERT INTO recipe_meals (meal_id, recipe_id) VALUES ('4','56');
INSERT INTO recipe_meals (meal_id, recipe_id) VALUES ('3','56');
INSERT INTO recipe_meals (meal_id, recipe_id) VALUES ('6','56');
INSERT INTO recipe_meals (meal_id, recipe_id) VALUES ('2','56');
INSERT INTO recipe_meals (meal_id, recipe_id) VALUES ('7','56');
INSERT INTO recipe_meals (meal_id, recipe_id) VALUES ('7','57');
INSERT INTO recipe_meals (meal_id, recipe_id) VALUES ('3','57');
INSERT INTO recipe_meals (meal_id, recipe_id) VALUES ('2','57');
INSERT INTO recipe_meals (meal_id, recipe_id) VALUES ('8','57');
INSERT INTO recipe_meals (meal_id, recipe_id) VALUES ('10','57');
INSERT INTO recipe_meals (meal_id, recipe_id) VALUES ('5','58');
INSERT INTO recipe_meals (meal_id, recipe_id) VALUES ('10','58');
INSERT INTO recipe_meals (meal_id, recipe_id) VALUES ('7','58');
INSERT INTO recipe_meals (meal_id, recipe_id) VALUES ('3','58');
INSERT INTO recipe_meals (meal_id, recipe_id) VALUES ('1','58');
INSERT INTO recipe_meals (meal_id, recipe_id) VALUES ('2','58');
INSERT INTO recipe_meals (meal_id, recipe_id) VALUES ('9','58');
INSERT INTO recipe_meals (meal_id, recipe_id) VALUES ('4','58');
INSERT INTO recipe_meals (meal_id, recipe_id) VALUES ('8','58');
INSERT INTO recipe_meals (meal_id, recipe_id) VALUES ('3','59');
INSERT INTO recipe_meals (meal_id, recipe_id) VALUES ('5','59');
INSERT INTO recipe_meals (meal_id, recipe_id) VALUES ('2','59');
INSERT INTO recipe_meals (meal_id, recipe_id) VALUES ('4','60');
INSERT INTO recipe_meals (meal_id, recipe_id) VALUES ('10','60');
INSERT INTO recipe_meals (meal_id, recipe_id) VALUES ('2','60');
INSERT INTO recipe_meals (meal_id, recipe_id) VALUES ('9','60');
INSERT INTO recipe_meals (meal_id, recipe_id) VALUES ('1','60');
INSERT INTO recipe_meals (meal_id, recipe_id) VALUES ('2','61');
INSERT INTO recipe_meals (meal_id, recipe_id) VALUES ('8','61');
INSERT INTO recipe_meals (meal_id, recipe_id) VALUES ('4','61');
INSERT INTO recipe_meals (meal_id, recipe_id) VALUES ('10','61');
INSERT INTO recipe_meals (meal_id, recipe_id) VALUES ('5','61');
INSERT INTO recipe_meals (meal_id, recipe_id) VALUES ('6','61');
INSERT INTO recipe_meals (meal_id, recipe_id) VALUES ('3','61');
INSERT INTO recipe_meals (meal_id, recipe_id) VALUES ('7','61');
INSERT INTO recipe_meals (meal_id, recipe_id) VALUES ('9','61');
INSERT INTO recipe_meals (meal_id, recipe_id) VALUES ('1','61');
INSERT INTO recipe_meals (meal_id, recipe_id) VALUES ('8','62');
INSERT INTO recipe_meals (meal_id, recipe_id) VALUES ('5','62');
INSERT INTO recipe_meals (meal_id, recipe_id) VALUES ('9','62');
INSERT INTO recipe_meals (meal_id, recipe_id) VALUES ('2','62');
INSERT INTO recipe_meals (meal_id, recipe_id) VALUES ('1','62');
INSERT INTO recipe_meals (meal_id, recipe_id) VALUES ('4','62');
INSERT INTO recipe_meals (meal_id, recipe_id) VALUES ('10','63');
INSERT INTO recipe_meals (meal_id, recipe_id) VALUES ('5','63');
INSERT INTO recipe_meals (meal_id, recipe_id) VALUES ('8','63');
INSERT INTO recipe_meals (meal_id, recipe_id) VALUES ('2','64');
INSERT INTO recipe_meals (meal_id, recipe_id) VALUES ('7','64');
INSERT INTO recipe_meals (meal_id, recipe_id) VALUES ('3','64');
INSERT INTO recipe_meals (meal_id, recipe_id) VALUES ('5','64');
INSERT INTO recipe_meals (meal_id, recipe_id) VALUES ('9','64');
INSERT INTO recipe_meals (meal_id, recipe_id) VALUES ('6','64');
INSERT INTO recipe_meals (meal_id, recipe_id) VALUES ('10','64');
INSERT INTO recipe_meals (meal_id, recipe_id) VALUES ('1','64');
INSERT INTO recipe_meals (meal_id, recipe_id) VALUES ('8','64');
INSERT INTO recipe_meals (meal_id, recipe_id) VALUES ('4','64');
INSERT INTO recipe_meals (meal_id, recipe_id) VALUES ('2','65');
INSERT INTO recipe_meals (meal_id, recipe_id) VALUES ('10','66');
INSERT INTO recipe_meals (meal_id, recipe_id) VALUES ('4','66');
INSERT INTO recipe_meals (meal_id, recipe_id) VALUES ('6','66');
INSERT INTO recipe_meals (meal_id, recipe_id) VALUES ('2','66');
INSERT INTO recipe_meals (meal_id, recipe_id) VALUES ('10','67');
INSERT INTO recipe_meals (meal_id, recipe_id) VALUES ('2','67');
INSERT INTO recipe_meals (meal_id, recipe_id) VALUES ('8','67');
INSERT INTO recipe_meals (meal_id, recipe_id) VALUES ('5','67');
INSERT INTO recipe_meals (meal_id, recipe_id) VALUES ('1','67');
INSERT INTO recipe_meals (meal_id, recipe_id) VALUES ('9','67');
INSERT INTO recipe_meals (meal_id, recipe_id) VALUES ('4','67');
INSERT INTO recipe_meals (meal_id, recipe_id) VALUES ('4','68');
INSERT INTO recipe_meals (meal_id, recipe_id) VALUES ('7','68');
INSERT INTO recipe_meals (meal_id, recipe_id) VALUES ('6','68');
INSERT INTO recipe_meals (meal_id, recipe_id) VALUES ('9','68');
INSERT INTO recipe_meals (meal_id, recipe_id) VALUES ('1','68');
INSERT INTO recipe_meals (meal_id, recipe_id) VALUES ('3','68');
INSERT INTO recipe_meals (meal_id, recipe_id) VALUES ('10','68');
INSERT INTO recipe_meals (meal_id, recipe_id) VALUES ('2','68');
INSERT INTO recipe_meals (meal_id, recipe_id) VALUES ('8','68');
INSERT INTO recipe_meals (meal_id, recipe_id) VALUES ('4','69');
INSERT INTO recipe_meals (meal_id, recipe_id) VALUES ('6','69');
INSERT INTO recipe_meals (meal_id, recipe_id) VALUES ('10','69');
INSERT INTO recipe_meals (meal_id, recipe_id) VALUES ('9','69');
INSERT INTO recipe_meals (meal_id, recipe_id) VALUES ('5','69');
INSERT INTO recipe_meals (meal_id, recipe_id) VALUES ('1','70');
INSERT INTO recipe_meals (meal_id, recipe_id) VALUES ('7','70');
INSERT INTO recipe_meals (meal_id, recipe_id) VALUES ('3','70');
INSERT INTO recipe_meals (meal_id, recipe_id) VALUES ('4','70');
INSERT INTO recipe_meals (meal_id, recipe_id) VALUES ('3','71');
INSERT INTO recipe_meals (meal_id, recipe_id) VALUES ('9','71');
INSERT INTO recipe_meals (meal_id, recipe_id) VALUES ('2','71');
INSERT INTO recipe_meals (meal_id, recipe_id) VALUES ('5','71');
INSERT INTO recipe_meals (meal_id, recipe_id) VALUES ('4','71');
INSERT INTO recipe_meals (meal_id, recipe_id) VALUES ('10','71');
INSERT INTO recipe_meals (meal_id, recipe_id) VALUES ('10','72');
INSERT INTO recipe_meals (meal_id, recipe_id) VALUES ('1','72');
INSERT INTO recipe_meals (meal_id, recipe_id) VALUES ('6','72');
INSERT INTO recipe_meals (meal_id, recipe_id) VALUES ('9','73');
INSERT INTO recipe_meals (meal_id, recipe_id) VALUES ('8','73');
INSERT INTO recipe_meals (meal_id, recipe_id) VALUES ('2','73');
INSERT INTO recipe_meals (meal_id, recipe_id) VALUES ('10','73');
INSERT INTO recipe_meals (meal_id, recipe_id) VALUES ('5','74');
INSERT INTO recipe_meals (meal_id, recipe_id) VALUES ('1','74');
INSERT INTO recipe_meals (meal_id, recipe_id) VALUES ('8','74');
INSERT INTO recipe_meals (meal_id, recipe_id) VALUES ('2','74');
INSERT INTO recipe_meals (meal_id, recipe_id) VALUES ('10','74');
INSERT INTO recipe_meals (meal_id, recipe_id) VALUES ('4','74');
INSERT INTO recipe_meals (meal_id, recipe_id) VALUES ('6','74');
INSERT INTO recipe_meals (meal_id, recipe_id) VALUES ('9','74');
INSERT INTO recipe_meals (meal_id, recipe_id) VALUES ('3','74');
INSERT INTO recipe_meals (meal_id, recipe_id) VALUES ('7','74');
INSERT INTO recipe_meals (meal_id, recipe_id) VALUES ('6','75');
INSERT INTO recipe_meals (meal_id, recipe_id) VALUES ('8','75');
INSERT INTO recipe_meals (meal_id, recipe_id) VALUES ('2','75');
INSERT INTO recipe_meals (meal_id, recipe_id) VALUES ('5','75');
INSERT INTO recipe_meals (meal_id, recipe_id) VALUES ('4','76');
INSERT INTO recipe_meals (meal_id, recipe_id) VALUES ('7','76');
INSERT INTO recipe_meals (meal_id, recipe_id) VALUES ('3','76');
INSERT INTO recipe_meals (meal_id, recipe_id) VALUES ('1','76');
INSERT INTO recipe_meals (meal_id, recipe_id) VALUES ('10','76');
INSERT INTO recipe_meals (meal_id, recipe_id) VALUES ('1','77');
INSERT INTO recipe_meals (meal_id, recipe_id) VALUES ('4','77');
INSERT INTO recipe_meals (meal_id, recipe_id) VALUES ('8','77');
INSERT INTO recipe_meals (meal_id, recipe_id) VALUES ('9','77');
INSERT INTO recipe_meals (meal_id, recipe_id) VALUES ('5','77');
INSERT INTO recipe_meals (meal_id, recipe_id) VALUES ('10','77');
INSERT INTO recipe_meals (meal_id, recipe_id) VALUES ('2','77');
INSERT INTO recipe_meals (meal_id, recipe_id) VALUES ('3','78');
INSERT INTO recipe_meals (meal_id, recipe_id) VALUES ('5','78');
INSERT INTO recipe_meals (meal_id, recipe_id) VALUES ('1','78');
INSERT INTO recipe_meals (meal_id, recipe_id) VALUES ('1','79');
INSERT INTO recipe_meals (meal_id, recipe_id) VALUES ('8','79');
INSERT INTO recipe_meals (meal_id, recipe_id) VALUES ('7','79');
INSERT INTO recipe_meals (meal_id, recipe_id) VALUES ('3','79');
INSERT INTO recipe_meals (meal_id, recipe_id) VALUES ('5','79');
INSERT INTO recipe_meals (meal_id, recipe_id) VALUES ('4','79');
INSERT INTO recipe_meals (meal_id, recipe_id) VALUES ('10','79');
INSERT INTO recipe_meals (meal_id, recipe_id) VALUES ('9','79');
INSERT INTO recipe_meals (meal_id, recipe_id) VALUES ('2','79');
INSERT INTO recipe_meals (meal_id, recipe_id) VALUES ('1','80');
INSERT INTO recipe_meals (meal_id, recipe_id) VALUES ('8','80');
INSERT INTO recipe_meals (meal_id, recipe_id) VALUES ('9','80');
INSERT INTO recipe_meals (meal_id, recipe_id) VALUES ('7','80');
INSERT INTO recipe_meals (meal_id, recipe_id) VALUES ('3','80');
INSERT INTO recipe_meals (meal_id, recipe_id) VALUES ('2','80');
INSERT INTO recipe_meals (meal_id, recipe_id) VALUES ('4','81');
INSERT INTO recipe_meals (meal_id, recipe_id) VALUES ('10','81');
INSERT INTO recipe_meals (meal_id, recipe_id) VALUES ('8','81');
INSERT INTO recipe_meals (meal_id, recipe_id) VALUES ('5','81');
INSERT INTO recipe_meals (meal_id, recipe_id) VALUES ('3','81');
INSERT INTO recipe_meals (meal_id, recipe_id) VALUES ('9','81');
INSERT INTO recipe_meals (meal_id, recipe_id) VALUES ('7','81');
INSERT INTO recipe_meals (meal_id, recipe_id) VALUES ('6','82');
INSERT INTO recipe_meals (meal_id, recipe_id) VALUES ('9','82');
INSERT INTO recipe_meals (meal_id, recipe_id) VALUES ('2','83');
INSERT INTO recipe_meals (meal_id, recipe_id) VALUES ('1','83');
INSERT INTO recipe_meals (meal_id, recipe_id) VALUES ('10','83');
INSERT INTO recipe_meals (meal_id, recipe_id) VALUES ('5','83');
INSERT INTO recipe_meals (meal_id, recipe_id) VALUES ('3','83');
INSERT INTO recipe_meals (meal_id, recipe_id) VALUES ('9','83');
INSERT INTO recipe_meals (meal_id, recipe_id) VALUES ('8','83');
INSERT INTO recipe_meals (meal_id, recipe_id) VALUES ('4','83');
INSERT INTO recipe_meals (meal_id, recipe_id) VALUES ('4','84');
INSERT INTO recipe_meals (meal_id, recipe_id) VALUES ('9','84');
INSERT INTO recipe_meals (meal_id, recipe_id) VALUES ('8','84');
INSERT INTO recipe_meals (meal_id, recipe_id) VALUES ('1','84');
INSERT INTO recipe_meals (meal_id, recipe_id) VALUES ('1','85');
INSERT INTO recipe_meals (meal_id, recipe_id) VALUES ('1','86');
INSERT INTO recipe_meals (meal_id, recipe_id) VALUES ('6','86');
INSERT INTO recipe_meals (meal_id, recipe_id) VALUES ('4','86');
INSERT INTO recipe_meals (meal_id, recipe_id) VALUES ('8','86');
INSERT INTO recipe_meals (meal_id, recipe_id) VALUES ('2','86');
INSERT INTO recipe_meals (meal_id, recipe_id) VALUES ('9','86');
INSERT INTO recipe_meals (meal_id, recipe_id) VALUES ('10','86');
INSERT INTO recipe_meals (meal_id, recipe_id) VALUES ('5','86');
INSERT INTO recipe_meals (meal_id, recipe_id) VALUES ('7','86');
INSERT INTO recipe_meals (meal_id, recipe_id) VALUES ('3','86');
INSERT INTO recipe_meals (meal_id, recipe_id) VALUES ('3','87');
INSERT INTO recipe_meals (meal_id, recipe_id) VALUES ('10','87');
INSERT INTO recipe_meals (meal_id, recipe_id) VALUES ('4','87');
INSERT INTO recipe_meals (meal_id, recipe_id) VALUES ('8','87');
INSERT INTO recipe_meals (meal_id, recipe_id) VALUES ('2','87');
INSERT INTO recipe_meals (meal_id, recipe_id) VALUES ('5','87');
INSERT INTO recipe_meals (meal_id, recipe_id) VALUES ('1','87');
INSERT INTO recipe_meals (meal_id, recipe_id) VALUES ('6','87');
INSERT INTO recipe_meals (meal_id, recipe_id) VALUES ('7','87');
INSERT INTO recipe_meals (meal_id, recipe_id) VALUES ('9','87');
INSERT INTO recipe_meals (meal_id, recipe_id) VALUES ('4','88');
INSERT INTO recipe_meals (meal_id, recipe_id) VALUES ('1','88');
INSERT INTO recipe_meals (meal_id, recipe_id) VALUES ('2','88');
INSERT INTO recipe_meals (meal_id, recipe_id) VALUES ('7','88');
INSERT INTO recipe_meals (meal_id, recipe_id) VALUES ('8','88');
INSERT INTO recipe_meals (meal_id, recipe_id) VALUES ('6','89');
INSERT INTO recipe_meals (meal_id, recipe_id) VALUES ('9','90');
INSERT INTO recipe_meals (meal_id, recipe_id) VALUES ('4','90');
INSERT INTO recipe_meals (meal_id, recipe_id) VALUES ('10','91');
INSERT INTO recipe_meals (meal_id, recipe_id) VALUES ('8','91');
INSERT INTO recipe_meals (meal_id, recipe_id) VALUES ('1','91');
INSERT INTO recipe_meals (meal_id, recipe_id) VALUES ('9','91');
INSERT INTO recipe_meals (meal_id, recipe_id) VALUES ('5','91');
INSERT INTO recipe_meals (meal_id, recipe_id) VALUES ('5','92');
INSERT INTO recipe_meals (meal_id, recipe_id) VALUES ('6','92');
INSERT INTO recipe_meals (meal_id, recipe_id) VALUES ('8','92');
INSERT INTO recipe_meals (meal_id, recipe_id) VALUES ('4','92');
INSERT INTO recipe_meals (meal_id, recipe_id) VALUES ('7','92');
INSERT INTO recipe_meals (meal_id, recipe_id) VALUES ('10','92');
INSERT INTO recipe_meals (meal_id, recipe_id) VALUES ('4','93');
INSERT INTO recipe_meals (meal_id, recipe_id) VALUES ('10','93');
INSERT INTO recipe_meals (meal_id, recipe_id) VALUES ('7','94');
INSERT INTO recipe_meals (meal_id, recipe_id) VALUES ('3','94');
INSERT INTO recipe_meals (meal_id, recipe_id) VALUES ('10','95');
INSERT INTO recipe_meals (meal_id, recipe_id) VALUES ('2','95');
INSERT INTO recipe_meals (meal_id, recipe_id) VALUES ('6','95');
INSERT INTO recipe_meals (meal_id, recipe_id) VALUES ('5','95');
INSERT INTO recipe_meals (meal_id, recipe_id) VALUES ('9','95');
INSERT INTO recipe_meals (meal_id, recipe_id) VALUES ('7','95');
INSERT INTO recipe_meals (meal_id, recipe_id) VALUES ('4','95');
INSERT INTO recipe_meals (meal_id, recipe_id) VALUES ('3','95');
INSERT INTO recipe_meals (meal_id, recipe_id) VALUES ('10','96');
INSERT INTO recipe_meals (meal_id, recipe_id) VALUES ('6','96');
INSERT INTO recipe_meals (meal_id, recipe_id) VALUES ('2','96');
INSERT INTO recipe_meals (meal_id, recipe_id) VALUES ('7','96');
INSERT INTO recipe_meals (meal_id, recipe_id) VALUES ('2','97');
INSERT INTO recipe_meals (meal_id, recipe_id) VALUES ('4','97');
INSERT INTO recipe_meals (meal_id, recipe_id) VALUES ('6','97');
INSERT INTO recipe_meals (meal_id, recipe_id) VALUES ('8','98');
INSERT INTO recipe_meals (meal_id, recipe_id) VALUES ('2','98');
INSERT INTO recipe_meals (meal_id, recipe_id) VALUES ('10','99');
INSERT INTO recipe_meals (meal_id, recipe_id) VALUES ('4','99');
INSERT INTO recipe_meals (meal_id, recipe_id) VALUES ('6','100');
INSERT INTO recipe_meals (meal_id, recipe_id) VALUES ('5','100');
INSERT INTO recipe_meals (meal_id, recipe_id) VALUES ('8','100');
INSERT INTO recipe_meals (meal_id, recipe_id) VALUES ('10','100');

INSERT INTO steps (steps_id, steps_str, image, image_caption) VALUES ('1', 'Save catch professional first agree would sign.', 'https://dummyimage.com/154x889', 'Implemented well-modulated circuit');
INSERT INTO steps (steps_id, steps_str, image, image_caption) VALUES ('2', 'Once society stay example.', 'https://placekitten.com/687/800', 'Open-source optimizing service-desk');
INSERT INTO steps (steps_id, steps_str, image, image_caption) VALUES ('3', 'Speech benefit beyond factor painting hit outside.', 'https://dummyimage.com/548x781', 'Function-based optimizing policy');
INSERT INTO steps (steps_id, steps_str, image, image_caption) VALUES ('4', 'Piece total suggest watch worker.', 'https://picsum.photos/685/947', 'Automated leadingedge synergy');
INSERT INTO steps (steps_id, steps_str, image, image_caption) VALUES ('5', 'Prove back begin month.', 'https://picsum.photos/44/923', 'Sharable neutral function');
INSERT INTO steps (steps_id, steps_str, image, image_caption) VALUES ('6', 'From entire by change as.', 'https://dummyimage.com/728x133', 'Focused high-level Graphical User Interf');
INSERT INTO steps (steps_id, steps_str, image, image_caption) VALUES ('7', 'Color event sea turn maybe hundred see.', 'https://placekitten.com/101/798', 'Cross-group reciprocal customer loyalty');
INSERT INTO steps (steps_id, steps_str, image, image_caption) VALUES ('8', 'Marriage stop style exactly run space.', 'https://placekitten.com/887/304', 'Fully-configurable scalable software');
INSERT INTO steps (steps_id, steps_str, image, image_caption) VALUES ('9', 'Newspaper occur place.', 'https://picsum.photos/422/1002', 'Front-line demand-driven hierarchy');
INSERT INTO steps (steps_id, steps_str, image, image_caption) VALUES ('10', 'Although exist cause though state bad.', 'https://picsum.photos/876/329', 'Profound intangible help-desk');
INSERT INTO steps (steps_id, steps_str, image, image_caption) VALUES ('11', 'Poor media keep new.', 'https://dummyimage.com/851x792', 'Self-enabling real-time methodology');
INSERT INTO steps (steps_id, steps_str, image, image_caption) VALUES ('12', 'Very these prove rest follow heart suffer.', 'https://dummyimage.com/598x710', 'Integrated national implementation');
INSERT INTO steps (steps_id, steps_str, image, image_caption) VALUES ('13', 'Agreement toward buy fast.', 'https://placekitten.com/669/699', 'Re-engineered multi-state migration');
INSERT INTO steps (steps_id, steps_str, image, image_caption) VALUES ('14', 'Responsibility yard despite either teach image newspaper try.', 'https://placekitten.com/658/271', 'Configurable regional service-desk');
INSERT INTO steps (steps_id, steps_str, image, image_caption) VALUES ('15', 'Air usually include start street away.', 'https://dummyimage.com/927x920', 'Enhanced disintermediate methodology');
INSERT INTO steps (steps_id, steps_str, image, image_caption) VALUES ('16', 'Positive activity speech truth boy that.', 'https://picsum.photos/519/530', 'Monitored transitional project');
INSERT INTO steps (steps_id, steps_str, image, image_caption) VALUES ('17', 'Society help six reveal.', 'https://picsum.photos/133/271', 'Intuitive tangible concept');
INSERT INTO steps (steps_id, steps_str, image, image_caption) VALUES ('18', 'Instead husband skill force hand.', 'https://dummyimage.com/85x643', 'Function-based contextually-based circui');
INSERT INTO steps (steps_id, steps_str, image, image_caption) VALUES ('19', 'Sell before drug thing experience.', 'https://picsum.photos/380/659', 'Polarized real-time capacity');
INSERT INTO steps (steps_id, steps_str, image, image_caption) VALUES ('20', 'Mother let than design reality artist.', 'https://dummyimage.com/715x487', 'Organized fresh-thinking parallelism');
INSERT INTO steps (steps_id, steps_str, image, image_caption) VALUES ('21', 'Entire wife successful program get democratic defense.', 'https://placekitten.com/609/1004', 'Adaptive web-enabled core');
INSERT INTO steps (steps_id, steps_str, image, image_caption) VALUES ('22', 'Standard whose test matter significant institution.', 'https://picsum.photos/145/971', 'Virtual bifurcated policy');
INSERT INTO steps (steps_id, steps_str, image, image_caption) VALUES ('23', 'Politics contain entire sea entire.', 'https://dummyimage.com/1009x674', 'Automated fault-tolerant benchmark');
INSERT INTO steps (steps_id, steps_str, image, image_caption) VALUES ('24', 'Manage letter lose.', 'https://picsum.photos/29/703', 'Front-line high-level matrix');
INSERT INTO steps (steps_id, steps_str, image, image_caption) VALUES ('25', 'Fact against brother use.', 'https://dummyimage.com/536x1000', 'Centralized zero tolerance middleware');
INSERT INTO steps (steps_id, steps_str, image, image_caption) VALUES ('26', 'Ball recent large join market.', 'https://placekitten.com/249/663', 'Configurable empowering attitude');
INSERT INTO steps (steps_id, steps_str, image, image_caption) VALUES ('27', 'Like deal move out sell.', 'https://dummyimage.com/382x942', 'Profit-focused 6thgeneration solution');
INSERT INTO steps (steps_id, steps_str, image, image_caption) VALUES ('28', 'Response partner might able vote.', 'https://dummyimage.com/956x409', 'Operative static concept');
INSERT INTO steps (steps_id, steps_str, image, image_caption) VALUES ('29', 'Above option early money pressure none.', 'https://picsum.photos/663/502', 'Innovative analyzing hub');
INSERT INTO steps (steps_id, steps_str, image, image_caption) VALUES ('30', 'Catch without seat civil appear oil international middle.', 'https://dummyimage.com/550x1014', 'Ameliorated 6thgeneration product');
INSERT INTO steps (steps_id, steps_str, image, image_caption) VALUES ('31', 'Candidate catch condition positive.', 'https://placekitten.com/402/427', 'Robust hybrid contingency');
INSERT INTO steps (steps_id, steps_str, image, image_caption) VALUES ('32', 'Stuff which according world nation car knowledge executive.', 'https://dummyimage.com/486x115', 'Front-line exuding collaboration');
INSERT INTO steps (steps_id, steps_str, image, image_caption) VALUES ('33', 'Growth movie whom.', 'https://picsum.photos/369/409', 'Re-engineered zero administration migrat');
INSERT INTO steps (steps_id, steps_str, image, image_caption) VALUES ('34', 'Place during talk him particularly relationship bring.', 'https://placekitten.com/318/629', 'Robust system-worthy complexity');
INSERT INTO steps (steps_id, steps_str, image, image_caption) VALUES ('35', 'Great woman various air read.', 'https://dummyimage.com/905x201', 'Expanded systemic projection');
INSERT INTO steps (steps_id, steps_str, image, image_caption) VALUES ('36', 'Country into building expect third paper serve.', 'https://dummyimage.com/542x823', 'Advanced reciprocal monitoring');
INSERT INTO steps (steps_id, steps_str, image, image_caption) VALUES ('37', 'Exist eat break address may senior particular.', 'https://dummyimage.com/308x637', 'Universal background methodology');
INSERT INTO steps (steps_id, steps_str, image, image_caption) VALUES ('38', 'Job free protect rest.', 'https://picsum.photos/139/18', 'Function-based systematic utilization');
INSERT INTO steps (steps_id, steps_str, image, image_caption) VALUES ('39', 'Security both performance wait treatment.', 'https://dummyimage.com/982x490', 'Customer-focused fault-tolerant migratio');
INSERT INTO steps (steps_id, steps_str, image, image_caption) VALUES ('40', 'Whose federal involve especially.', 'https://picsum.photos/660/149', 'Front-line non-volatile support');
INSERT INTO steps (steps_id, steps_str, image, image_caption) VALUES ('41', 'Ask break then.', 'https://placekitten.com/1005/354', 'Configurable logistical projection');
INSERT INTO steps (steps_id, steps_str, image, image_caption) VALUES ('42', 'Party for cell entire nation daughter age.', 'https://placekitten.com/162/1001', 'Phased mission-critical application');
INSERT INTO steps (steps_id, steps_str, image, image_caption) VALUES ('43', 'Cost mention improve message.', 'https://placekitten.com/509/880', 'Enhanced coherent focus group');
INSERT INTO steps (steps_id, steps_str, image, image_caption) VALUES ('44', 'Measure laugh court ability network sometimes.', 'https://placekitten.com/972/574', 'Cross-group motivating artificial intell');
INSERT INTO steps (steps_id, steps_str, image, image_caption) VALUES ('45', 'Ago positive forget cause rise must toward.', 'https://picsum.photos/908/641', 'Proactive motivating alliance');
INSERT INTO steps (steps_id, steps_str, image, image_caption) VALUES ('46', 'Change whole cell suddenly lose edge window.', 'https://picsum.photos/705/933', 'Seamless web-enabled info-mediaries');
INSERT INTO steps (steps_id, steps_str, image, image_caption) VALUES ('47', 'Condition summer thought friend team.', 'https://picsum.photos/132/988', 'Down-sized motivating leverage');
INSERT INTO steps (steps_id, steps_str, image, image_caption) VALUES ('48', 'Thought analysis scientist but common Mr rich.', 'https://placekitten.com/770/197', 'Phased dedicated process improvement');
INSERT INTO steps (steps_id, steps_str, image, image_caption) VALUES ('49', 'Threat little article charge.', 'https://dummyimage.com/102x232', 'Profit-focused grid-enabled support');
INSERT INTO steps (steps_id, steps_str, image, image_caption) VALUES ('50', 'Skill use century suddenly.', 'https://picsum.photos/587/988', 'Profit-focused zero-defect knowledge use');
INSERT INTO steps (steps_id, steps_str, image, image_caption) VALUES ('51', 'Hospital truth her responsibility brother south father.', 'https://placekitten.com/31/811', 'Multi-channeled clear-thinking concept');
INSERT INTO steps (steps_id, steps_str, image, image_caption) VALUES ('52', 'Whom share true.', 'https://dummyimage.com/964x823', 'Focused human-resource migration');
INSERT INTO steps (steps_id, steps_str, image, image_caption) VALUES ('53', 'Power no others woman.', 'https://picsum.photos/223/445', 'Enhanced real-time methodology');
INSERT INTO steps (steps_id, steps_str, image, image_caption) VALUES ('54', 'Party unit coach radio rule police can administration.', 'https://placekitten.com/429/1001', 'Virtual full-range superstructure');
INSERT INTO steps (steps_id, steps_str, image, image_caption) VALUES ('55', 'Leave week increase hard street behavior name.', 'https://picsum.photos/933/422', 'Expanded secondary migration');
INSERT INTO steps (steps_id, steps_str, image, image_caption) VALUES ('56', 'Laugh throw relationship.', 'https://dummyimage.com/658x829', 'Front-line user-facing methodology');
INSERT INTO steps (steps_id, steps_str, image, image_caption) VALUES ('57', 'Other office actually price senior.', 'https://placekitten.com/120/688', 'Realigned neutral encryption');
INSERT INTO steps (steps_id, steps_str, image, image_caption) VALUES ('58', 'Economy own impact mean.', 'https://dummyimage.com/264x429', 'Enterprise-wide tangible approach');
INSERT INTO steps (steps_id, steps_str, image, image_caption) VALUES ('59', 'Statement together drive star west.', 'https://placekitten.com/1003/439', 'Up-sized empowering help-desk');
INSERT INTO steps (steps_id, steps_str, image, image_caption) VALUES ('60', 'Response others peace young.', 'https://placekitten.com/384/960', 'User-centric impactful matrices');
INSERT INTO steps (steps_id, steps_str, image, image_caption) VALUES ('61', 'Represent remember finally us imagine.', 'https://placekitten.com/277/62', 'Virtual high-level installation');
INSERT INTO steps (steps_id, steps_str, image, image_caption) VALUES ('62', 'Spend mention cause shake.', 'https://dummyimage.com/395x940', 'Triple-buffered value-added function');
INSERT INTO steps (steps_id, steps_str, image, image_caption) VALUES ('63', 'Society develop perhaps friend wear here pay.', 'https://placekitten.com/461/214', 'Reverse-engineered 3rdgeneration conglom');
INSERT INTO steps (steps_id, steps_str, image, image_caption) VALUES ('64', 'Risk not quickly majority traditional.', 'https://picsum.photos/934/812', 'Vision-oriented multimedia solution');
INSERT INTO steps (steps_id, steps_str, image, image_caption) VALUES ('65', 'Happy cell sing ever card threat.', 'https://dummyimage.com/126x623', 'Secured cohesive conglomeration');
INSERT INTO steps (steps_id, steps_str, image, image_caption) VALUES ('66', 'Set magazine stop whether film impact.', 'https://placekitten.com/459/976', 'Managed well-modulated moderator');
INSERT INTO steps (steps_id, steps_str, image, image_caption) VALUES ('67', 'Guess past ever natural car food.', 'https://dummyimage.com/574x882', 'Profound bi-directional Local Area Netwo');
INSERT INTO steps (steps_id, steps_str, image, image_caption) VALUES ('68', 'Anyone coach difficult enough.', 'https://picsum.photos/722/862', 'Front-line content-based function');
INSERT INTO steps (steps_id, steps_str, image, image_caption) VALUES ('69', 'Simply key education manager rather quite.', 'https://picsum.photos/152/63', 'Optimized bottom-line Graphic Interface');
INSERT INTO steps (steps_id, steps_str, image, image_caption) VALUES ('70', 'Remember alone must future street.', 'https://picsum.photos/871/795', 'Integrated 4thgeneration extranet');
INSERT INTO steps (steps_id, steps_str, image, image_caption) VALUES ('71', 'Physical task cost black end level.', 'https://picsum.photos/649/606', 'Cloned stable concept');
INSERT INTO steps (steps_id, steps_str, image, image_caption) VALUES ('72', 'Five top mind put life their.', 'https://dummyimage.com/151x852', 'Quality-focused clear-thinking complexit');
INSERT INTO steps (steps_id, steps_str, image, image_caption) VALUES ('73', 'Mind people week artist find side.', 'https://dummyimage.com/266x0', 'Vision-oriented client-driven superstruc');
INSERT INTO steps (steps_id, steps_str, image, image_caption) VALUES ('74', 'Under source environment some report idea.', 'https://placekitten.com/220/369', 'Horizontal impactful installation');
INSERT INTO steps (steps_id, steps_str, image, image_caption) VALUES ('75', 'Size concern positive deal girl claim seek.', 'https://picsum.photos/500/599', 'Progressive web-enabled challenge');
INSERT INTO steps (steps_id, steps_str, image, image_caption) VALUES ('76', 'Such call trade kind.', 'https://dummyimage.com/410x857', 'Team-oriented neutral knowledgebase');
INSERT INTO steps (steps_id, steps_str, image, image_caption) VALUES ('77', 'Catch must tax yourself.', 'https://placekitten.com/816/57', 'Reactive mobile Local Area Network');
INSERT INTO steps (steps_id, steps_str, image, image_caption) VALUES ('78', 'Join apply religious life different TV.', 'https://placekitten.com/526/391', 'Visionary systematic firmware');
INSERT INTO steps (steps_id, steps_str, image, image_caption) VALUES ('79', 'He easy cold production customer.', 'https://picsum.photos/576/952', 'Business-focused national time-frame');
INSERT INTO steps (steps_id, steps_str, image, image_caption) VALUES ('80', 'Crime mouth own six interest sing religious.', 'https://picsum.photos/311/211', 'Self-enabling tertiary time-frame');
INSERT INTO steps (steps_id, steps_str, image, image_caption) VALUES ('81', 'Explain bill four.', 'https://picsum.photos/662/933', 'Re-engineered scalable budgetary managem');
INSERT INTO steps (steps_id, steps_str, image, image_caption) VALUES ('82', 'Situation police environment let machine economic forward.', 'https://dummyimage.com/297x53', 'Visionary uniform extranet');
INSERT INTO steps (steps_id, steps_str, image, image_caption) VALUES ('83', 'History office one day commercial final.', 'https://placekitten.com/310/523', 'Vision-oriented neutral hierarchy');
INSERT INTO steps (steps_id, steps_str, image, image_caption) VALUES ('84', 'Tree idea head the.', 'https://placekitten.com/26/822', 'Monitored scalable instruction set');
INSERT INTO steps (steps_id, steps_str, image, image_caption) VALUES ('85', 'Phone fill national contain fire later.', 'https://picsum.photos/763/918', 'Digitized solution-oriented conglomerati');
INSERT INTO steps (steps_id, steps_str, image, image_caption) VALUES ('86', 'Thousand read usually gas.', 'https://placekitten.com/775/394', 'Balanced hybrid approach');
INSERT INTO steps (steps_id, steps_str, image, image_caption) VALUES ('87', 'Your responsibility have city feel stage.', 'https://placekitten.com/615/650', 'Progressive web-enabled extranet');
INSERT INTO steps (steps_id, steps_str, image, image_caption) VALUES ('88', 'Accept field road matter often table these.', 'https://placekitten.com/363/429', 'Grass-roots secondary project');
INSERT INTO steps (steps_id, steps_str, image, image_caption) VALUES ('89', 'Sign job research garden piece technology image foot.', 'https://dummyimage.com/394x335', 'Innovative modular project');
INSERT INTO steps (steps_id, steps_str, image, image_caption) VALUES ('90', 'One speak enter thing game product life.', 'https://picsum.photos/543/919', 'Polarized mission-critical groupware');
INSERT INTO steps (steps_id, steps_str, image, image_caption) VALUES ('91', 'Really how administration including democratic.', 'https://picsum.photos/872/535', 'Quality-focused asynchronous standardiza');
INSERT INTO steps (steps_id, steps_str, image, image_caption) VALUES ('92', 'Fund policy study eye coach.', 'https://picsum.photos/327/634', 'Multi-lateral tangible standardization');
INSERT INTO steps (steps_id, steps_str, image, image_caption) VALUES ('93', 'North wish clearly late likely.', 'https://dummyimage.com/372x537', 'Persevering object-oriented productivity');
INSERT INTO steps (steps_id, steps_str, image, image_caption) VALUES ('94', 'Discover theory beautiful feel.', 'https://placekitten.com/86/4', 'Cross-group context-sensitive matrices');
INSERT INTO steps (steps_id, steps_str, image, image_caption) VALUES ('95', 'Set little international each throw always also away.', 'https://placekitten.com/394/13', 'User-centric systematic paradigm');
INSERT INTO steps (steps_id, steps_str, image, image_caption) VALUES ('96', 'As prove community radio base.', 'https://placekitten.com/364/676', 'User-centric hybrid framework');
INSERT INTO steps (steps_id, steps_str, image, image_caption) VALUES ('97', 'Wear he thus president.', 'https://picsum.photos/403/991', 'Integrated coherent instruction set');
INSERT INTO steps (steps_id, steps_str, image, image_caption) VALUES ('98', 'Necessary already box every threat impact instead.', 'https://placekitten.com/130/391', 'Up-sized maximized success');
INSERT INTO steps (steps_id, steps_str, image, image_caption) VALUES ('99', 'We evening method minute finally source continue.', 'https://placekitten.com/833/900', 'Customer-focused web-enabled array');
INSERT INTO steps (steps_id, steps_str, image, image_caption) VALUES ('100', 'Crime itself truth west.', 'https://placekitten.com/243/732', 'Mandatory value-added hardware');
INSERT INTO steps (steps_id, steps_str, image, image_caption) VALUES ('101', 'Season character continue each conference ready human age.', 'https://picsum.photos/703/512', 'Enterprise-wide multi-state analyzer');
INSERT INTO steps (steps_id, steps_str, image, image_caption) VALUES ('102', 'Ten look affect month character effort establish catch.', 'https://picsum.photos/945/719', 'Fundamental tangible emulation');
INSERT INTO steps (steps_id, steps_str, image, image_caption) VALUES ('103', 'Movement black soon wonder.', 'https://dummyimage.com/334x731', 'Open-architected user-facing initiative');
INSERT INTO steps (steps_id, steps_str, image, image_caption) VALUES ('104', 'Message magazine take use fall.', 'https://picsum.photos/280/842', 'Synergized fault-tolerant concept');
INSERT INTO steps (steps_id, steps_str, image, image_caption) VALUES ('105', 'Enter computer appear dark.', 'https://picsum.photos/111/701', 'Profound encompassing capability');
INSERT INTO steps (steps_id, steps_str, image, image_caption) VALUES ('106', 'Environmental peace police maintain town father argue.', 'https://dummyimage.com/158x899', 'Centralized optimal productivity');
INSERT INTO steps (steps_id, steps_str, image, image_caption) VALUES ('107', 'Somebody subject over moment example.', 'https://dummyimage.com/732x806', 'Distributed multimedia encryption');
INSERT INTO steps (steps_id, steps_str, image, image_caption) VALUES ('108', 'Six agreement drug five.', 'https://placekitten.com/289/427', 'Multi-channeled explicit open architectu');
INSERT INTO steps (steps_id, steps_str, image, image_caption) VALUES ('109', 'Ahead civil check instead meet standard begin.', 'https://picsum.photos/391/803', 'Implemented neutral migration');
INSERT INTO steps (steps_id, steps_str, image, image_caption) VALUES ('110', 'Money fire politics argue have marriage.', 'https://dummyimage.com/973x208', 'Streamlined clear-thinking knowledge use');
INSERT INTO steps (steps_id, steps_str, image, image_caption) VALUES ('111', 'Myself foreign month officer art away without who.', 'https://picsum.photos/419/642', 'Balanced intermediate secured line');
INSERT INTO steps (steps_id, steps_str, image, image_caption) VALUES ('112', 'Current size heavy.', 'https://picsum.photos/108/370', 'Multi-tiered holistic benchmark');
INSERT INTO steps (steps_id, steps_str, image, image_caption) VALUES ('113', 'So east miss so five.', 'https://picsum.photos/345/604', 'Cross-platform even-keeled protocol');
INSERT INTO steps (steps_id, steps_str, image, image_caption) VALUES ('114', 'Blood near finally day suggest common.', 'https://picsum.photos/314/570', 'Optional optimizing Graphic Interface');
INSERT INTO steps (steps_id, steps_str, image, image_caption) VALUES ('115', 'History suggest room major partner.', 'https://dummyimage.com/57x1022', 'User-friendly analyzing alliance');
INSERT INTO steps (steps_id, steps_str, image, image_caption) VALUES ('116', 'Save big pretty face.', 'https://picsum.photos/6/973', 'Virtual optimizing instruction set');
INSERT INTO steps (steps_id, steps_str, image, image_caption) VALUES ('117', 'Artist sit young here.', 'https://picsum.photos/411/338', 'Advanced intermediate database');
INSERT INTO steps (steps_id, steps_str, image, image_caption) VALUES ('118', 'Talk author role herself person play.', 'https://picsum.photos/846/244', 'Multi-lateral homogeneous installation');
INSERT INTO steps (steps_id, steps_str, image, image_caption) VALUES ('119', 'Possible product mother part than interest.', 'https://placekitten.com/562/128', 'User-centric 4thgeneration definition');
INSERT INTO steps (steps_id, steps_str, image, image_caption) VALUES ('120', 'Sometimes relate yourself involve.', 'https://placekitten.com/373/639', 'Compatible multi-tasking approach');
INSERT INTO steps (steps_id, steps_str, image, image_caption) VALUES ('121', 'Positive loss state watch commercial only.', 'https://placekitten.com/1012/189', 'Public-key multimedia system engine');
INSERT INTO steps (steps_id, steps_str, image, image_caption) VALUES ('122', 'Anything government outside camera check rise.', 'https://placekitten.com/738/979', 'Multi-tiered transitional capacity');
INSERT INTO steps (steps_id, steps_str, image, image_caption) VALUES ('123', 'Right produce everyone perhaps.', 'https://picsum.photos/1013/269', 'Secured bi-directional definition');
INSERT INTO steps (steps_id, steps_str, image, image_caption) VALUES ('124', 'These religious fund but air.', 'https://dummyimage.com/890x480', 'Progressive composite installation');
INSERT INTO steps (steps_id, steps_str, image, image_caption) VALUES ('125', 'Full have voice green campaign Congress mention important.', 'https://dummyimage.com/552x208', 'Secured intangible Graphic Interface');
INSERT INTO steps (steps_id, steps_str, image, image_caption) VALUES ('126', 'Art data five trouble close.', 'https://dummyimage.com/350x653', 'Re-engineered dedicated concept');
INSERT INTO steps (steps_id, steps_str, image, image_caption) VALUES ('127', 'Available operation enter myself to choose nearly baby.', 'https://placekitten.com/252/80', 'Vision-oriented cohesive algorithm');
INSERT INTO steps (steps_id, steps_str, image, image_caption) VALUES ('128', 'Many visit himself listen thousand price end.', 'https://dummyimage.com/663x574', 'Exclusive multimedia infrastructure');
INSERT INTO steps (steps_id, steps_str, image, image_caption) VALUES ('129', 'Indeed speech party responsibility try.', 'https://placekitten.com/889/68', 'Organized multi-tasking methodology');
INSERT INTO steps (steps_id, steps_str, image, image_caption) VALUES ('130', 'Act population give interest employee color.', 'https://dummyimage.com/11x743', 'Inverse zero-defect monitoring');
INSERT INTO steps (steps_id, steps_str, image, image_caption) VALUES ('131', 'Per message nice happy their food dream.', 'https://picsum.photos/549/87', 'Adaptive fault-tolerant function');
INSERT INTO steps (steps_id, steps_str, image, image_caption) VALUES ('132', 'Ever fund maybe agree practice care read.', 'https://placekitten.com/421/865', 'Phased motivating service-desk');
INSERT INTO steps (steps_id, steps_str, image, image_caption) VALUES ('133', 'Figure senior ground can.', 'https://dummyimage.com/584x791', 'Public-key global ability');
INSERT INTO steps (steps_id, steps_str, image, image_caption) VALUES ('134', 'Tax soldier than protect subject parent.', 'https://picsum.photos/737/795', 'Seamless neutral Graphical User Interfac');
INSERT INTO steps (steps_id, steps_str, image, image_caption) VALUES ('135', 'Single behavior third card.', 'https://dummyimage.com/138x893', 'Synergized coherent attitude');
INSERT INTO steps (steps_id, steps_str, image, image_caption) VALUES ('136', 'Threat if make Congress chair.', 'https://picsum.photos/655/873', 'Mandatory national intranet');
INSERT INTO steps (steps_id, steps_str, image, image_caption) VALUES ('137', 'Hotel contain sport half company.', 'https://dummyimage.com/861x477', 'Digitized full-range portal');
INSERT INTO steps (steps_id, steps_str, image, image_caption) VALUES ('138', 'Phone support report several reflect compare certainly letter.', 'https://dummyimage.com/958x47', 'Organized radical info-mediaries');
INSERT INTO steps (steps_id, steps_str, image, image_caption) VALUES ('139', 'Turn site then easy walk cultural on.', 'https://dummyimage.com/1024x446', 'Up-sized background monitoring');
INSERT INTO steps (steps_id, steps_str, image, image_caption) VALUES ('140', 'Send Mr dark discover radio pick.', 'https://dummyimage.com/73x671', 'Sharable user-facing project');
INSERT INTO steps (steps_id, steps_str, image, image_caption) VALUES ('141', 'Create beat appear member.', 'https://placekitten.com/411/30', 'Customizable zero-defect database');
INSERT INTO steps (steps_id, steps_str, image, image_caption) VALUES ('142', 'Others southern father rather nor movement entire.', 'https://placekitten.com/84/899', 'Right-sized incremental strategy');
INSERT INTO steps (steps_id, steps_str, image, image_caption) VALUES ('143', 'Cold because education.', 'https://picsum.photos/171/753', 'Innovative cohesive functionalities');
INSERT INTO steps (steps_id, steps_str, image, image_caption) VALUES ('144', 'Factor system building heavy continue increase.', 'https://dummyimage.com/547x99', 'De-engineered dedicated synergy');
INSERT INTO steps (steps_id, steps_str, image, image_caption) VALUES ('145', 'Allow response power single do side.', 'https://picsum.photos/543/414', 'Open-source mission-critical budgetary m');
INSERT INTO steps (steps_id, steps_str, image, image_caption) VALUES ('146', 'Local operation official push cause nothing traditional.', 'https://placekitten.com/308/822', 'Reactive bifurcated flexibility');
INSERT INTO steps (steps_id, steps_str, image, image_caption) VALUES ('147', 'Tax end seven senior main when.', 'https://placekitten.com/121/509', 'Open-source scalable hub');
INSERT INTO steps (steps_id, steps_str, image, image_caption) VALUES ('148', 'To job buy democratic which.', 'https://dummyimage.com/42x580', 'Optional empowering throughput');
INSERT INTO steps (steps_id, steps_str, image, image_caption) VALUES ('149', 'Street group industry reality project allow.', 'https://picsum.photos/357/626', 'Stand-alone context-sensitive synergy');
INSERT INTO steps (steps_id, steps_str, image, image_caption) VALUES ('150', 'Wind push authority job final woman theory.', 'https://placekitten.com/662/69', 'Multi-layered clear-thinking collaborati');
INSERT INTO steps (steps_id, steps_str, image, image_caption) VALUES ('151', 'Consumer example attention save.', 'https://dummyimage.com/302x843', 'Total 5thgeneration function');
INSERT INTO steps (steps_id, steps_str, image, image_caption) VALUES ('152', 'Few ahead staff election agency eye.', 'https://placekitten.com/888/725', 'Focused motivating application');
INSERT INTO steps (steps_id, steps_str, image, image_caption) VALUES ('153', 'While although fight happen drop.', 'https://placekitten.com/619/987', 'Open-architected mobile toolset');
INSERT INTO steps (steps_id, steps_str, image, image_caption) VALUES ('154', 'Impact move or beautiful.', 'https://dummyimage.com/425x292', 'Total grid-enabled benchmark');
INSERT INTO steps (steps_id, steps_str, image, image_caption) VALUES ('155', 'Ball heavy number scientist should.', 'https://dummyimage.com/973x993', 'Future-proofed intermediate encryption');
INSERT INTO steps (steps_id, steps_str, image, image_caption) VALUES ('156', 'Might article add.', 'https://placekitten.com/839/669', 'Self-enabling mission-critical task-forc');
INSERT INTO steps (steps_id, steps_str, image, image_caption) VALUES ('157', 'Five ground either poor wonder history coach.', 'https://picsum.photos/236/493', 'Face-to-face leadingedge interface');
INSERT INTO steps (steps_id, steps_str, image, image_caption) VALUES ('158', 'Serve happen others activity.', 'https://picsum.photos/450/164', 'Automated executive support');
INSERT INTO steps (steps_id, steps_str, image, image_caption) VALUES ('159', 'Read part different major.', 'https://placekitten.com/84/534', 'Expanded discrete project');
INSERT INTO steps (steps_id, steps_str, image, image_caption) VALUES ('160', 'Sing Congress public real I.', 'https://placekitten.com/321/969', 'Inverse multi-tasking methodology');
INSERT INTO steps (steps_id, steps_str, image, image_caption) VALUES ('161', 'Risk show region gas continue.', 'https://dummyimage.com/937x896', 'Synergistic well-modulated toolset');
INSERT INTO steps (steps_id, steps_str, image, image_caption) VALUES ('162', 'Crime short foreign conference nothing ground.', 'https://dummyimage.com/953x940', 'Integrated multi-state moratorium');
INSERT INTO steps (steps_id, steps_str, image, image_caption) VALUES ('163', 'Agreement per citizen but health north hope.', 'https://placekitten.com/136/630', 'Progressive context-sensitive project');
INSERT INTO steps (steps_id, steps_str, image, image_caption) VALUES ('164', 'Economic point walk child either rich know.', 'https://placekitten.com/501/583', 'Cross-group user-facing database');
INSERT INTO steps (steps_id, steps_str, image, image_caption) VALUES ('165', 'Record big miss red.', 'https://picsum.photos/681/1006', 'Up-sized neutral alliance');
INSERT INTO steps (steps_id, steps_str, image, image_caption) VALUES ('166', 'Success simple feel method Congress how.', 'https://dummyimage.com/294x194', 'Profit-focused maximized instruction set');
INSERT INTO steps (steps_id, steps_str, image, image_caption) VALUES ('167', 'Executive enter sell stand go prevent get off.', 'https://dummyimage.com/319x236', 'Expanded high-level task-force');
INSERT INTO steps (steps_id, steps_str, image, image_caption) VALUES ('168', 'Car business minute without.', 'https://picsum.photos/969/53', 'Innovative 6thgeneration functionalities');
INSERT INTO steps (steps_id, steps_str, image, image_caption) VALUES ('169', 'Several deal her simple TV they benefit.', 'https://dummyimage.com/442x61', 'Decentralized directional collaboration');
INSERT INTO steps (steps_id, steps_str, image, image_caption) VALUES ('170', 'Style choice read production recognize management.', 'https://placekitten.com/383/497', 'Exclusive dynamic middleware');
INSERT INTO steps (steps_id, steps_str, image, image_caption) VALUES ('171', 'Often develop station bit analysis.', 'https://picsum.photos/716/808', 'Switchable maximized monitoring');
INSERT INTO steps (steps_id, steps_str, image, image_caption) VALUES ('172', 'Also sport your woman economy us car.', 'https://picsum.photos/916/540', 'Intuitive multimedia interface');
INSERT INTO steps (steps_id, steps_str, image, image_caption) VALUES ('173', 'Box see nor daughter conference heart order sign.', 'https://picsum.photos/565/791', 'Phased 5thgeneration encryption');
INSERT INTO steps (steps_id, steps_str, image, image_caption) VALUES ('174', 'Talk right now cut system.', 'https://picsum.photos/332/767', 'Total context-sensitive array');
INSERT INTO steps (steps_id, steps_str, image, image_caption) VALUES ('175', 'Themselves three point four only require subject.', 'https://picsum.photos/398/701', 'Self-enabling system-worthy data-warehou');
INSERT INTO steps (steps_id, steps_str, image, image_caption) VALUES ('176', 'Base deep chance side also throughout serious.', 'https://picsum.photos/435/89', 'Managed real-time policy');
INSERT INTO steps (steps_id, steps_str, image, image_caption) VALUES ('177', 'Pay fish brother western never training front likely.', 'https://dummyimage.com/228x165', 'Open-source 24/7 challenge');
INSERT INTO steps (steps_id, steps_str, image, image_caption) VALUES ('178', 'Coach instead dinner security poor charge reason pull.', 'https://dummyimage.com/16x541', 'Distributed multimedia Internet solution');
INSERT INTO steps (steps_id, steps_str, image, image_caption) VALUES ('179', 'Old sister late score.', 'https://placekitten.com/788/354', 'Fundamental static hub');
INSERT INTO steps (steps_id, steps_str, image, image_caption) VALUES ('180', 'Per add last same.', 'https://picsum.photos/247/630', 'Automated zero tolerance help-desk');
INSERT INTO steps (steps_id, steps_str, image, image_caption) VALUES ('181', 'Trade should nothing inside lead somebody.', 'https://placekitten.com/620/751', 'Vision-oriented dynamic leverage');
INSERT INTO steps (steps_id, steps_str, image, image_caption) VALUES ('182', 'Father soldier order score building resource answer.', 'https://placekitten.com/266/918', 'Reduced object-oriented encryption');
INSERT INTO steps (steps_id, steps_str, image, image_caption) VALUES ('183', 'Soldier type range painting deep part determine president.', 'https://picsum.photos/845/593', 'Grass-roots intermediate workforce');
INSERT INTO steps (steps_id, steps_str, image, image_caption) VALUES ('184', 'Forward own blue yet issue attention.', 'https://placekitten.com/776/992', 'Fully-configurable directional solution');
INSERT INTO steps (steps_id, steps_str, image, image_caption) VALUES ('185', 'Buy strategy tax return radio.', 'https://dummyimage.com/264x730', 'Optional tangible algorithm');
INSERT INTO steps (steps_id, steps_str, image, image_caption) VALUES ('186', 'Yet election action site eat either ever lay.', 'https://picsum.photos/557/691', 'Versatile systematic concept');
INSERT INTO steps (steps_id, steps_str, image, image_caption) VALUES ('187', 'Coach probably month what center idea half.', 'https://dummyimage.com/840x971', 'Team-oriented analyzing support');
INSERT INTO steps (steps_id, steps_str, image, image_caption) VALUES ('188', 'Grow along add word.', 'https://placekitten.com/948/911', 'Pre-emptive discrete hardware');
INSERT INTO steps (steps_id, steps_str, image, image_caption) VALUES ('189', 'Assume avoid particularly.', 'https://dummyimage.com/438x699', 'Down-sized asynchronous algorithm');
INSERT INTO steps (steps_id, steps_str, image, image_caption) VALUES ('190', 'No evening especially around fight bill money community.', 'https://dummyimage.com/842x938', 'User-centric optimal superstructure');
INSERT INTO steps (steps_id, steps_str, image, image_caption) VALUES ('191', 'Five treat will head heavy.', 'https://dummyimage.com/822x250', 'Extended reciprocal hardware');
INSERT INTO steps (steps_id, steps_str, image, image_caption) VALUES ('192', 'Military serious crime staff into she news.', 'https://placekitten.com/171/154', 'Business-focused full-range standardizat');
INSERT INTO steps (steps_id, steps_str, image, image_caption) VALUES ('193', 'Message ok community.', 'https://placekitten.com/609/478', 'Multi-channeled next generation monitori');
INSERT INTO steps (steps_id, steps_str, image, image_caption) VALUES ('194', 'Best actually sing since yes try bring ready.', 'https://dummyimage.com/652x533', 'Ergonomic client-driven solution');
INSERT INTO steps (steps_id, steps_str, image, image_caption) VALUES ('195', 'Wrong trip child.', 'https://placekitten.com/741/909', 'Implemented global workforce');
INSERT INTO steps (steps_id, steps_str, image, image_caption) VALUES ('196', 'Prevent candidate paper prevent national only.', 'https://dummyimage.com/623x638', 'Virtual incremental firmware');
INSERT INTO steps (steps_id, steps_str, image, image_caption) VALUES ('197', 'Choice power eat general.', 'https://placekitten.com/815/172', 'Business-focused systemic access');
INSERT INTO steps (steps_id, steps_str, image, image_caption) VALUES ('198', 'So day attention sign large bed above.', 'https://placekitten.com/360/116', 'Future-proofed intermediate task-force');
INSERT INTO steps (steps_id, steps_str, image, image_caption) VALUES ('199', 'Organization dream reflect growth new class.', 'https://placekitten.com/72/869', 'Advanced impactful support');
INSERT INTO steps (steps_id, steps_str, image, image_caption) VALUES ('200', 'Someone north allow accept.', 'https://picsum.photos/928/296', 'Monitored logistical help-desk');
INSERT INTO steps (steps_id, steps_str, image, image_caption) VALUES ('201', 'It collection receive window.', 'https://picsum.photos/137/684', 'Pre-emptive executive encoding');
INSERT INTO steps (steps_id, steps_str, image, image_caption) VALUES ('202', 'Particularly could catch say true never possible.', 'https://dummyimage.com/938x742', 'Fundamental user-facing attitude');
INSERT INTO steps (steps_id, steps_str, image, image_caption) VALUES ('203', 'Series machine land others structure specific family able.', 'https://placekitten.com/176/789', 'Reverse-engineered hybrid toolset');
INSERT INTO steps (steps_id, steps_str, image, image_caption) VALUES ('204', 'Nothing fast not whom along or again there.', 'https://picsum.photos/930/767', 'Proactive discrete benchmark');
INSERT INTO steps (steps_id, steps_str, image, image_caption) VALUES ('205', 'Popular cut possible.', 'https://picsum.photos/544/412', 'Cross-group neutral pricing structure');
INSERT INTO steps (steps_id, steps_str, image, image_caption) VALUES ('206', 'Home democratic civil they involve blood air usually.', 'https://placekitten.com/663/649', 'Front-line zero administration analyzer');
INSERT INTO steps (steps_id, steps_str, image, image_caption) VALUES ('207', 'Side recognize how deal last true society.', 'https://dummyimage.com/1002x927', 'Multi-tiered full-range moratorium');
INSERT INTO steps (steps_id, steps_str, image, image_caption) VALUES ('208', 'Speak next movie bad collection.', 'https://dummyimage.com/1020x922', 'Organic user-facing knowledgebase');
INSERT INTO steps (steps_id, steps_str, image, image_caption) VALUES ('209', 'Card strong seat rate less draw official.', 'https://picsum.photos/454/537', 'Integrated upward-trending open system');
INSERT INTO steps (steps_id, steps_str, image, image_caption) VALUES ('210', 'Hear work down them whose school.', 'https://picsum.photos/971/64', 'Cross-platform logistical task-force');
INSERT INTO steps (steps_id, steps_str, image, image_caption) VALUES ('211', 'About attorney may five Mrs ten leader.', 'https://picsum.photos/948/224', 'Front-line heuristic support');
INSERT INTO steps (steps_id, steps_str, image, image_caption) VALUES ('212', 'Whatever reflect trouble sure fund red method throughout.', 'https://picsum.photos/521/124', 'Automated incremental adapter');
INSERT INTO steps (steps_id, steps_str, image, image_caption) VALUES ('213', 'Respond word summer available close.', 'https://placekitten.com/758/505', 'User-friendly radical functionalities');
INSERT INTO steps (steps_id, steps_str, image, image_caption) VALUES ('214', 'Performance well simple large song.', 'https://picsum.photos/74/898', 'Optimized 4thgeneration budgetary manage');
INSERT INTO steps (steps_id, steps_str, image, image_caption) VALUES ('215', 'Receive brother race PM.', 'https://placekitten.com/800/877', 'Synchronized actuating parallelism');
INSERT INTO steps (steps_id, steps_str, image, image_caption) VALUES ('216', 'Machine agree executive his analysis bag bit.', 'https://dummyimage.com/350x781', 'Team-oriented optimal structure');
INSERT INTO steps (steps_id, steps_str, image, image_caption) VALUES ('217', 'Fast add force relationship best there successful produce.', 'https://picsum.photos/207/454', 'Public-key hybrid product');
INSERT INTO steps (steps_id, steps_str, image, image_caption) VALUES ('218', 'Worker country force bill.', 'https://picsum.photos/7/161', 'Open-source systemic function');
INSERT INTO steps (steps_id, steps_str, image, image_caption) VALUES ('219', 'Religious hard score than appear.', 'https://dummyimage.com/336x684', 'Realigned contextually-based alliance');
INSERT INTO steps (steps_id, steps_str, image, image_caption) VALUES ('220', 'Lead effort drive attention place produce.', 'https://dummyimage.com/538x859', 'Operative next generation contingency');
INSERT INTO steps (steps_id, steps_str, image, image_caption) VALUES ('221', 'Long blue day return author light service.', 'https://placekitten.com/83/960', 'Fully-configurable directional array');
INSERT INTO steps (steps_id, steps_str, image, image_caption) VALUES ('222', 'Realize baby she long how account these.', 'https://placekitten.com/280/99', 'Team-oriented optimizing moderator');
INSERT INTO steps (steps_id, steps_str, image, image_caption) VALUES ('223', 'Capital exactly structure really mother doctor thing.', 'https://placekitten.com/370/371', 'Re-engineered background Internet soluti');
INSERT INTO steps (steps_id, steps_str, image, image_caption) VALUES ('224', 'Agree cell citizen since politics.', 'https://dummyimage.com/794x740', 'Compatible context-sensitive Graphic Int');
INSERT INTO steps (steps_id, steps_str, image, image_caption) VALUES ('225', 'Let phone sister property.', 'https://dummyimage.com/440x999', 'Devolved human-resource middleware');
INSERT INTO steps (steps_id, steps_str, image, image_caption) VALUES ('226', 'Explain ability involve security start heart ahead.', 'https://placekitten.com/66/456', 'Future-proofed clear-thinking core');
INSERT INTO steps (steps_id, steps_str, image, image_caption) VALUES ('227', 'Many discuss spring national.', 'https://picsum.photos/103/536', 'Compatible context-sensitive firmware');
INSERT INTO steps (steps_id, steps_str, image, image_caption) VALUES ('228', 'Drug something this.', 'https://dummyimage.com/732x941', 'Integrated explicit focus group');
INSERT INTO steps (steps_id, steps_str, image, image_caption) VALUES ('229', 'Opportunity discussion modern sea simply class edge.', 'https://dummyimage.com/1019x891', 'Progressive mobile customer loyalty');
INSERT INTO steps (steps_id, steps_str, image, image_caption) VALUES ('230', 'Loss speak why give relationship blood.', 'https://dummyimage.com/69x614', 'Monitored zero administration focus grou');
INSERT INTO steps (steps_id, steps_str, image, image_caption) VALUES ('231', 'Financial brother order those.', 'https://placekitten.com/1022/971', 'Synchronized executive throughput');
INSERT INTO steps (steps_id, steps_str, image, image_caption) VALUES ('232', 'Understand challenge data.', 'https://dummyimage.com/636x493', 'Cross-platform holistic artificial intel');
INSERT INTO steps (steps_id, steps_str, image, image_caption) VALUES ('233', 'Program bed rise become city table.', 'https://placekitten.com/243/190', 'Reactive dedicated array');
INSERT INTO steps (steps_id, steps_str, image, image_caption) VALUES ('234', 'Almost kitchen culture while shake firm.', 'https://picsum.photos/779/669', 'Robust system-worthy knowledgebase');
INSERT INTO steps (steps_id, steps_str, image, image_caption) VALUES ('235', 'Health try again foot effort hair when.', 'https://picsum.photos/96/946', 'Organic encompassing monitoring');
INSERT INTO steps (steps_id, steps_str, image, image_caption) VALUES ('236', 'Million sea system late.', 'https://dummyimage.com/344x205', 'Expanded national software');
INSERT INTO steps (steps_id, steps_str, image, image_caption) VALUES ('237', 'Street rise cultural start.', 'https://picsum.photos/728/329', 'Intuitive logistical paradigm');
INSERT INTO steps (steps_id, steps_str, image, image_caption) VALUES ('238', 'Interest source Mr reduce.', 'https://picsum.photos/486/839', 'De-engineered maximized benchmark');
INSERT INTO steps (steps_id, steps_str, image, image_caption) VALUES ('239', 'Pretty budget I impact suggest example.', 'https://dummyimage.com/603x969', 'Implemented secondary hub');
INSERT INTO steps (steps_id, steps_str, image, image_caption) VALUES ('240', 'Matter official outside picture save society.', 'https://picsum.photos/904/676', 'Synchronized content-based encoding');
INSERT INTO steps (steps_id, steps_str, image, image_caption) VALUES ('241', 'Artist role rich western table this.', 'https://dummyimage.com/321x294', 'Inverse tangible parallelism');
INSERT INTO steps (steps_id, steps_str, image, image_caption) VALUES ('242', 'Movement manage really like information grow economic.', 'https://picsum.photos/316/315', 'Multi-layered bottom-line task-force');
INSERT INTO steps (steps_id, steps_str, image, image_caption) VALUES ('243', 'Stock property arrive different friend.', 'https://picsum.photos/964/417', 'Persevering bandwidth-monitored capacity');
INSERT INTO steps (steps_id, steps_str, image, image_caption) VALUES ('244', 'Take as PM.', 'https://picsum.photos/586/671', 'Organic tangible adapter');
INSERT INTO steps (steps_id, steps_str, image, image_caption) VALUES ('245', 'Where hour democratic wrong owner see.', 'https://placekitten.com/770/404', 'Proactive dedicated toolset');
INSERT INTO steps (steps_id, steps_str, image, image_caption) VALUES ('246', 'Join important test federal end.', 'https://placekitten.com/982/200', 'User-friendly client-driven adapter');
INSERT INTO steps (steps_id, steps_str, image, image_caption) VALUES ('247', 'He main tend.', 'https://dummyimage.com/815x674', 'Secured eco-centric info-mediaries');
INSERT INTO steps (steps_id, steps_str, image, image_caption) VALUES ('248', 'Would young red good fly into college.', 'https://placekitten.com/833/462', 'Decentralized dedicated instruction set');
INSERT INTO steps (steps_id, steps_str, image, image_caption) VALUES ('249', 'Civil often face perhaps mission.', 'https://placekitten.com/636/919', 'Stand-alone upward-trending portal');
INSERT INTO steps (steps_id, steps_str, image, image_caption) VALUES ('250', 'Positive population through dog social probably.', 'https://placekitten.com/683/240', 'Extended coherent methodology');
INSERT INTO steps (steps_id, steps_str, image, image_caption) VALUES ('251', 'Report American include why ahead.', 'https://dummyimage.com/481x158', 'Object-based tangible middleware');
INSERT INTO steps (steps_id, steps_str, image, image_caption) VALUES ('252', 'Service air way federal language.', 'https://picsum.photos/181/59', 'Ameliorated global definition');
INSERT INTO steps (steps_id, steps_str, image, image_caption) VALUES ('253', 'I situation college five history summer.', 'https://picsum.photos/988/37', 'Cross-platform methodical forecast');
INSERT INTO steps (steps_id, steps_str, image, image_caption) VALUES ('254', 'Truth nice toward arrive once might.', 'https://placekitten.com/540/187', 'Re-engineered logistical help-desk');
INSERT INTO steps (steps_id, steps_str, image, image_caption) VALUES ('255', 'Free cell clearly far address authority.', 'https://picsum.photos/838/846', 'Universal stable Local Area Network');
INSERT INTO steps (steps_id, steps_str, image, image_caption) VALUES ('256', 'Question story glass turn live expect put phone.', 'https://dummyimage.com/794x627', 'Reduced multimedia intranet');
INSERT INTO steps (steps_id, steps_str, image, image_caption) VALUES ('257', 'Car perform picture note center something.', 'https://picsum.photos/426/629', 'Sharable responsive application');
INSERT INTO steps (steps_id, steps_str, image, image_caption) VALUES ('258', 'If space nearly find red entire.', 'https://picsum.photos/213/988', 'Profound bi-directional protocol');
INSERT INTO steps (steps_id, steps_str, image, image_caption) VALUES ('259', 'Example plan room.', 'https://dummyimage.com/592x756', 'Profit-focused optimal capability');
INSERT INTO steps (steps_id, steps_str, image, image_caption) VALUES ('260', 'Really case majority individual prepare enjoy.', 'https://placekitten.com/1015/848', 'Exclusive tangible approach');
INSERT INTO steps (steps_id, steps_str, image, image_caption) VALUES ('261', 'Far member suffer now.', 'https://placekitten.com/99/1021', 'Multi-channeled methodical moratorium');
INSERT INTO steps (steps_id, steps_str, image, image_caption) VALUES ('262', 'Growth forget type send girl.', 'https://placekitten.com/687/272', 'Organized local hub');
INSERT INTO steps (steps_id, steps_str, image, image_caption) VALUES ('263', 'View account agree election.', 'https://placekitten.com/285/605', 'Re-engineered directional toolset');
INSERT INTO steps (steps_id, steps_str, image, image_caption) VALUES ('264', 'Ago near turn increase beat central.', 'https://dummyimage.com/790x388', 'Virtual mobile initiative');
INSERT INTO steps (steps_id, steps_str, image, image_caption) VALUES ('265', 'Success suffer structure offer.', 'https://placekitten.com/29/352', 'Sharable attitude-oriented firmware');
INSERT INTO steps (steps_id, steps_str, image, image_caption) VALUES ('266', 'Another outside service road help live method.', 'https://picsum.photos/337/496', 'Diverse responsive workforce');
INSERT INTO steps (steps_id, steps_str, image, image_caption) VALUES ('267', 'Key agency name own operation find painting.', 'https://dummyimage.com/699x385', 'Automated solution-oriented neural-net');
INSERT INTO steps (steps_id, steps_str, image, image_caption) VALUES ('268', 'Stock measure over cell ready man.', 'https://dummyimage.com/924x637', 'Right-sized methodical extranet');
INSERT INTO steps (steps_id, steps_str, image, image_caption) VALUES ('269', 'City clear fact.', 'https://picsum.photos/250/595', 'Operative cohesive framework');
INSERT INTO steps (steps_id, steps_str, image, image_caption) VALUES ('270', 'Production ready western material history.', 'https://picsum.photos/892/487', 'Organized even-keeled contingency');
INSERT INTO steps (steps_id, steps_str, image, image_caption) VALUES ('271', 'Debate low wide each finish.', 'https://placekitten.com/775/771', 'Synergized executive synergy');
INSERT INTO steps (steps_id, steps_str, image, image_caption) VALUES ('272', 'Human something together major.', 'https://picsum.photos/866/965', 'Reactive real-time groupware');
INSERT INTO steps (steps_id, steps_str, image, image_caption) VALUES ('273', 'We system general leave these.', 'https://placekitten.com/308/963', 'Organic fresh-thinking structure');
INSERT INTO steps (steps_id, steps_str, image, image_caption) VALUES ('274', 'Fine easy society benefit field mean.', 'https://placekitten.com/365/959', 'Cross-group optimal product');
INSERT INTO steps (steps_id, steps_str, image, image_caption) VALUES ('275', 'This follow support modern vote line detail turn.', 'https://placekitten.com/542/325', 'Function-based maximized orchestration');
INSERT INTO steps (steps_id, steps_str, image, image_caption) VALUES ('276', 'Yes can along.', 'https://picsum.photos/240/727', 'Compatible directional paradigm');
INSERT INTO steps (steps_id, steps_str, image, image_caption) VALUES ('277', 'Bad usually room else.', 'https://placekitten.com/505/858', 'Pre-emptive heuristic framework');
INSERT INTO steps (steps_id, steps_str, image, image_caption) VALUES ('278', 'Yes popular individual large method lay clear small.', 'https://dummyimage.com/739x955', 'Versatile bi-directional function');
INSERT INTO steps (steps_id, steps_str, image, image_caption) VALUES ('279', 'That explain size you nature style.', 'https://dummyimage.com/238x727', 'Synergistic multimedia service-desk');
INSERT INTO steps (steps_id, steps_str, image, image_caption) VALUES ('280', 'Very tell agree kid would exactly whole.', 'https://dummyimage.com/487x203', 'Operative transitional emulation');
INSERT INTO steps (steps_id, steps_str, image, image_caption) VALUES ('281', 'Paper note defense expect science.', 'https://placekitten.com/398/629', 'Devolved coherent architecture');
INSERT INTO steps (steps_id, steps_str, image, image_caption) VALUES ('282', 'Plan upon model memory.', 'https://dummyimage.com/133x12', 'Compatible systematic access');
INSERT INTO steps (steps_id, steps_str, image, image_caption) VALUES ('283', 'Case authority structure concern.', 'https://placekitten.com/909/251', 'Reactive upward-trending contingency');
INSERT INTO steps (steps_id, steps_str, image, image_caption) VALUES ('284', 'Toward stock other whom green.', 'https://placekitten.com/418/646', 'Total high-level standardization');
INSERT INTO steps (steps_id, steps_str, image, image_caption) VALUES ('285', 'Morning cell account expert.', 'https://placekitten.com/550/669', 'Customizable neutral conglomeration');
INSERT INTO steps (steps_id, steps_str, image, image_caption) VALUES ('286', 'Watch option term including north language commercial pay.', 'https://dummyimage.com/20x737', 'Front-line executive orchestration');
INSERT INTO steps (steps_id, steps_str, image, image_caption) VALUES ('287', 'Imagine data wait price ready behind.', 'https://dummyimage.com/535x527', 'Reduced reciprocal alliance');
INSERT INTO steps (steps_id, steps_str, image, image_caption) VALUES ('288', 'Late music kind difficult peace.', 'https://placekitten.com/1021/673', 'Exclusive tertiary customer loyalty');
INSERT INTO steps (steps_id, steps_str, image, image_caption) VALUES ('289', 'Science fight present interesting low.', 'https://placekitten.com/502/403', 'Secured directional complexity');
INSERT INTO steps (steps_id, steps_str, image, image_caption) VALUES ('290', 'Risk challenge Democrat.', 'https://dummyimage.com/643x121', 'Triple-buffered secondary open architect');
INSERT INTO steps (steps_id, steps_str, image, image_caption) VALUES ('291', 'Only perform record give.', 'https://picsum.photos/35/521', 'User-friendly exuding time-frame');
INSERT INTO steps (steps_id, steps_str, image, image_caption) VALUES ('292', 'National human determine miss.', 'https://dummyimage.com/567x108', 'Monitored responsive knowledge user');
INSERT INTO steps (steps_id, steps_str, image, image_caption) VALUES ('293', 'Hair always understand water campaign natural home.', 'https://dummyimage.com/141x667', 'Visionary background standardization');
INSERT INTO steps (steps_id, steps_str, image, image_caption) VALUES ('294', 'Miss it pay cold government fill.', 'https://dummyimage.com/617x36', 'Ameliorated holistic encoding');
INSERT INTO steps (steps_id, steps_str, image, image_caption) VALUES ('295', 'Laugh student with.', 'https://placekitten.com/393/892', 'Operative zero-defect help-desk');
INSERT INTO steps (steps_id, steps_str, image, image_caption) VALUES ('296', 'Mission hope someone rather allow.', 'https://picsum.photos/924/184', 'Decentralized systematic customer loyalt');
INSERT INTO steps (steps_id, steps_str, image, image_caption) VALUES ('297', 'But statement item next stock against thank.', 'https://picsum.photos/641/437', 'Synergistic solution-oriented analyzer');
INSERT INTO steps (steps_id, steps_str, image, image_caption) VALUES ('298', 'Court high seven treatment mean manage mission.', 'https://dummyimage.com/779x819', 'Up-sized modular collaboration');
INSERT INTO steps (steps_id, steps_str, image, image_caption) VALUES ('299', 'Society recognize audience.', 'https://dummyimage.com/403x366', 'Synergized discrete help-desk');
INSERT INTO steps (steps_id, steps_str, image, image_caption) VALUES ('300', 'Write together decision song western win picture.', 'https://dummyimage.com/678x564', 'Enterprise-wide demand-driven interface');
INSERT INTO steps (steps_id, steps_str, image, image_caption) VALUES ('301', 'Laugh travel finish prevent father.', 'https://dummyimage.com/989x116', 'Reduced non-volatile attitude');
INSERT INTO steps (steps_id, steps_str, image, image_caption) VALUES ('302', 'Ask world hair film pay.', 'https://dummyimage.com/516x798', 'Enterprise-wide contextually-based congl');
INSERT INTO steps (steps_id, steps_str, image, image_caption) VALUES ('303', 'Born itself billion both southern popular what control.', 'https://dummyimage.com/165x735', 'Quality-focused directional access');
INSERT INTO steps (steps_id, steps_str, image, image_caption) VALUES ('304', 'Knowledge market once baby happy.', 'https://picsum.photos/857/101', 'Face-to-face directional circuit');
INSERT INTO steps (steps_id, steps_str, image, image_caption) VALUES ('305', 'Ever remember employee main office customer also bag.', 'https://dummyimage.com/79x1008', 'Innovative non-volatile success');
INSERT INTO steps (steps_id, steps_str, image, image_caption) VALUES ('306', 'Control call audience decision newspaper drop nor.', 'https://placekitten.com/106/117', 'Expanded static artificial intelligence');
INSERT INTO steps (steps_id, steps_str, image, image_caption) VALUES ('307', 'Risk quality attorney husband fill item return.', 'https://dummyimage.com/859x639', 'Re-engineered non-volatile leverage');
INSERT INTO steps (steps_id, steps_str, image, image_caption) VALUES ('308', 'Music good pull rather follow.', 'https://picsum.photos/68/803', 'Optional systematic framework');
INSERT INTO steps (steps_id, steps_str, image, image_caption) VALUES ('309', 'Man rock pick wall around.', 'https://picsum.photos/1004/233', 'Grass-roots multimedia core');
INSERT INTO steps (steps_id, steps_str, image, image_caption) VALUES ('310', 'Pattern institution arrive Mr.', 'https://placekitten.com/539/566', 'Distributed tangible budgetary managemen');
INSERT INTO steps (steps_id, steps_str, image, image_caption) VALUES ('311', 'Call could develop tell apply center.', 'https://picsum.photos/557/841', 'Operative human-resource encryption');
INSERT INTO steps (steps_id, steps_str, image, image_caption) VALUES ('312', 'Population nature size mention head environmental.', 'https://dummyimage.com/556x6', 'Distributed encompassing utilization');
INSERT INTO steps (steps_id, steps_str, image, image_caption) VALUES ('313', 'Forward respond career question nor travel.', 'https://picsum.photos/1022/144', 'Self-enabling value-added Graphic Interf');
INSERT INTO steps (steps_id, steps_str, image, image_caption) VALUES ('314', 'Woman same language chair audience.', 'https://picsum.photos/492/422', 'Networked maximized capacity');
INSERT INTO steps (steps_id, steps_str, image, image_caption) VALUES ('315', 'Color special involve class evidence its approach.', 'https://placekitten.com/938/273', 'Assimilated static Graphical User Interf');
INSERT INTO steps (steps_id, steps_str, image, image_caption) VALUES ('316', 'Man return rather throw.', 'https://picsum.photos/461/604', 'Inverse logistical methodology');
INSERT INTO steps (steps_id, steps_str, image, image_caption) VALUES ('317', 'Always treat two blue hit.', 'https://placekitten.com/218/883', 'Polarized tangible capability');
INSERT INTO steps (steps_id, steps_str, image, image_caption) VALUES ('318', 'Safe best both lot attack forward.', 'https://picsum.photos/806/854', 'Implemented 3rdgeneration open system');
INSERT INTO steps (steps_id, steps_str, image, image_caption) VALUES ('319', 'Collection whole from son.', 'https://dummyimage.com/277x645', 'Fully-configurable heuristic intranet');
INSERT INTO steps (steps_id, steps_str, image, image_caption) VALUES ('320', 'There care economy laugh local.', 'https://picsum.photos/951/380', 'Adaptive multi-state success');
INSERT INTO steps (steps_id, steps_str, image, image_caption) VALUES ('321', 'Specific community show whom modern admit create.', 'https://dummyimage.com/471x446', 'De-engineered disintermediate installati');
INSERT INTO steps (steps_id, steps_str, image, image_caption) VALUES ('322', 'Process phone line clearly glass not.', 'https://picsum.photos/207/456', 'Universal cohesive analyzer');
INSERT INTO steps (steps_id, steps_str, image, image_caption) VALUES ('323', 'Or attack imagine behavior.', 'https://dummyimage.com/677x237', 'De-engineered stable alliance');
INSERT INTO steps (steps_id, steps_str, image, image_caption) VALUES ('324', 'Indicate official behavior wall home word.', 'https://placekitten.com/124/30', 'Sharable responsive adapter');
INSERT INTO steps (steps_id, steps_str, image, image_caption) VALUES ('325', 'School later late position miss agreement.', 'https://placekitten.com/240/342', 'Pre-emptive human-resource throughput');
INSERT INTO steps (steps_id, steps_str, image, image_caption) VALUES ('326', 'Economic what trouble.', 'https://picsum.photos/709/1009', 'Advanced bottom-line conglomeration');
INSERT INTO steps (steps_id, steps_str, image, image_caption) VALUES ('327', 'Consider week east everyone.', 'https://picsum.photos/571/281', 'Self-enabling uniform model');
INSERT INTO steps (steps_id, steps_str, image, image_caption) VALUES ('328', 'Benefit southern suggest force attention.', 'https://placekitten.com/248/914', 'Stand-alone motivating forecast');
INSERT INTO steps (steps_id, steps_str, image, image_caption) VALUES ('329', 'Economic bill together start everything for.', 'https://picsum.photos/618/180', 'Vision-oriented discrete standardization');
INSERT INTO steps (steps_id, steps_str, image, image_caption) VALUES ('330', 'Cold politics politics fill.', 'https://dummyimage.com/70x613', 'Optimized demand-driven architecture');
INSERT INTO steps (steps_id, steps_str, image, image_caption) VALUES ('331', 'Look customer paper next young.', 'https://picsum.photos/19/291', 'Monitored zero-defect utilization');
INSERT INTO steps (steps_id, steps_str, image, image_caption) VALUES ('332', 'Without food generation nothing east six.', 'https://placekitten.com/806/422', 'Devolved clear-thinking hierarchy');
INSERT INTO steps (steps_id, steps_str, image, image_caption) VALUES ('333', 'Against several agree choose sea strategy shoulder interesting.', 'https://picsum.photos/165/787', 'Operative tangible success');
INSERT INTO steps (steps_id, steps_str, image, image_caption) VALUES ('334', 'Bit movie those price order.', 'https://placekitten.com/803/19', 'Diverse didactic contingency');
INSERT INTO steps (steps_id, steps_str, image, image_caption) VALUES ('335', 'Through financial meet player medical behavior set.', 'https://dummyimage.com/377x688', 'Stand-alone 24/7 knowledge user');
INSERT INTO steps (steps_id, steps_str, image, image_caption) VALUES ('336', 'Republican serious president head trip building note then.', 'https://placekitten.com/366/642', 'Front-line zero administration knowledge');
INSERT INTO steps (steps_id, steps_str, image, image_caption) VALUES ('337', 'New would production run situation well.', 'https://dummyimage.com/574x597', 'Versatile foreground secured line');
INSERT INTO steps (steps_id, steps_str, image, image_caption) VALUES ('338', 'Both wind wear campaign agent exactly firm.', 'https://placekitten.com/436/529', 'Switchable heuristic hub');
INSERT INTO steps (steps_id, steps_str, image, image_caption) VALUES ('339', 'People better for shake last.', 'https://picsum.photos/49/569', 'Visionary responsive orchestration');
INSERT INTO steps (steps_id, steps_str, image, image_caption) VALUES ('340', 'Air thus trade significant think.', 'https://placekitten.com/481/765', 'Customizable client-driven structure');
INSERT INTO steps (steps_id, steps_str, image, image_caption) VALUES ('341', 'Management event reality detail theory.', 'https://placekitten.com/959/683', 'Cross-platform neutral Graphic Interface');
INSERT INTO steps (steps_id, steps_str, image, image_caption) VALUES ('342', 'From couple none seek represent.', 'https://placekitten.com/1010/990', 'Ergonomic coherent neural-net');
INSERT INTO steps (steps_id, steps_str, image, image_caption) VALUES ('343', 'Artist yes often.', 'https://dummyimage.com/401x827', 'Secured demand-driven installation');
INSERT INTO steps (steps_id, steps_str, image, image_caption) VALUES ('344', 'Raise difference ground human indicate bar control.', 'https://placekitten.com/365/82', 'Proactive reciprocal intranet');
INSERT INTO steps (steps_id, steps_str, image, image_caption) VALUES ('345', 'Why church painting really receive change.', 'https://placekitten.com/570/791', 'Synergistic client-driven application');
INSERT INTO steps (steps_id, steps_str, image, image_caption) VALUES ('346', 'Serious institution cut wall news shake.', 'https://dummyimage.com/80x318', 'Digitized leadingedge circuit');
INSERT INTO steps (steps_id, steps_str, image, image_caption) VALUES ('347', 'Threat section keep by old song necessary.', 'https://picsum.photos/917/809', 'De-engineered maximized help-desk');
INSERT INTO steps (steps_id, steps_str, image, image_caption) VALUES ('348', 'Guy represent family box later us dinner.', 'https://placekitten.com/222/273', 'Polarized solution-oriented moratorium');
INSERT INTO steps (steps_id, steps_str, image, image_caption) VALUES ('349', 'Computer claim collection government.', 'https://dummyimage.com/672x600', 'Extended methodical productivity');
INSERT INTO steps (steps_id, steps_str, image, image_caption) VALUES ('350', 'System society team address.', 'https://placekitten.com/306/130', 'Upgradable regional process improvement');
INSERT INTO steps (steps_id, steps_str, image, image_caption) VALUES ('351', 'Trouble add receive.', 'https://placekitten.com/205/786', 'Profit-focused well-modulated info-media');
INSERT INTO steps (steps_id, steps_str, image, image_caption) VALUES ('352', 'Newspaper present present common foot.', 'https://placekitten.com/840/274', 'Front-line multimedia capacity');
INSERT INTO steps (steps_id, steps_str, image, image_caption) VALUES ('353', 'What record your election wonder clearly believe.', 'https://dummyimage.com/409x957', 'Up-sized bandwidth-monitored open archit');
INSERT INTO steps (steps_id, steps_str, image, image_caption) VALUES ('354', 'Shoulder yet answer economy state.', 'https://dummyimage.com/399x598', 'User-friendly multimedia solution');
INSERT INTO steps (steps_id, steps_str, image, image_caption) VALUES ('355', 'Draw admit plan family.', 'https://placekitten.com/264/681', 'Realigned systemic matrices');
INSERT INTO steps (steps_id, steps_str, image, image_caption) VALUES ('356', 'Close society if area.', 'https://placekitten.com/191/662', 'Synchronized human-resource knowledge us');
INSERT INTO steps (steps_id, steps_str, image, image_caption) VALUES ('357', 'Over Mr card man chance agree.', 'https://picsum.photos/199/554', 'Extended solution-oriented protocol');
INSERT INTO steps (steps_id, steps_str, image, image_caption) VALUES ('358', 'Research main great full.', 'https://picsum.photos/581/388', 'Multi-channeled uniform capability');
INSERT INTO steps (steps_id, steps_str, image, image_caption) VALUES ('359', 'Seek effect pressure all spring.', 'https://picsum.photos/208/661', 'User-friendly coherent capacity');
INSERT INTO steps (steps_id, steps_str, image, image_caption) VALUES ('360', 'Son reason issue anyone room alone owner.', 'https://placekitten.com/415/34', 'Streamlined incremental infrastructure');
INSERT INTO steps (steps_id, steps_str, image, image_caption) VALUES ('361', 'Smile both show late.', 'https://dummyimage.com/593x846', 'Profit-focused dynamic help-desk');
INSERT INTO steps (steps_id, steps_str, image, image_caption) VALUES ('362', 'Since person finish current morning whatever here argue.', 'https://dummyimage.com/36x650', 'Visionary composite algorithm');
INSERT INTO steps (steps_id, steps_str, image, image_caption) VALUES ('363', 'Century claim level audience gas share need.', 'https://dummyimage.com/568x865', 'Integrated regional moratorium');
INSERT INTO steps (steps_id, steps_str, image, image_caption) VALUES ('364', 'Herself gas prepare Democrat.', 'https://dummyimage.com/368x167', 'Fully-configurable logistical capacity');
INSERT INTO steps (steps_id, steps_str, image, image_caption) VALUES ('365', 'Strategy tree either people blood newspaper.', 'https://picsum.photos/826/835', 'Grass-roots zero administration system e');
INSERT INTO steps (steps_id, steps_str, image, image_caption) VALUES ('366', 'Seek white window daughter former without field appear.', 'https://dummyimage.com/104x796', 'Proactive interactive infrastructure');
INSERT INTO steps (steps_id, steps_str, image, image_caption) VALUES ('367', 'Career off down every let hand environmental.', 'https://placekitten.com/985/815', 'Advanced secondary contingency');
INSERT INTO steps (steps_id, steps_str, image, image_caption) VALUES ('368', 'Until unit especially approach security fall section.', 'https://picsum.photos/757/125', 'Integrated contextually-based solution');
INSERT INTO steps (steps_id, steps_str, image, image_caption) VALUES ('369', 'Financial only finally sea impact event.', 'https://picsum.photos/271/17', 'Grass-roots intermediate hierarchy');
INSERT INTO steps (steps_id, steps_str, image, image_caption) VALUES ('370', 'While room animal tough generation or brother.', 'https://placekitten.com/284/198', 'Devolved dedicated productivity');
INSERT INTO steps (steps_id, steps_str, image, image_caption) VALUES ('371', 'Parent high politics less race herself.', 'https://dummyimage.com/85x179', 'Assimilated system-worthy structure');
INSERT INTO steps (steps_id, steps_str, image, image_caption) VALUES ('372', 'Suggest interesting art full.', 'https://picsum.photos/850/919', 'Innovative cohesive standardization');
INSERT INTO steps (steps_id, steps_str, image, image_caption) VALUES ('373', 'Make glass within hope music suggest.', 'https://placekitten.com/709/26', 'Robust eco-centric core');
INSERT INTO steps (steps_id, steps_str, image, image_caption) VALUES ('374', 'Reach seem market land direction.', 'https://picsum.photos/873/936', 'Fully-configurable tertiary open system');
INSERT INTO steps (steps_id, steps_str, image, image_caption) VALUES ('375', 'Shoulder catch second enough.', 'https://dummyimage.com/343x702', 'Upgradable fresh-thinking conglomeration');
INSERT INTO steps (steps_id, steps_str, image, image_caption) VALUES ('376', 'Career also name success thought teach activity light.', 'https://placekitten.com/291/742', 'Configurable national installation');
INSERT INTO steps (steps_id, steps_str, image, image_caption) VALUES ('377', 'Scene seem surface decide ball well.', 'https://picsum.photos/3/287', 'Multi-tiered uniform product');
INSERT INTO steps (steps_id, steps_str, image, image_caption) VALUES ('378', 'Product training which majority capital medical.', 'https://picsum.photos/493/203', 'Upgradable encompassing orchestration');
INSERT INTO steps (steps_id, steps_str, image, image_caption) VALUES ('379', 'Training girl city put also.', 'https://dummyimage.com/256x478', 'Synergistic multi-tasking conglomeration');
INSERT INTO steps (steps_id, steps_str, image, image_caption) VALUES ('380', 'Ahead police sound increase never.', 'https://dummyimage.com/528x143', 'Customer-focused 6thgeneration knowledge');
INSERT INTO steps (steps_id, steps_str, image, image_caption) VALUES ('381', 'Reality grow already later.', 'https://picsum.photos/640/364', 'Streamlined 6thgeneration instruction se');
INSERT INTO steps (steps_id, steps_str, image, image_caption) VALUES ('382', 'Through away plan visit.', 'https://picsum.photos/64/376', 'Grass-roots neutral portal');
INSERT INTO steps (steps_id, steps_str, image, image_caption) VALUES ('383', 'See best section respond discuss.', 'https://picsum.photos/486/303', 'Public-key next generation framework');
INSERT INTO steps (steps_id, steps_str, image, image_caption) VALUES ('384', 'Behavior executive whether miss traditional specific suggest special.', 'https://picsum.photos/581/515', 'Reactive object-oriented matrix');
INSERT INTO steps (steps_id, steps_str, image, image_caption) VALUES ('385', 'Market experience worker spring middle pretty.', 'https://placekitten.com/429/1016', 'User-friendly systematic standardization');
INSERT INTO steps (steps_id, steps_str, image, image_caption) VALUES ('386', 'Market bring certainly never product current our.', 'https://placekitten.com/355/988', 'Exclusive grid-enabled complexity');
INSERT INTO steps (steps_id, steps_str, image, image_caption) VALUES ('387', 'Sometimes school owner claim issue instead.', 'https://picsum.photos/600/567', 'Proactive directional projection');
INSERT INTO steps (steps_id, steps_str, image, image_caption) VALUES ('388', 'Must to meet billion class message.', 'https://picsum.photos/415/804', 'Right-sized multi-state support');
INSERT INTO steps (steps_id, steps_str, image, image_caption) VALUES ('389', 'Your remain everything project.', 'https://picsum.photos/97/752', 'Multi-channeled national capacity');
INSERT INTO steps (steps_id, steps_str, image, image_caption) VALUES ('390', 'City me front attack father somebody.', 'https://picsum.photos/546/794', 'Organized 3rdgeneration conglomeration');
INSERT INTO steps (steps_id, steps_str, image, image_caption) VALUES ('391', 'Method strategy friend alone decade.', 'https://placekitten.com/360/175', 'Mandatory zero administration ability');
INSERT INTO steps (steps_id, steps_str, image, image_caption) VALUES ('392', 'Relationship college professional air air certain.', 'https://dummyimage.com/121x25', 'Streamlined systematic solution');
INSERT INTO steps (steps_id, steps_str, image, image_caption) VALUES ('393', 'Eight serious television office note.', 'https://placekitten.com/897/766', 'Customizable fresh-thinking complexity');
INSERT INTO steps (steps_id, steps_str, image, image_caption) VALUES ('394', 'Study receive analysis.', 'https://placekitten.com/71/467', 'Sharable discrete attitude');
INSERT INTO steps (steps_id, steps_str, image, image_caption) VALUES ('395', 'Story mention hand executive possible become provide.', 'https://dummyimage.com/962x410', 'Implemented coherent interface');
INSERT INTO steps (steps_id, steps_str, image, image_caption) VALUES ('396', 'Than attorney man sense.', 'https://dummyimage.com/466x499', 'Open-source solution-oriented Graphic In');
INSERT INTO steps (steps_id, steps_str, image, image_caption) VALUES ('397', 'Different suffer career else.', 'https://picsum.photos/404/334', 'Inverse optimizing encoding');
INSERT INTO steps (steps_id, steps_str, image, image_caption) VALUES ('398', 'Key choose hand see current list go.', 'https://placekitten.com/895/427', 'Centralized encompassing open system');
INSERT INTO steps (steps_id, steps_str, image, image_caption) VALUES ('399', 'Price big else.', 'https://picsum.photos/126/224', 'Robust stable budgetary management');
INSERT INTO steps (steps_id, steps_str, image, image_caption) VALUES ('400', 'Information southern third worry.', 'https://dummyimage.com/613x221', 'Focused upward-trending time-frame');
INSERT INTO steps (steps_id, steps_str, image, image_caption) VALUES ('401', 'White establish wide organization possible throughout.', 'https://dummyimage.com/19x658', 'Robust value-added model');
INSERT INTO steps (steps_id, steps_str, image, image_caption) VALUES ('402', 'Consider almost ahead back place individual.', 'https://dummyimage.com/872x765', 'Distributed transitional support');
INSERT INTO steps (steps_id, steps_str, image, image_caption) VALUES ('403', 'Use ball foot name live.', 'https://placekitten.com/629/335', 'Synergized full-range open architecture');
INSERT INTO steps (steps_id, steps_str, image, image_caption) VALUES ('404', 'Everybody myself public make door.', 'https://picsum.photos/457/241', 'Advanced interactive complexity');
INSERT INTO steps (steps_id, steps_str, image, image_caption) VALUES ('405', 'Standard reveal special high big country.', 'https://placekitten.com/329/411', 'Distributed zero tolerance database');
INSERT INTO steps (steps_id, steps_str, image, image_caption) VALUES ('406', 'Subject indicate as health.', 'https://placekitten.com/1005/41', 'Horizontal demand-driven toolset');
INSERT INTO steps (steps_id, steps_str, image, image_caption) VALUES ('407', 'Author church company fear claim boy hold.', 'https://picsum.photos/929/638', 'Robust human-resource customer loyalty');
INSERT INTO steps (steps_id, steps_str, image, image_caption) VALUES ('408', 'Wrong surface fire politics much.', 'https://dummyimage.com/422x480', 'Vision-oriented client-server orchestrat');
INSERT INTO steps (steps_id, steps_str, image, image_caption) VALUES ('409', 'Its power international somebody table fall.', 'https://dummyimage.com/951x40', 'Optimized contextually-based secured lin');
INSERT INTO steps (steps_id, steps_str, image, image_caption) VALUES ('410', 'Eight week point occur.', 'https://dummyimage.com/686x496', 'Distributed responsive ability');
INSERT INTO steps (steps_id, steps_str, image, image_caption) VALUES ('411', 'Similar turn business service president rise play.', 'https://picsum.photos/871/614', 'Cross-group zero tolerance algorithm');
INSERT INTO steps (steps_id, steps_str, image, image_caption) VALUES ('412', 'Sense decade scientist another system reveal.', 'https://placekitten.com/462/392', 'Persistent global database');
INSERT INTO steps (steps_id, steps_str, image, image_caption) VALUES ('413', 'My final theory appear.', 'https://dummyimage.com/857x704', 'Robust grid-enabled encryption');
INSERT INTO steps (steps_id, steps_str, image, image_caption) VALUES ('414', 'Future process part wrong.', 'https://dummyimage.com/34x793', 'Devolved intangible migration');
INSERT INTO steps (steps_id, steps_str, image, image_caption) VALUES ('415', 'Economic ten blood building modern magazine.', 'https://picsum.photos/187/1014', 'Digitized needs-based hierarchy');
INSERT INTO steps (steps_id, steps_str, image, image_caption) VALUES ('416', 'After it nor.', 'https://placekitten.com/173/117', 'Robust demand-driven open system');
INSERT INTO steps (steps_id, steps_str, image, image_caption) VALUES ('417', 'Bar significant message least sometimes ball.', 'https://picsum.photos/994/410', 'Stand-alone explicit pricing structure');
INSERT INTO steps (steps_id, steps_str, image, image_caption) VALUES ('418', 'Board late set visit movie morning.', 'https://placekitten.com/674/58', 'Fully-configurable upward-trending circu');
INSERT INTO steps (steps_id, steps_str, image, image_caption) VALUES ('419', 'Way above rest can.', 'https://dummyimage.com/996x68', 'Reduced fault-tolerant contingency');
INSERT INTO steps (steps_id, steps_str, image, image_caption) VALUES ('420', 'Establish fear they house.', 'https://picsum.photos/704/483', 'Team-oriented cohesive frame');
INSERT INTO steps (steps_id, steps_str, image, image_caption) VALUES ('421', 'Sell actually read early guess.', 'https://dummyimage.com/492x93', 'Organic stable artificial intelligence');
INSERT INTO steps (steps_id, steps_str, image, image_caption) VALUES ('422', 'Character according imagine enter plant.', 'https://picsum.photos/39/570', 'Integrated transitional system engine');
INSERT INTO steps (steps_id, steps_str, image, image_caption) VALUES ('423', 'Think design all situation probably you around bit.', 'https://placekitten.com/128/858', 'Seamless dynamic success');
INSERT INTO steps (steps_id, steps_str, image, image_caption) VALUES ('424', 'Church participant job above when most air left.', 'https://picsum.photos/419/913', 'Inverse discrete contingency');
INSERT INTO steps (steps_id, steps_str, image, image_caption) VALUES ('425', 'Deal argue agreement against painting those plant.', 'https://dummyimage.com/786x203', 'Organized 24hour encoding');
INSERT INTO steps (steps_id, steps_str, image, image_caption) VALUES ('426', 'Chair that he something decision box step.', 'https://dummyimage.com/849x650', 'Decentralized zero administration standa');
INSERT INTO steps (steps_id, steps_str, image, image_caption) VALUES ('427', 'Charge oil option sense charge front production.', 'https://dummyimage.com/805x200', 'Inverse analyzing ability');
INSERT INTO steps (steps_id, steps_str, image, image_caption) VALUES ('428', 'Office begin whose most.', 'https://placekitten.com/426/590', 'Pre-emptive context-sensitive model');
INSERT INTO steps (steps_id, steps_str, image, image_caption) VALUES ('429', 'Account standard ahead apply.', 'https://placekitten.com/476/934', 'Visionary holistic utilization');
INSERT INTO steps (steps_id, steps_str, image, image_caption) VALUES ('430', 'Stand represent every according same note.', 'https://placekitten.com/168/838', 'Streamlined impactful complexity');
INSERT INTO steps (steps_id, steps_str, image, image_caption) VALUES ('431', 'Wind lead imagine technology understand part.', 'https://placekitten.com/345/301', 'Devolved zero tolerance emulation');
INSERT INTO steps (steps_id, steps_str, image, image_caption) VALUES ('432', 'Young decade next draw again.', 'https://placekitten.com/134/754', 'Seamless regional portal');
INSERT INTO steps (steps_id, steps_str, image, image_caption) VALUES ('433', 'Key various before defense hold accept.', 'https://picsum.photos/983/438', 'Synergistic secondary archive');
INSERT INTO steps (steps_id, steps_str, image, image_caption) VALUES ('434', 'Conference kind stop political style.', 'https://picsum.photos/514/605', 'Secured bandwidth-monitored methodology');
INSERT INTO steps (steps_id, steps_str, image, image_caption) VALUES ('435', 'Production defense its professional particularly month task.', 'https://placekitten.com/486/574', 'Sharable mobile installation');
INSERT INTO steps (steps_id, steps_str, image, image_caption) VALUES ('436', 'Drive worry or history worker now.', 'https://picsum.photos/238/496', 'Multi-channeled grid-enabled productivit');
INSERT INTO steps (steps_id, steps_str, image, image_caption) VALUES ('437', 'Professor game leader seven cold trade bed.', 'https://placekitten.com/879/459', 'Customer-focused homogeneous architectur');
INSERT INTO steps (steps_id, steps_str, image, image_caption) VALUES ('438', 'List notice dog science more.', 'https://picsum.photos/237/170', 'Monitored clear-thinking implementation');
INSERT INTO steps (steps_id, steps_str, image, image_caption) VALUES ('439', 'Not task instead capital hair less people.', 'https://dummyimage.com/925x87', 'Up-sized contextually-based superstructu');
INSERT INTO steps (steps_id, steps_str, image, image_caption) VALUES ('440', 'Cut doctor family meet best.', 'https://picsum.photos/93/886', 'Cross-group upward-trending open system');
INSERT INTO steps (steps_id, steps_str, image, image_caption) VALUES ('441', 'South teacher model officer operation blood.', 'https://picsum.photos/253/30', 'Integrated grid-enabled analyzer');
INSERT INTO steps (steps_id, steps_str, image, image_caption) VALUES ('442', 'Tax later property age interview less.', 'https://picsum.photos/1016/74', 'Synchronized tangible process improvemen');
INSERT INTO steps (steps_id, steps_str, image, image_caption) VALUES ('443', 'Under find left including for group.', 'https://picsum.photos/5/444', 'Open-source composite frame');
INSERT INTO steps (steps_id, steps_str, image, image_caption) VALUES ('444', 'Wish picture choose.', 'https://picsum.photos/272/720', 'Cloned encompassing alliance');
INSERT INTO steps (steps_id, steps_str, image, image_caption) VALUES ('445', 'Charge small rather building activity type outside.', 'https://dummyimage.com/491x478', 'Switchable even-keeled capability');
INSERT INTO steps (steps_id, steps_str, image, image_caption) VALUES ('446', 'Happen direction book ever your happen.', 'https://picsum.photos/370/284', 'Innovative scalable function');
INSERT INTO steps (steps_id, steps_str, image, image_caption) VALUES ('447', 'Foreign hit each time place.', 'https://dummyimage.com/389x336', 'Persevering eco-centric challenge');
INSERT INTO steps (steps_id, steps_str, image, image_caption) VALUES ('448', 'Cold operation painting remain agent best.', 'https://dummyimage.com/4x522', 'Polarized 6thgeneration archive');
INSERT INTO steps (steps_id, steps_str, image, image_caption) VALUES ('449', 'War church better consider sign dark.', 'https://picsum.photos/6/550', 'Automated client-server analyzer');
INSERT INTO steps (steps_id, steps_str, image, image_caption) VALUES ('450', 'Position guy authority response know hear third.', 'https://picsum.photos/113/526', 'Open-architected zero administration pri');
INSERT INTO steps (steps_id, steps_str, image, image_caption) VALUES ('451', 'Onto glass total blue.', 'https://picsum.photos/956/896', 'Inverse 24hour Graphic Interface');
INSERT INTO steps (steps_id, steps_str, image, image_caption) VALUES ('452', 'About list travel catch.', 'https://dummyimage.com/794x1013', 'Customer-focused leadingedge model');
INSERT INTO steps (steps_id, steps_str, image, image_caption) VALUES ('453', 'Share safe station case.', 'https://picsum.photos/825/66', 'Streamlined discrete access');
INSERT INTO steps (steps_id, steps_str, image, image_caption) VALUES ('454', 'Author pressure north why expert face when.', 'https://placekitten.com/132/7', 'Extended executive superstructure');
INSERT INTO steps (steps_id, steps_str, image, image_caption) VALUES ('455', 'Letter identify book send street provide election.', 'https://dummyimage.com/79x132', 'Ergonomic explicit moratorium');
INSERT INTO steps (steps_id, steps_str, image, image_caption) VALUES ('456', 'Kid even arrive minute new include.', 'https://dummyimage.com/443x729', 'Cloned uniform function');
INSERT INTO steps (steps_id, steps_str, image, image_caption) VALUES ('457', 'Authority compare director nice understand long least hope.', 'https://placekitten.com/577/454', 'Decentralized demand-driven installation');
INSERT INTO steps (steps_id, steps_str, image, image_caption) VALUES ('458', 'Player training player point protect reality behavior.', 'https://placekitten.com/450/813', 'Ameliorated multimedia strategy');
INSERT INTO steps (steps_id, steps_str, image, image_caption) VALUES ('459', 'Expert parent green ground student.', 'https://placekitten.com/985/858', 'Synergized composite benchmark');
INSERT INTO steps (steps_id, steps_str, image, image_caption) VALUES ('460', 'Join enough hit bar.', 'https://picsum.photos/389/756', 'Advanced neutral knowledgebase');
INSERT INTO steps (steps_id, steps_str, image, image_caption) VALUES ('461', 'Ball address media lead building.', 'https://dummyimage.com/506x515', 'Persistent context-sensitive firmware');
INSERT INTO steps (steps_id, steps_str, image, image_caption) VALUES ('462', 'None fill material structure free.', 'https://placekitten.com/921/1', 'Fully-configurable tangible orchestratio');
INSERT INTO steps (steps_id, steps_str, image, image_caption) VALUES ('463', 'Hot two follow movie effort themselves treatment next.', 'https://placekitten.com/999/909', 'Balanced leadingedge array');
INSERT INTO steps (steps_id, steps_str, image, image_caption) VALUES ('464', 'Machine another nice include read.', 'https://placekitten.com/559/528', 'Stand-alone contextually-based productiv');
INSERT INTO steps (steps_id, steps_str, image, image_caption) VALUES ('465', 'Particular Congress dinner someone sit meet.', 'https://picsum.photos/98/297', 'Organic even-keeled toolset');
INSERT INTO steps (steps_id, steps_str, image, image_caption) VALUES ('466', 'Building service yeah would statement.', 'https://dummyimage.com/277x379', 'Multi-lateral high-level encryption');
INSERT INTO steps (steps_id, steps_str, image, image_caption) VALUES ('467', 'Candidate writer pick raise.', 'https://dummyimage.com/514x551', 'Persistent exuding function');
INSERT INTO steps (steps_id, steps_str, image, image_caption) VALUES ('468', 'Word crime floor fact put operation hand.', 'https://picsum.photos/730/868', 'Visionary dynamic info-mediaries');
INSERT INTO steps (steps_id, steps_str, image, image_caption) VALUES ('469', 'Easy skin special.', 'https://picsum.photos/446/820', 'Versatile full-range neural-net');
INSERT INTO steps (steps_id, steps_str, image, image_caption) VALUES ('470', 'Stage few once until letter reflect.', 'https://dummyimage.com/632x394', 'Quality-focused motivating middleware');
INSERT INTO steps (steps_id, steps_str, image, image_caption) VALUES ('471', 'Usually environment away imagine training region know democratic.', 'https://placekitten.com/616/714', 'Cloned demand-driven help-desk');
INSERT INTO steps (steps_id, steps_str, image, image_caption) VALUES ('472', 'Yourself bank well president a.', 'https://picsum.photos/892/759', 'Synergistic eco-centric installation');
INSERT INTO steps (steps_id, steps_str, image, image_caption) VALUES ('473', 'Support Democrat job his small discuss.', 'https://dummyimage.com/687x146', 'Pre-emptive stable Graphic Interface');
INSERT INTO steps (steps_id, steps_str, image, image_caption) VALUES ('474', 'Film western to property speech heavy.', 'https://dummyimage.com/177x388', 'Seamless zero-defect projection');
INSERT INTO steps (steps_id, steps_str, image, image_caption) VALUES ('475', 'Art sister to beyond character production.', 'https://placekitten.com/182/719', 'Universal attitude-oriented help-desk');
INSERT INTO steps (steps_id, steps_str, image, image_caption) VALUES ('476', 'Summer give should health ever type whether.', 'https://dummyimage.com/827x441', 'Compatible full-range encryption');
INSERT INTO steps (steps_id, steps_str, image, image_caption) VALUES ('477', 'Difference else adult about.', 'https://picsum.photos/799/659', 'Balanced client-driven hierarchy');
INSERT INTO steps (steps_id, steps_str, image, image_caption) VALUES ('478', 'Past college represent realize entire practice.', 'https://placekitten.com/219/264', 'Seamless impactful artificial intelligen');
INSERT INTO steps (steps_id, steps_str, image, image_caption) VALUES ('479', 'Word book finish ball fill listen strategy city.', 'https://placekitten.com/903/1015', 'Persistent empowering secured line');
INSERT INTO steps (steps_id, steps_str, image, image_caption) VALUES ('480', 'Anything agreement million anyone rise family newspaper civil.', 'https://picsum.photos/544/447', 'User-centric web-enabled model');
INSERT INTO steps (steps_id, steps_str, image, image_caption) VALUES ('481', 'Though machine much step treat change certain paper.', 'https://picsum.photos/322/857', 'Enhanced asymmetric artificial intellige');
INSERT INTO steps (steps_id, steps_str, image, image_caption) VALUES ('482', 'Southern run south sea collection.', 'https://dummyimage.com/173x154', 'Cloned interactive synergy');
INSERT INTO steps (steps_id, steps_str, image, image_caption) VALUES ('483', 'According view compare whose.', 'https://picsum.photos/398/331', 'Cross-group zero-defect website');
INSERT INTO steps (steps_id, steps_str, image, image_caption) VALUES ('484', 'Sort card argue try shake imagine.', 'https://picsum.photos/843/919', 'Fundamental context-sensitive budgetary ');
INSERT INTO steps (steps_id, steps_str, image, image_caption) VALUES ('485', 'General set piece land hear send.', 'https://dummyimage.com/512x845', 'Networked real-time neural-net');
INSERT INTO steps (steps_id, steps_str, image, image_caption) VALUES ('486', 'Material song dog apply nor.', 'https://dummyimage.com/255x545', 'Public-key national open system');
INSERT INTO steps (steps_id, steps_str, image, image_caption) VALUES ('487', 'Line although cause level office third key.', 'https://dummyimage.com/685x513', 'Fully-configurable leadingedge database');
INSERT INTO steps (steps_id, steps_str, image, image_caption) VALUES ('488', 'Relationship story attention describe cell thought red.', 'https://dummyimage.com/280x525', 'Enhanced well-modulated paradigm');
INSERT INTO steps (steps_id, steps_str, image, image_caption) VALUES ('489', 'Lot about agent him.', 'https://placekitten.com/96/943', 'Extended multimedia circuit');
INSERT INTO steps (steps_id, steps_str, image, image_caption) VALUES ('490', 'Push meeting also director different year.', 'https://picsum.photos/841/103', 'Stand-alone bi-directional collaboration');
INSERT INTO steps (steps_id, steps_str, image, image_caption) VALUES ('491', 'Medical theory give present prevent consumer.', 'https://dummyimage.com/41x743', 'Virtual clear-thinking help-desk');
INSERT INTO steps (steps_id, steps_str, image, image_caption) VALUES ('492', 'Particularly site talk education hit put.', 'https://dummyimage.com/720x760', 'Fully-configurable didactic model');
INSERT INTO steps (steps_id, steps_str, image, image_caption) VALUES ('493', 'Common would why must apply wife.', 'https://placekitten.com/451/248', 'Face-to-face hybrid software');
INSERT INTO steps (steps_id, steps_str, image, image_caption) VALUES ('494', 'Plant camera white onto position conference.', 'https://dummyimage.com/616x633', 'Managed 24/7 array');
INSERT INTO steps (steps_id, steps_str, image, image_caption) VALUES ('495', 'Deep she plan performance though sell in blue.', 'https://placekitten.com/407/273', 'Implemented coherent capacity');
INSERT INTO steps (steps_id, steps_str, image, image_caption) VALUES ('496', 'Bed before high sport floor.', 'https://picsum.photos/870/640', 'Multi-tiered non-volatile projection');
INSERT INTO steps (steps_id, steps_str, image, image_caption) VALUES ('497', 'Wife rule fund wait station here what.', 'https://dummyimage.com/777x779', 'Expanded intangible interface');
INSERT INTO steps (steps_id, steps_str, image, image_caption) VALUES ('498', 'Suffer these very their family imagine school.', 'https://dummyimage.com/30x288', 'Innovative context-sensitive benchmark');
INSERT INTO steps (steps_id, steps_str, image, image_caption) VALUES ('499', 'Growth sure forget painting week reason.', 'https://dummyimage.com/530x597', 'Optimized upward-trending challenge');
INSERT INTO steps (steps_id, steps_str, image, image_caption) VALUES ('500', 'Support board computer boy small citizen customer.', 'https://picsum.photos/540/600', 'Down-sized uniform adapter');

INSERT INTO steps_recipes (steps_id, recipe_id, step_counter) VALUES ('1', '1', '1');
INSERT INTO steps_recipes (steps_id, recipe_id, step_counter) VALUES ('2', '2', '1');
INSERT INTO steps_recipes (steps_id, recipe_id, step_counter) VALUES ('3', '3', '1');
INSERT INTO steps_recipes (steps_id, recipe_id, step_counter) VALUES ('4', '4', '1');
INSERT INTO steps_recipes (steps_id, recipe_id, step_counter) VALUES ('5', '5', '1');
INSERT INTO steps_recipes (steps_id, recipe_id, step_counter) VALUES ('6', '6', '1');
INSERT INTO steps_recipes (steps_id, recipe_id, step_counter) VALUES ('7', '7', '1');
INSERT INTO steps_recipes (steps_id, recipe_id, step_counter) VALUES ('8', '8', '1');
INSERT INTO steps_recipes (steps_id, recipe_id, step_counter) VALUES ('9', '9', '1');
INSERT INTO steps_recipes (steps_id, recipe_id, step_counter) VALUES ('10', '10', '1');
INSERT INTO steps_recipes (steps_id, recipe_id, step_counter) VALUES ('11', '11', '1');
INSERT INTO steps_recipes (steps_id, recipe_id, step_counter) VALUES ('12', '12', '1');
INSERT INTO steps_recipes (steps_id, recipe_id, step_counter) VALUES ('13', '13', '1');
INSERT INTO steps_recipes (steps_id, recipe_id, step_counter) VALUES ('14', '14', '1');
INSERT INTO steps_recipes (steps_id, recipe_id, step_counter) VALUES ('15', '15', '1');
INSERT INTO steps_recipes (steps_id, recipe_id, step_counter) VALUES ('16', '16', '1');
INSERT INTO steps_recipes (steps_id, recipe_id, step_counter) VALUES ('17', '17', '1');
INSERT INTO steps_recipes (steps_id, recipe_id, step_counter) VALUES ('18', '18', '1');
INSERT INTO steps_recipes (steps_id, recipe_id, step_counter) VALUES ('19', '19', '1');
INSERT INTO steps_recipes (steps_id, recipe_id, step_counter) VALUES ('20', '20', '1');
INSERT INTO steps_recipes (steps_id, recipe_id, step_counter) VALUES ('21', '21', '1');
INSERT INTO steps_recipes (steps_id, recipe_id, step_counter) VALUES ('22', '22', '1');
INSERT INTO steps_recipes (steps_id, recipe_id, step_counter) VALUES ('23', '23', '1');
INSERT INTO steps_recipes (steps_id, recipe_id, step_counter) VALUES ('24', '24', '1');
INSERT INTO steps_recipes (steps_id, recipe_id, step_counter) VALUES ('25', '25', '1');
INSERT INTO steps_recipes (steps_id, recipe_id, step_counter) VALUES ('26', '26', '1');
INSERT INTO steps_recipes (steps_id, recipe_id, step_counter) VALUES ('27', '27', '1');
INSERT INTO steps_recipes (steps_id, recipe_id, step_counter) VALUES ('28', '28', '1');
INSERT INTO steps_recipes (steps_id, recipe_id, step_counter) VALUES ('29', '29', '1');
INSERT INTO steps_recipes (steps_id, recipe_id, step_counter) VALUES ('30', '30', '1');
INSERT INTO steps_recipes (steps_id, recipe_id, step_counter) VALUES ('31', '31', '1');
INSERT INTO steps_recipes (steps_id, recipe_id, step_counter) VALUES ('32', '32', '1');
INSERT INTO steps_recipes (steps_id, recipe_id, step_counter) VALUES ('33', '33', '1');
INSERT INTO steps_recipes (steps_id, recipe_id, step_counter) VALUES ('34', '34', '1');
INSERT INTO steps_recipes (steps_id, recipe_id, step_counter) VALUES ('35', '35', '1');
INSERT INTO steps_recipes (steps_id, recipe_id, step_counter) VALUES ('36', '36', '1');
INSERT INTO steps_recipes (steps_id, recipe_id, step_counter) VALUES ('37', '37', '1');
INSERT INTO steps_recipes (steps_id, recipe_id, step_counter) VALUES ('38', '38', '1');
INSERT INTO steps_recipes (steps_id, recipe_id, step_counter) VALUES ('39', '39', '1');
INSERT INTO steps_recipes (steps_id, recipe_id, step_counter) VALUES ('40', '40', '1');
INSERT INTO steps_recipes (steps_id, recipe_id, step_counter) VALUES ('41', '41', '1');
INSERT INTO steps_recipes (steps_id, recipe_id, step_counter) VALUES ('42', '42', '1');
INSERT INTO steps_recipes (steps_id, recipe_id, step_counter) VALUES ('43', '43', '1');
INSERT INTO steps_recipes (steps_id, recipe_id, step_counter) VALUES ('44', '44', '1');
INSERT INTO steps_recipes (steps_id, recipe_id, step_counter) VALUES ('45', '45', '1');
INSERT INTO steps_recipes (steps_id, recipe_id, step_counter) VALUES ('46', '46', '1');
INSERT INTO steps_recipes (steps_id, recipe_id, step_counter) VALUES ('47', '47', '1');
INSERT INTO steps_recipes (steps_id, recipe_id, step_counter) VALUES ('48', '48', '1');
INSERT INTO steps_recipes (steps_id, recipe_id, step_counter) VALUES ('49', '49', '1');
INSERT INTO steps_recipes (steps_id, recipe_id, step_counter) VALUES ('50', '50', '1');
INSERT INTO steps_recipes (steps_id, recipe_id, step_counter) VALUES ('51', '51', '1');
INSERT INTO steps_recipes (steps_id, recipe_id, step_counter) VALUES ('52', '52', '1');
INSERT INTO steps_recipes (steps_id, recipe_id, step_counter) VALUES ('53', '53', '1');
INSERT INTO steps_recipes (steps_id, recipe_id, step_counter) VALUES ('54', '54', '1');
INSERT INTO steps_recipes (steps_id, recipe_id, step_counter) VALUES ('55', '55', '1');
INSERT INTO steps_recipes (steps_id, recipe_id, step_counter) VALUES ('56', '56', '1');
INSERT INTO steps_recipes (steps_id, recipe_id, step_counter) VALUES ('57', '57', '1');
INSERT INTO steps_recipes (steps_id, recipe_id, step_counter) VALUES ('58', '58', '1');
INSERT INTO steps_recipes (steps_id, recipe_id, step_counter) VALUES ('59', '59', '1');
INSERT INTO steps_recipes (steps_id, recipe_id, step_counter) VALUES ('60', '60', '1');
INSERT INTO steps_recipes (steps_id, recipe_id, step_counter) VALUES ('61', '61', '1');
INSERT INTO steps_recipes (steps_id, recipe_id, step_counter) VALUES ('62', '62', '1');
INSERT INTO steps_recipes (steps_id, recipe_id, step_counter) VALUES ('63', '63', '1');
INSERT INTO steps_recipes (steps_id, recipe_id, step_counter) VALUES ('64', '64', '1');
INSERT INTO steps_recipes (steps_id, recipe_id, step_counter) VALUES ('65', '65', '1');
INSERT INTO steps_recipes (steps_id, recipe_id, step_counter) VALUES ('66', '66', '1');
INSERT INTO steps_recipes (steps_id, recipe_id, step_counter) VALUES ('67', '67', '1');
INSERT INTO steps_recipes (steps_id, recipe_id, step_counter) VALUES ('68', '68', '1');
INSERT INTO steps_recipes (steps_id, recipe_id, step_counter) VALUES ('69', '69', '1');
INSERT INTO steps_recipes (steps_id, recipe_id, step_counter) VALUES ('70', '70', '1');
INSERT INTO steps_recipes (steps_id, recipe_id, step_counter) VALUES ('71', '71', '1');
INSERT INTO steps_recipes (steps_id, recipe_id, step_counter) VALUES ('72', '72', '1');
INSERT INTO steps_recipes (steps_id, recipe_id, step_counter) VALUES ('73', '73', '1');
INSERT INTO steps_recipes (steps_id, recipe_id, step_counter) VALUES ('74', '74', '1');
INSERT INTO steps_recipes (steps_id, recipe_id, step_counter) VALUES ('75', '75', '1');
INSERT INTO steps_recipes (steps_id, recipe_id, step_counter) VALUES ('76', '76', '1');
INSERT INTO steps_recipes (steps_id, recipe_id, step_counter) VALUES ('77', '77', '1');
INSERT INTO steps_recipes (steps_id, recipe_id, step_counter) VALUES ('78', '78', '1');
INSERT INTO steps_recipes (steps_id, recipe_id, step_counter) VALUES ('79', '79', '1');
INSERT INTO steps_recipes (steps_id, recipe_id, step_counter) VALUES ('80', '80', '1');
INSERT INTO steps_recipes (steps_id, recipe_id, step_counter) VALUES ('81', '81', '1');
INSERT INTO steps_recipes (steps_id, recipe_id, step_counter) VALUES ('82', '82', '1');
INSERT INTO steps_recipes (steps_id, recipe_id, step_counter) VALUES ('83', '83', '1');
INSERT INTO steps_recipes (steps_id, recipe_id, step_counter) VALUES ('84', '84', '1');
INSERT INTO steps_recipes (steps_id, recipe_id, step_counter) VALUES ('85', '85', '1');
INSERT INTO steps_recipes (steps_id, recipe_id, step_counter) VALUES ('86', '86', '1');
INSERT INTO steps_recipes (steps_id, recipe_id, step_counter) VALUES ('87', '87', '1');
INSERT INTO steps_recipes (steps_id, recipe_id, step_counter) VALUES ('88', '88', '1');
INSERT INTO steps_recipes (steps_id, recipe_id, step_counter) VALUES ('89', '89', '1');
INSERT INTO steps_recipes (steps_id, recipe_id, step_counter) VALUES ('90', '90', '1');
INSERT INTO steps_recipes (steps_id, recipe_id, step_counter) VALUES ('91', '91', '1');
INSERT INTO steps_recipes (steps_id, recipe_id, step_counter) VALUES ('92', '92', '1');
INSERT INTO steps_recipes (steps_id, recipe_id, step_counter) VALUES ('93', '93', '1');
INSERT INTO steps_recipes (steps_id, recipe_id, step_counter) VALUES ('94', '94', '1');
INSERT INTO steps_recipes (steps_id, recipe_id, step_counter) VALUES ('95', '95', '1');
INSERT INTO steps_recipes (steps_id, recipe_id, step_counter) VALUES ('96', '96', '1');
INSERT INTO steps_recipes (steps_id, recipe_id, step_counter) VALUES ('97', '97', '1');
INSERT INTO steps_recipes (steps_id, recipe_id, step_counter) VALUES ('98', '98', '1');
INSERT INTO steps_recipes (steps_id, recipe_id, step_counter) VALUES ('99', '99', '1');
INSERT INTO steps_recipes (steps_id, recipe_id, step_counter) VALUES ('100', '100', '1');
INSERT INTO steps_recipes (steps_id, recipe_id, step_counter) VALUES ('100', '20', '2');
INSERT INTO steps_recipes (steps_id, recipe_id, step_counter) VALUES ('101', '73', '2');
INSERT INTO steps_recipes (steps_id, recipe_id, step_counter) VALUES ('102', '80', '2');
INSERT INTO steps_recipes (steps_id, recipe_id, step_counter) VALUES ('103', '11', '2');
INSERT INTO steps_recipes (steps_id, recipe_id, step_counter) VALUES ('104', '81', '2');
INSERT INTO steps_recipes (steps_id, recipe_id, step_counter) VALUES ('105', '48', '2');
INSERT INTO steps_recipes (steps_id, recipe_id, step_counter) VALUES ('106', '72', '2');
INSERT INTO steps_recipes (steps_id, recipe_id, step_counter) VALUES ('107', '77', '2');
INSERT INTO steps_recipes (steps_id, recipe_id, step_counter) VALUES ('108', '33', '2');
INSERT INTO steps_recipes (steps_id, recipe_id, step_counter) VALUES ('109', '35', '2');
INSERT INTO steps_recipes (steps_id, recipe_id, step_counter) VALUES ('110', '32', '2');
INSERT INTO steps_recipes (steps_id, recipe_id, step_counter) VALUES ('111', '88', '2');
INSERT INTO steps_recipes (steps_id, recipe_id, step_counter) VALUES ('112', '63', '2');
INSERT INTO steps_recipes (steps_id, recipe_id, step_counter) VALUES ('113', '41', '2');
INSERT INTO steps_recipes (steps_id, recipe_id, step_counter) VALUES ('114', '21', '2');
INSERT INTO steps_recipes (steps_id, recipe_id, step_counter) VALUES ('115', '37', '2');
INSERT INTO steps_recipes (steps_id, recipe_id, step_counter) VALUES ('116', '35', '3');
INSERT INTO steps_recipes (steps_id, recipe_id, step_counter) VALUES ('117', '45', '2');
INSERT INTO steps_recipes (steps_id, recipe_id, step_counter) VALUES ('118', '44', '2');
INSERT INTO steps_recipes (steps_id, recipe_id, step_counter) VALUES ('119', '26', '2');
INSERT INTO steps_recipes (steps_id, recipe_id, step_counter) VALUES ('120', '86', '2');
INSERT INTO steps_recipes (steps_id, recipe_id, step_counter) VALUES ('121', '18', '2');
INSERT INTO steps_recipes (steps_id, recipe_id, step_counter) VALUES ('122', '76', '2');
INSERT INTO steps_recipes (steps_id, recipe_id, step_counter) VALUES ('123', '94', '2');
INSERT INTO steps_recipes (steps_id, recipe_id, step_counter) VALUES ('124', '11', '3');
INSERT INTO steps_recipes (steps_id, recipe_id, step_counter) VALUES ('125', '77', '3');
INSERT INTO steps_recipes (steps_id, recipe_id, step_counter) VALUES ('126', '46', '2');
INSERT INTO steps_recipes (steps_id, recipe_id, step_counter) VALUES ('127', '1', '2');
INSERT INTO steps_recipes (steps_id, recipe_id, step_counter) VALUES ('128', '5', '2');
INSERT INTO steps_recipes (steps_id, recipe_id, step_counter) VALUES ('129', '41', '3');
INSERT INTO steps_recipes (steps_id, recipe_id, step_counter) VALUES ('130', '53', '2');
INSERT INTO steps_recipes (steps_id, recipe_id, step_counter) VALUES ('131', '18', '3');
INSERT INTO steps_recipes (steps_id, recipe_id, step_counter) VALUES ('132', '52', '2');
INSERT INTO steps_recipes (steps_id, recipe_id, step_counter) VALUES ('133', '80', '3');
INSERT INTO steps_recipes (steps_id, recipe_id, step_counter) VALUES ('134', '6', '2');
INSERT INTO steps_recipes (steps_id, recipe_id, step_counter) VALUES ('135', '51', '2');
INSERT INTO steps_recipes (steps_id, recipe_id, step_counter) VALUES ('136', '1', '3');
INSERT INTO steps_recipes (steps_id, recipe_id, step_counter) VALUES ('137', '91', '2');
INSERT INTO steps_recipes (steps_id, recipe_id, step_counter) VALUES ('138', '79', '2');
INSERT INTO steps_recipes (steps_id, recipe_id, step_counter) VALUES ('139', '7', '2');
INSERT INTO steps_recipes (steps_id, recipe_id, step_counter) VALUES ('140', '68', '2');
INSERT INTO steps_recipes (steps_id, recipe_id, step_counter) VALUES ('141', '59', '2');
INSERT INTO steps_recipes (steps_id, recipe_id, step_counter) VALUES ('142', '74', '2');
INSERT INTO steps_recipes (steps_id, recipe_id, step_counter) VALUES ('143', '30', '2');
INSERT INTO steps_recipes (steps_id, recipe_id, step_counter) VALUES ('144', '87', '2');
INSERT INTO steps_recipes (steps_id, recipe_id, step_counter) VALUES ('145', '37', '3');
INSERT INTO steps_recipes (steps_id, recipe_id, step_counter) VALUES ('146', '67', '2');
INSERT INTO steps_recipes (steps_id, recipe_id, step_counter) VALUES ('147', '92', '2');
INSERT INTO steps_recipes (steps_id, recipe_id, step_counter) VALUES ('148', '32', '3');
INSERT INTO steps_recipes (steps_id, recipe_id, step_counter) VALUES ('149', '64', '2');
INSERT INTO steps_recipes (steps_id, recipe_id, step_counter) VALUES ('150', '85', '2');
INSERT INTO steps_recipes (steps_id, recipe_id, step_counter) VALUES ('151', '18', '4');
INSERT INTO steps_recipes (steps_id, recipe_id, step_counter) VALUES ('152', '91', '3');
INSERT INTO steps_recipes (steps_id, recipe_id, step_counter) VALUES ('153', '4', '2');
INSERT INTO steps_recipes (steps_id, recipe_id, step_counter) VALUES ('154', '33', '3');
INSERT INTO steps_recipes (steps_id, recipe_id, step_counter) VALUES ('155', '74', '3');
INSERT INTO steps_recipes (steps_id, recipe_id, step_counter) VALUES ('156', '63', '3');
INSERT INTO steps_recipes (steps_id, recipe_id, step_counter) VALUES ('157', '22', '2');
INSERT INTO steps_recipes (steps_id, recipe_id, step_counter) VALUES ('158', '65', '2');
INSERT INTO steps_recipes (steps_id, recipe_id, step_counter) VALUES ('159', '13', '2');
INSERT INTO steps_recipes (steps_id, recipe_id, step_counter) VALUES ('160', '59', '3');
INSERT INTO steps_recipes (steps_id, recipe_id, step_counter) VALUES ('161', '85', '3');
INSERT INTO steps_recipes (steps_id, recipe_id, step_counter) VALUES ('162', '94', '3');
INSERT INTO steps_recipes (steps_id, recipe_id, step_counter) VALUES ('163', '3', '2');
INSERT INTO steps_recipes (steps_id, recipe_id, step_counter) VALUES ('164', '79', '3');
INSERT INTO steps_recipes (steps_id, recipe_id, step_counter) VALUES ('165', '91', '4');
INSERT INTO steps_recipes (steps_id, recipe_id, step_counter) VALUES ('166', '21', '3');
INSERT INTO steps_recipes (steps_id, recipe_id, step_counter) VALUES ('167', '96', '2');
INSERT INTO steps_recipes (steps_id, recipe_id, step_counter) VALUES ('168', '52', '3');
INSERT INTO steps_recipes (steps_id, recipe_id, step_counter) VALUES ('169', '83', '2');
INSERT INTO steps_recipes (steps_id, recipe_id, step_counter) VALUES ('170', '95', '2');
INSERT INTO steps_recipes (steps_id, recipe_id, step_counter) VALUES ('171', '97', '2');
INSERT INTO steps_recipes (steps_id, recipe_id, step_counter) VALUES ('172', '74', '4');
INSERT INTO steps_recipes (steps_id, recipe_id, step_counter) VALUES ('173', '10', '2');
INSERT INTO steps_recipes (steps_id, recipe_id, step_counter) VALUES ('174', '85', '4');
INSERT INTO steps_recipes (steps_id, recipe_id, step_counter) VALUES ('175', '90', '2');
INSERT INTO steps_recipes (steps_id, recipe_id, step_counter) VALUES ('176', '21', '4');
INSERT INTO steps_recipes (steps_id, recipe_id, step_counter) VALUES ('177', '14', '2');
INSERT INTO steps_recipes (steps_id, recipe_id, step_counter) VALUES ('178', '3', '3');
INSERT INTO steps_recipes (steps_id, recipe_id, step_counter) VALUES ('179', '22', '3');
INSERT INTO steps_recipes (steps_id, recipe_id, step_counter) VALUES ('180', '88', '3');
INSERT INTO steps_recipes (steps_id, recipe_id, step_counter) VALUES ('181', '4', '3');
INSERT INTO steps_recipes (steps_id, recipe_id, step_counter) VALUES ('182', '43', '2');
INSERT INTO steps_recipes (steps_id, recipe_id, step_counter) VALUES ('183', '18', '5');
INSERT INTO steps_recipes (steps_id, recipe_id, step_counter) VALUES ('184', '58', '2');
INSERT INTO steps_recipes (steps_id, recipe_id, step_counter) VALUES ('185', '58', '3');
INSERT INTO steps_recipes (steps_id, recipe_id, step_counter) VALUES ('186', '95', '3');
INSERT INTO steps_recipes (steps_id, recipe_id, step_counter) VALUES ('187', '44', '3');
INSERT INTO steps_recipes (steps_id, recipe_id, step_counter) VALUES ('188', '97', '3');
INSERT INTO steps_recipes (steps_id, recipe_id, step_counter) VALUES ('189', '17', '2');
INSERT INTO steps_recipes (steps_id, recipe_id, step_counter) VALUES ('190', '55', '2');
INSERT INTO steps_recipes (steps_id, recipe_id, step_counter) VALUES ('191', '23', '2');
INSERT INTO steps_recipes (steps_id, recipe_id, step_counter) VALUES ('192', '2', '2');
INSERT INTO steps_recipes (steps_id, recipe_id, step_counter) VALUES ('193', '30', '3');
INSERT INTO steps_recipes (steps_id, recipe_id, step_counter) VALUES ('194', '84', '2');
INSERT INTO steps_recipes (steps_id, recipe_id, step_counter) VALUES ('195', '48', '3');
INSERT INTO steps_recipes (steps_id, recipe_id, step_counter) VALUES ('196', '98', '2');
INSERT INTO steps_recipes (steps_id, recipe_id, step_counter) VALUES ('197', '70', '2');
INSERT INTO steps_recipes (steps_id, recipe_id, step_counter) VALUES ('198', '78', '2');
INSERT INTO steps_recipes (steps_id, recipe_id, step_counter) VALUES ('199', '91', '5');
INSERT INTO steps_recipes (steps_id, recipe_id, step_counter) VALUES ('200', '51', '3');
INSERT INTO steps_recipes (steps_id, recipe_id, step_counter) VALUES ('201', '97', '4');
INSERT INTO steps_recipes (steps_id, recipe_id, step_counter) VALUES ('202', '5', '3');
INSERT INTO steps_recipes (steps_id, recipe_id, step_counter) VALUES ('203', '22', '4');
INSERT INTO steps_recipes (steps_id, recipe_id, step_counter) VALUES ('204', '71', '2');
INSERT INTO steps_recipes (steps_id, recipe_id, step_counter) VALUES ('205', '14', '3');
INSERT INTO steps_recipes (steps_id, recipe_id, step_counter) VALUES ('206', '17', '3');
INSERT INTO steps_recipes (steps_id, recipe_id, step_counter) VALUES ('207', '98', '3');
INSERT INTO steps_recipes (steps_id, recipe_id, step_counter) VALUES ('208', '80', '4');
INSERT INTO steps_recipes (steps_id, recipe_id, step_counter) VALUES ('209', '96', '3');
INSERT INTO steps_recipes (steps_id, recipe_id, step_counter) VALUES ('210', '58', '4');
INSERT INTO steps_recipes (steps_id, recipe_id, step_counter) VALUES ('211', '30', '4');
INSERT INTO steps_recipes (steps_id, recipe_id, step_counter) VALUES ('212', '1', '4');
INSERT INTO steps_recipes (steps_id, recipe_id, step_counter) VALUES ('213', '56', '2');
INSERT INTO steps_recipes (steps_id, recipe_id, step_counter) VALUES ('214', '92', '3');
INSERT INTO steps_recipes (steps_id, recipe_id, step_counter) VALUES ('215', '25', '2');
INSERT INTO steps_recipes (steps_id, recipe_id, step_counter) VALUES ('216', '19', '2');
INSERT INTO steps_recipes (steps_id, recipe_id, step_counter) VALUES ('217', '25', '3');
INSERT INTO steps_recipes (steps_id, recipe_id, step_counter) VALUES ('218', '39', '2');
INSERT INTO steps_recipes (steps_id, recipe_id, step_counter) VALUES ('219', '56', '3');
INSERT INTO steps_recipes (steps_id, recipe_id, step_counter) VALUES ('220', '13', '3');
INSERT INTO steps_recipes (steps_id, recipe_id, step_counter) VALUES ('221', '58', '5');
INSERT INTO steps_recipes (steps_id, recipe_id, step_counter) VALUES ('222', '13', '4');
INSERT INTO steps_recipes (steps_id, recipe_id, step_counter) VALUES ('223', '19', '3');
INSERT INTO steps_recipes (steps_id, recipe_id, step_counter) VALUES ('224', '71', '3');
INSERT INTO steps_recipes (steps_id, recipe_id, step_counter) VALUES ('225', '58', '6');
INSERT INTO steps_recipes (steps_id, recipe_id, step_counter) VALUES ('226', '27', '2');
INSERT INTO steps_recipes (steps_id, recipe_id, step_counter) VALUES ('227', '26', '3');
INSERT INTO steps_recipes (steps_id, recipe_id, step_counter) VALUES ('228', '44', '4');
INSERT INTO steps_recipes (steps_id, recipe_id, step_counter) VALUES ('229', '22', '5');
INSERT INTO steps_recipes (steps_id, recipe_id, step_counter) VALUES ('230', '1', '5');
INSERT INTO steps_recipes (steps_id, recipe_id, step_counter) VALUES ('231', '88', '4');
INSERT INTO steps_recipes (steps_id, recipe_id, step_counter) VALUES ('232', '9', '2');
INSERT INTO steps_recipes (steps_id, recipe_id, step_counter) VALUES ('233', '75', '2');
INSERT INTO steps_recipes (steps_id, recipe_id, step_counter) VALUES ('234', '8', '2');
INSERT INTO steps_recipes (steps_id, recipe_id, step_counter) VALUES ('235', '27', '3');
INSERT INTO steps_recipes (steps_id, recipe_id, step_counter) VALUES ('236', '21', '5');
INSERT INTO steps_recipes (steps_id, recipe_id, step_counter) VALUES ('237', '26', '4');
INSERT INTO steps_recipes (steps_id, recipe_id, step_counter) VALUES ('238', '67', '3');
INSERT INTO steps_recipes (steps_id, recipe_id, step_counter) VALUES ('239', '44', '5');
INSERT INTO steps_recipes (steps_id, recipe_id, step_counter) VALUES ('240', '36', '2');
INSERT INTO steps_recipes (steps_id, recipe_id, step_counter) VALUES ('241', '66', '2');
INSERT INTO steps_recipes (steps_id, recipe_id, step_counter) VALUES ('242', '82', '2');
INSERT INTO steps_recipes (steps_id, recipe_id, step_counter) VALUES ('243', '55', '3');
INSERT INTO steps_recipes (steps_id, recipe_id, step_counter) VALUES ('244', '88', '5');
INSERT INTO steps_recipes (steps_id, recipe_id, step_counter) VALUES ('245', '62', '2');
INSERT INTO steps_recipes (steps_id, recipe_id, step_counter) VALUES ('246', '55', '4');
INSERT INTO steps_recipes (steps_id, recipe_id, step_counter) VALUES ('247', '85', '5');
INSERT INTO steps_recipes (steps_id, recipe_id, step_counter) VALUES ('248', '2', '3');
INSERT INTO steps_recipes (steps_id, recipe_id, step_counter) VALUES ('249', '61', '2');
INSERT INTO steps_recipes (steps_id, recipe_id, step_counter) VALUES ('250', '5', '4');
INSERT INTO steps_recipes (steps_id, recipe_id, step_counter) VALUES ('251', '78', '3');
INSERT INTO steps_recipes (steps_id, recipe_id, step_counter) VALUES ('252', '53', '3');
INSERT INTO steps_recipes (steps_id, recipe_id, step_counter) VALUES ('253', '89', '2');
INSERT INTO steps_recipes (steps_id, recipe_id, step_counter) VALUES ('254', '15', '2');
INSERT INTO steps_recipes (steps_id, recipe_id, step_counter) VALUES ('255', '27', '4');
INSERT INTO steps_recipes (steps_id, recipe_id, step_counter) VALUES ('256', '48', '4');
INSERT INTO steps_recipes (steps_id, recipe_id, step_counter) VALUES ('257', '92', '4');
INSERT INTO steps_recipes (steps_id, recipe_id, step_counter) VALUES ('258', '74', '5');
INSERT INTO steps_recipes (steps_id, recipe_id, step_counter) VALUES ('259', '71', '4');
INSERT INTO steps_recipes (steps_id, recipe_id, step_counter) VALUES ('260', '99', '2');
INSERT INTO steps_recipes (steps_id, recipe_id, step_counter) VALUES ('261', '33', '4');
INSERT INTO steps_recipes (steps_id, recipe_id, step_counter) VALUES ('262', '69', '2');
INSERT INTO steps_recipes (steps_id, recipe_id, step_counter) VALUES ('263', '10', '3');
INSERT INTO steps_recipes (steps_id, recipe_id, step_counter) VALUES ('264', '26', '5');
INSERT INTO steps_recipes (steps_id, recipe_id, step_counter) VALUES ('265', '85', '6');
INSERT INTO steps_recipes (steps_id, recipe_id, step_counter) VALUES ('266', '96', '4');
INSERT INTO steps_recipes (steps_id, recipe_id, step_counter) VALUES ('267', '69', '3');
INSERT INTO steps_recipes (steps_id, recipe_id, step_counter) VALUES ('268', '51', '4');
INSERT INTO steps_recipes (steps_id, recipe_id, step_counter) VALUES ('269', '33', '5');
INSERT INTO steps_recipes (steps_id, recipe_id, step_counter) VALUES ('270', '65', '3');
INSERT INTO steps_recipes (steps_id, recipe_id, step_counter) VALUES ('271', '66', '3');
INSERT INTO steps_recipes (steps_id, recipe_id, step_counter) VALUES ('272', '8', '3');
INSERT INTO steps_recipes (steps_id, recipe_id, step_counter) VALUES ('273', '58', '7');
INSERT INTO steps_recipes (steps_id, recipe_id, step_counter) VALUES ('274', '25', '4');
INSERT INTO steps_recipes (steps_id, recipe_id, step_counter) VALUES ('275', '94', '4');
INSERT INTO steps_recipes (steps_id, recipe_id, step_counter) VALUES ('276', '24', '2');
INSERT INTO steps_recipes (steps_id, recipe_id, step_counter) VALUES ('277', '36', '3');
INSERT INTO steps_recipes (steps_id, recipe_id, step_counter) VALUES ('278', '43', '3');
INSERT INTO steps_recipes (steps_id, recipe_id, step_counter) VALUES ('279', '9', '3');
INSERT INTO steps_recipes (steps_id, recipe_id, step_counter) VALUES ('280', '85', '7');
INSERT INTO steps_recipes (steps_id, recipe_id, step_counter) VALUES ('281', '63', '4');
INSERT INTO steps_recipes (steps_id, recipe_id, step_counter) VALUES ('282', '16', '2');
INSERT INTO steps_recipes (steps_id, recipe_id, step_counter) VALUES ('283', '34', '2');
INSERT INTO steps_recipes (steps_id, recipe_id, step_counter) VALUES ('284', '24', '3');
INSERT INTO steps_recipes (steps_id, recipe_id, step_counter) VALUES ('285', '4', '4');
INSERT INTO steps_recipes (steps_id, recipe_id, step_counter) VALUES ('286', '34', '3');
INSERT INTO steps_recipes (steps_id, recipe_id, step_counter) VALUES ('287', '34', '4');
INSERT INTO steps_recipes (steps_id, recipe_id, step_counter) VALUES ('288', '22', '6');
INSERT INTO steps_recipes (steps_id, recipe_id, step_counter) VALUES ('289', '37', '4');
INSERT INTO steps_recipes (steps_id, recipe_id, step_counter) VALUES ('290', '25', '5');
INSERT INTO steps_recipes (steps_id, recipe_id, step_counter) VALUES ('291', '42', '2');
INSERT INTO steps_recipes (steps_id, recipe_id, step_counter) VALUES ('292', '8', '4');
INSERT INTO steps_recipes (steps_id, recipe_id, step_counter) VALUES ('293', '84', '3');
INSERT INTO steps_recipes (steps_id, recipe_id, step_counter) VALUES ('294', '34', '5');
INSERT INTO steps_recipes (steps_id, recipe_id, step_counter) VALUES ('295', '12', '2');
INSERT INTO steps_recipes (steps_id, recipe_id, step_counter) VALUES ('296', '14', '4');
INSERT INTO steps_recipes (steps_id, recipe_id, step_counter) VALUES ('297', '86', '3');
INSERT INTO steps_recipes (steps_id, recipe_id, step_counter) VALUES ('298', '60', '2');
INSERT INTO steps_recipes (steps_id, recipe_id, step_counter) VALUES ('299', '99', '3');
INSERT INTO steps_recipes (steps_id, recipe_id, step_counter) VALUES ('300', '11', '4');
INSERT INTO steps_recipes (steps_id, recipe_id, step_counter) VALUES ('301', '100', '2');
INSERT INTO steps_recipes (steps_id, recipe_id, step_counter) VALUES ('302', '7', '3');
INSERT INTO steps_recipes (steps_id, recipe_id, step_counter) VALUES ('303', '80', '5');
INSERT INTO steps_recipes (steps_id, recipe_id, step_counter) VALUES ('304', '1', '6');
INSERT INTO steps_recipes (steps_id, recipe_id, step_counter) VALUES ('305', '69', '4');
INSERT INTO steps_recipes (steps_id, recipe_id, step_counter) VALUES ('306', '23', '3');
INSERT INTO steps_recipes (steps_id, recipe_id, step_counter) VALUES ('307', '98', '4');
INSERT INTO steps_recipes (steps_id, recipe_id, step_counter) VALUES ('308', '48', '5');
INSERT INTO steps_recipes (steps_id, recipe_id, step_counter) VALUES ('309', '99', '4');
INSERT INTO steps_recipes (steps_id, recipe_id, step_counter) VALUES ('310', '28', '2');
INSERT INTO steps_recipes (steps_id, recipe_id, step_counter) VALUES ('311', '22', '7');
INSERT INTO steps_recipes (steps_id, recipe_id, step_counter) VALUES ('312', '54', '2');
INSERT INTO steps_recipes (steps_id, recipe_id, step_counter) VALUES ('313', '6', '3');
INSERT INTO steps_recipes (steps_id, recipe_id, step_counter) VALUES ('314', '67', '4');
INSERT INTO steps_recipes (steps_id, recipe_id, step_counter) VALUES ('315', '99', '5');
INSERT INTO steps_recipes (steps_id, recipe_id, step_counter) VALUES ('316', '23', '4');
INSERT INTO steps_recipes (steps_id, recipe_id, step_counter) VALUES ('317', '29', '2');
INSERT INTO steps_recipes (steps_id, recipe_id, step_counter) VALUES ('318', '98', '5');
INSERT INTO steps_recipes (steps_id, recipe_id, step_counter) VALUES ('319', '37', '5');
INSERT INTO steps_recipes (steps_id, recipe_id, step_counter) VALUES ('320', '52', '4');
INSERT INTO steps_recipes (steps_id, recipe_id, step_counter) VALUES ('321', '42', '3');
INSERT INTO steps_recipes (steps_id, recipe_id, step_counter) VALUES ('322', '17', '4');
INSERT INTO steps_recipes (steps_id, recipe_id, step_counter) VALUES ('323', '76', '3');
INSERT INTO steps_recipes (steps_id, recipe_id, step_counter) VALUES ('324', '57', '2');
INSERT INTO steps_recipes (steps_id, recipe_id, step_counter) VALUES ('325', '39', '3');
INSERT INTO steps_recipes (steps_id, recipe_id, step_counter) VALUES ('326', '75', '3');
INSERT INTO steps_recipes (steps_id, recipe_id, step_counter) VALUES ('327', '92', '5');
INSERT INTO steps_recipes (steps_id, recipe_id, step_counter) VALUES ('328', '17', '5');
INSERT INTO steps_recipes (steps_id, recipe_id, step_counter) VALUES ('329', '41', '4');
INSERT INTO steps_recipes (steps_id, recipe_id, step_counter) VALUES ('330', '17', '6');
INSERT INTO steps_recipes (steps_id, recipe_id, step_counter) VALUES ('331', '6', '4');
INSERT INTO steps_recipes (steps_id, recipe_id, step_counter) VALUES ('332', '87', '3');
INSERT INTO steps_recipes (steps_id, recipe_id, step_counter) VALUES ('333', '15', '3');
INSERT INTO steps_recipes (steps_id, recipe_id, step_counter) VALUES ('334', '6', '5');
INSERT INTO steps_recipes (steps_id, recipe_id, step_counter) VALUES ('335', '28', '3');
INSERT INTO steps_recipes (steps_id, recipe_id, step_counter) VALUES ('336', '36', '4');
INSERT INTO steps_recipes (steps_id, recipe_id, step_counter) VALUES ('337', '82', '3');
INSERT INTO steps_recipes (steps_id, recipe_id, step_counter) VALUES ('338', '57', '3');
INSERT INTO steps_recipes (steps_id, recipe_id, step_counter) VALUES ('339', '17', '7');
INSERT INTO steps_recipes (steps_id, recipe_id, step_counter) VALUES ('340', '37', '6');
INSERT INTO steps_recipes (steps_id, recipe_id, step_counter) VALUES ('341', '73', '3');
INSERT INTO steps_recipes (steps_id, recipe_id, step_counter) VALUES ('342', '87', '4');
INSERT INTO steps_recipes (steps_id, recipe_id, step_counter) VALUES ('343', '22', '8');
INSERT INTO steps_recipes (steps_id, recipe_id, step_counter) VALUES ('344', '61', '3');
INSERT INTO steps_recipes (steps_id, recipe_id, step_counter) VALUES ('345', '56', '4');
INSERT INTO steps_recipes (steps_id, recipe_id, step_counter) VALUES ('346', '21', '6');
INSERT INTO steps_recipes (steps_id, recipe_id, step_counter) VALUES ('347', '31', '2');
INSERT INTO steps_recipes (steps_id, recipe_id, step_counter) VALUES ('348', '67', '5');
INSERT INTO steps_recipes (steps_id, recipe_id, step_counter) VALUES ('349', '56', '5');
INSERT INTO steps_recipes (steps_id, recipe_id, step_counter) VALUES ('350', '80', '6');
INSERT INTO steps_recipes (steps_id, recipe_id, step_counter) VALUES ('351', '53', '4');
INSERT INTO steps_recipes (steps_id, recipe_id, step_counter) VALUES ('352', '73', '4');
INSERT INTO steps_recipes (steps_id, recipe_id, step_counter) VALUES ('353', '37', '7');
INSERT INTO steps_recipes (steps_id, recipe_id, step_counter) VALUES ('354', '67', '6');
INSERT INTO steps_recipes (steps_id, recipe_id, step_counter) VALUES ('355', '2', '4');
INSERT INTO steps_recipes (steps_id, recipe_id, step_counter) VALUES ('356', '57', '4');
INSERT INTO steps_recipes (steps_id, recipe_id, step_counter) VALUES ('357', '54', '3');
INSERT INTO steps_recipes (steps_id, recipe_id, step_counter) VALUES ('358', '65', '4');
INSERT INTO steps_recipes (steps_id, recipe_id, step_counter) VALUES ('359', '91', '6');
INSERT INTO steps_recipes (steps_id, recipe_id, step_counter) VALUES ('360', '85', '8');
INSERT INTO steps_recipes (steps_id, recipe_id, step_counter) VALUES ('361', '71', '5');
INSERT INTO steps_recipes (steps_id, recipe_id, step_counter) VALUES ('362', '26', '6');
INSERT INTO steps_recipes (steps_id, recipe_id, step_counter) VALUES ('363', '76', '4');
INSERT INTO steps_recipes (steps_id, recipe_id, step_counter) VALUES ('364', '11', '5');
INSERT INTO steps_recipes (steps_id, recipe_id, step_counter) VALUES ('365', '68', '3');
INSERT INTO steps_recipes (steps_id, recipe_id, step_counter) VALUES ('366', '49', '2');
INSERT INTO steps_recipes (steps_id, recipe_id, step_counter) VALUES ('367', '42', '4');
INSERT INTO steps_recipes (steps_id, recipe_id, step_counter) VALUES ('368', '27', '5');
INSERT INTO steps_recipes (steps_id, recipe_id, step_counter) VALUES ('369', '83', '3');
INSERT INTO steps_recipes (steps_id, recipe_id, step_counter) VALUES ('370', '41', '5');
INSERT INTO steps_recipes (steps_id, recipe_id, step_counter) VALUES ('371', '37', '8');
INSERT INTO steps_recipes (steps_id, recipe_id, step_counter) VALUES ('372', '7', '4');
INSERT INTO steps_recipes (steps_id, recipe_id, step_counter) VALUES ('373', '1', '7');
INSERT INTO steps_recipes (steps_id, recipe_id, step_counter) VALUES ('374', '87', '5');
INSERT INTO steps_recipes (steps_id, recipe_id, step_counter) VALUES ('375', '89', '3');
INSERT INTO steps_recipes (steps_id, recipe_id, step_counter) VALUES ('376', '18', '6');
INSERT INTO steps_recipes (steps_id, recipe_id, step_counter) VALUES ('377', '77', '4');
INSERT INTO steps_recipes (steps_id, recipe_id, step_counter) VALUES ('378', '54', '4');
INSERT INTO steps_recipes (steps_id, recipe_id, step_counter) VALUES ('379', '91', '7');
INSERT INTO steps_recipes (steps_id, recipe_id, step_counter) VALUES ('380', '67', '7');
INSERT INTO steps_recipes (steps_id, recipe_id, step_counter) VALUES ('381', '72', '3');
INSERT INTO steps_recipes (steps_id, recipe_id, step_counter) VALUES ('382', '50', '2');
INSERT INTO steps_recipes (steps_id, recipe_id, step_counter) VALUES ('383', '23', '5');
INSERT INTO steps_recipes (steps_id, recipe_id, step_counter) VALUES ('384', '70', '3');
INSERT INTO steps_recipes (steps_id, recipe_id, step_counter) VALUES ('385', '25', '6');
INSERT INTO steps_recipes (steps_id, recipe_id, step_counter) VALUES ('386', '51', '5');
INSERT INTO steps_recipes (steps_id, recipe_id, step_counter) VALUES ('387', '44', '6');
INSERT INTO steps_recipes (steps_id, recipe_id, step_counter) VALUES ('388', '72', '4');
INSERT INTO steps_recipes (steps_id, recipe_id, step_counter) VALUES ('389', '2', '5');
INSERT INTO steps_recipes (steps_id, recipe_id, step_counter) VALUES ('390', '56', '6');
INSERT INTO steps_recipes (steps_id, recipe_id, step_counter) VALUES ('391', '46', '3');
INSERT INTO steps_recipes (steps_id, recipe_id, step_counter) VALUES ('392', '98', '6');
INSERT INTO steps_recipes (steps_id, recipe_id, step_counter) VALUES ('393', '45', '3');
INSERT INTO steps_recipes (steps_id, recipe_id, step_counter) VALUES ('394', '69', '5');
INSERT INTO steps_recipes (steps_id, recipe_id, step_counter) VALUES ('395', '72', '5');
INSERT INTO steps_recipes (steps_id, recipe_id, step_counter) VALUES ('396', '57', '5');
INSERT INTO steps_recipes (steps_id, recipe_id, step_counter) VALUES ('397', '35', '4');
INSERT INTO steps_recipes (steps_id, recipe_id, step_counter) VALUES ('398', '64', '3');
INSERT INTO steps_recipes (steps_id, recipe_id, step_counter) VALUES ('399', '69', '6');
INSERT INTO steps_recipes (steps_id, recipe_id, step_counter) VALUES ('400', '59', '4');
INSERT INTO steps_recipes (steps_id, recipe_id, step_counter) VALUES ('401', '60', '3');
INSERT INTO steps_recipes (steps_id, recipe_id, step_counter) VALUES ('402', '68', '4');
INSERT INTO steps_recipes (steps_id, recipe_id, step_counter) VALUES ('403', '36', '5');
INSERT INTO steps_recipes (steps_id, recipe_id, step_counter) VALUES ('404', '4', '5');
INSERT INTO steps_recipes (steps_id, recipe_id, step_counter) VALUES ('405', '87', '6');
INSERT INTO steps_recipes (steps_id, recipe_id, step_counter) VALUES ('406', '75', '4');
INSERT INTO steps_recipes (steps_id, recipe_id, step_counter) VALUES ('407', '6', '6');
INSERT INTO steps_recipes (steps_id, recipe_id, step_counter) VALUES ('408', '30', '5');
INSERT INTO steps_recipes (steps_id, recipe_id, step_counter) VALUES ('409', '31', '3');
INSERT INTO steps_recipes (steps_id, recipe_id, step_counter) VALUES ('410', '22', '9');
INSERT INTO steps_recipes (steps_id, recipe_id, step_counter) VALUES ('411', '23', '6');
INSERT INTO steps_recipes (steps_id, recipe_id, step_counter) VALUES ('412', '13', '5');
INSERT INTO steps_recipes (steps_id, recipe_id, step_counter) VALUES ('413', '44', '7');
INSERT INTO steps_recipes (steps_id, recipe_id, step_counter) VALUES ('414', '35', '5');
INSERT INTO steps_recipes (steps_id, recipe_id, step_counter) VALUES ('415', '51', '6');
INSERT INTO steps_recipes (steps_id, recipe_id, step_counter) VALUES ('416', '49', '3');
INSERT INTO steps_recipes (steps_id, recipe_id, step_counter) VALUES ('417', '77', '5');
INSERT INTO steps_recipes (steps_id, recipe_id, step_counter) VALUES ('418', '64', '4');
INSERT INTO steps_recipes (steps_id, recipe_id, step_counter) VALUES ('419', '62', '3');
INSERT INTO steps_recipes (steps_id, recipe_id, step_counter) VALUES ('420', '97', '5');
INSERT INTO steps_recipes (steps_id, recipe_id, step_counter) VALUES ('421', '59', '5');
INSERT INTO steps_recipes (steps_id, recipe_id, step_counter) VALUES ('422', '66', '4');
INSERT INTO steps_recipes (steps_id, recipe_id, step_counter) VALUES ('423', '20', '3');
INSERT INTO steps_recipes (steps_id, recipe_id, step_counter) VALUES ('424', '65', '5');
INSERT INTO steps_recipes (steps_id, recipe_id, step_counter) VALUES ('425', '8', '5');
INSERT INTO steps_recipes (steps_id, recipe_id, step_counter) VALUES ('426', '5', '5');
INSERT INTO steps_recipes (steps_id, recipe_id, step_counter) VALUES ('427', '18', '7');
INSERT INTO steps_recipes (steps_id, recipe_id, step_counter) VALUES ('428', '76', '5');
INSERT INTO steps_recipes (steps_id, recipe_id, step_counter) VALUES ('429', '19', '4');
INSERT INTO steps_recipes (steps_id, recipe_id, step_counter) VALUES ('430', '22', '10');
INSERT INTO steps_recipes (steps_id, recipe_id, step_counter) VALUES ('431', '1', '8');
INSERT INTO steps_recipes (steps_id, recipe_id, step_counter) VALUES ('432', '29', '3');
INSERT INTO steps_recipes (steps_id, recipe_id, step_counter) VALUES ('433', '26', '7');
INSERT INTO steps_recipes (steps_id, recipe_id, step_counter) VALUES ('434', '38', '2');
INSERT INTO steps_recipes (steps_id, recipe_id, step_counter) VALUES ('435', '96', '5');
INSERT INTO steps_recipes (steps_id, recipe_id, step_counter) VALUES ('436', '37', '9');
INSERT INTO steps_recipes (steps_id, recipe_id, step_counter) VALUES ('437', '88', '6');
INSERT INTO steps_recipes (steps_id, recipe_id, step_counter) VALUES ('438', '54', '5');
INSERT INTO steps_recipes (steps_id, recipe_id, step_counter) VALUES ('439', '13', '6');
INSERT INTO steps_recipes (steps_id, recipe_id, step_counter) VALUES ('440', '93', '2');
INSERT INTO steps_recipes (steps_id, recipe_id, step_counter) VALUES ('441', '10', '4');
INSERT INTO steps_recipes (steps_id, recipe_id, step_counter) VALUES ('442', '6', '7');
INSERT INTO steps_recipes (steps_id, recipe_id, step_counter) VALUES ('443', '94', '5');
INSERT INTO steps_recipes (steps_id, recipe_id, step_counter) VALUES ('444', '51', '7');
INSERT INTO steps_recipes (steps_id, recipe_id, step_counter) VALUES ('445', '96', '6');
INSERT INTO steps_recipes (steps_id, recipe_id, step_counter) VALUES ('446', '50', '3');
INSERT INTO steps_recipes (steps_id, recipe_id, step_counter) VALUES ('447', '45', '4');
INSERT INTO steps_recipes (steps_id, recipe_id, step_counter) VALUES ('448', '100', '3');
INSERT INTO steps_recipes (steps_id, recipe_id, step_counter) VALUES ('449', '18', '8');
INSERT INTO steps_recipes (steps_id, recipe_id, step_counter) VALUES ('450', '42', '5');
INSERT INTO steps_recipes (steps_id, recipe_id, step_counter) VALUES ('451', '100', '4');
INSERT INTO steps_recipes (steps_id, recipe_id, step_counter) VALUES ('452', '20', '4');
INSERT INTO steps_recipes (steps_id, recipe_id, step_counter) VALUES ('453', '31', '4');
INSERT INTO steps_recipes (steps_id, recipe_id, step_counter) VALUES ('454', '48', '6');
INSERT INTO steps_recipes (steps_id, recipe_id, step_counter) VALUES ('455', '97', '6');
INSERT INTO steps_recipes (steps_id, recipe_id, step_counter) VALUES ('456', '30', '6');
INSERT INTO steps_recipes (steps_id, recipe_id, step_counter) VALUES ('457', '11', '6');
INSERT INTO steps_recipes (steps_id, recipe_id, step_counter) VALUES ('458', '12', '3');
INSERT INTO steps_recipes (steps_id, recipe_id, step_counter) VALUES ('459', '57', '6');
INSERT INTO steps_recipes (steps_id, recipe_id, step_counter) VALUES ('460', '16', '3');
INSERT INTO steps_recipes (steps_id, recipe_id, step_counter) VALUES ('461', '87', '7');
INSERT INTO steps_recipes (steps_id, recipe_id, step_counter) VALUES ('462', '4', '6');
INSERT INTO steps_recipes (steps_id, recipe_id, step_counter) VALUES ('463', '76', '6');
INSERT INTO steps_recipes (steps_id, recipe_id, step_counter) VALUES ('464', '78', '4');
INSERT INTO steps_recipes (steps_id, recipe_id, step_counter) VALUES ('465', '83', '4');
INSERT INTO steps_recipes (steps_id, recipe_id, step_counter) VALUES ('466', '22', '11');
INSERT INTO steps_recipes (steps_id, recipe_id, step_counter) VALUES ('467', '78', '5');
INSERT INTO steps_recipes (steps_id, recipe_id, step_counter) VALUES ('468', '96', '7');
INSERT INTO steps_recipes (steps_id, recipe_id, step_counter) VALUES ('469', '42', '6');
INSERT INTO steps_recipes (steps_id, recipe_id, step_counter) VALUES ('470', '96', '8');
INSERT INTO steps_recipes (steps_id, recipe_id, step_counter) VALUES ('471', '12', '4');
INSERT INTO steps_recipes (steps_id, recipe_id, step_counter) VALUES ('472', '48', '7');
INSERT INTO steps_recipes (steps_id, recipe_id, step_counter) VALUES ('473', '54', '6');
INSERT INTO steps_recipes (steps_id, recipe_id, step_counter) VALUES ('474', '7', '5');
INSERT INTO steps_recipes (steps_id, recipe_id, step_counter) VALUES ('475', '30', '7');
INSERT INTO steps_recipes (steps_id, recipe_id, step_counter) VALUES ('476', '34', '6');
INSERT INTO steps_recipes (steps_id, recipe_id, step_counter) VALUES ('477', '84', '4');
INSERT INTO steps_recipes (steps_id, recipe_id, step_counter) VALUES ('478', '56', '7');
INSERT INTO steps_recipes (steps_id, recipe_id, step_counter) VALUES ('479', '44', '8');
INSERT INTO steps_recipes (steps_id, recipe_id, step_counter) VALUES ('480', '76', '7');
INSERT INTO steps_recipes (steps_id, recipe_id, step_counter) VALUES ('481', '71', '6');
INSERT INTO steps_recipes (steps_id, recipe_id, step_counter) VALUES ('482', '40', '2');
INSERT INTO steps_recipes (steps_id, recipe_id, step_counter) VALUES ('483', '22', '12');
INSERT INTO steps_recipes (steps_id, recipe_id, step_counter) VALUES ('484', '69', '7');
INSERT INTO steps_recipes (steps_id, recipe_id, step_counter) VALUES ('485', '92', '6');
INSERT INTO steps_recipes (steps_id, recipe_id, step_counter) VALUES ('486', '2', '6');
INSERT INTO steps_recipes (steps_id, recipe_id, step_counter) VALUES ('487', '94', '6');
INSERT INTO steps_recipes (steps_id, recipe_id, step_counter) VALUES ('488', '90', '3');
INSERT INTO steps_recipes (steps_id, recipe_id, step_counter) VALUES ('489', '52', '5');
INSERT INTO steps_recipes (steps_id, recipe_id, step_counter) VALUES ('490', '70', '4');
INSERT INTO steps_recipes (steps_id, recipe_id, step_counter) VALUES ('491', '31', '5');
INSERT INTO steps_recipes (steps_id, recipe_id, step_counter) VALUES ('492', '19', '5');
INSERT INTO steps_recipes (steps_id, recipe_id, step_counter) VALUES ('493', '33', '6');
INSERT INTO steps_recipes (steps_id, recipe_id, step_counter) VALUES ('494', '16', '4');
INSERT INTO steps_recipes (steps_id, recipe_id, step_counter) VALUES ('495', '86', '4');
INSERT INTO steps_recipes (steps_id, recipe_id, step_counter) VALUES ('496', '86', '5');
INSERT INTO steps_recipes (steps_id, recipe_id, step_counter) VALUES ('497', '16', '5');
INSERT INTO steps_recipes (steps_id, recipe_id, step_counter) VALUES ('498', '93', '3');
INSERT INTO steps_recipes (steps_id, recipe_id, step_counter) VALUES ('499', '12', '5');

INSERT INTO equipment (equipment_id, equipment_name, equipment_description, image, image_caption) VALUES ('1', 'check', 'Ready draw rich industry American ground start not.', 'https://picsum.photos/71/196', 'Right-sized global initiative');
INSERT INTO equipment (equipment_id, equipment_name, equipment_description, image, image_caption) VALUES ('2', 'become', 'Seek drive speech either.', 'https://picsum.photos/583/34', 'Focused web-enabled instruction set');
INSERT INTO equipment (equipment_id, equipment_name, equipment_description, image, image_caption) VALUES ('3', 'center', 'Party bar yard economic.', 'https://dummyimage.com/408x224', 'Function-based user-facing Internet solu');
INSERT INTO equipment (equipment_id, equipment_name, equipment_description, image, image_caption) VALUES ('4', 'hundred', 'Family and sport.', 'https://placekitten.com/808/132', 'Diverse optimizing standardization');
INSERT INTO equipment (equipment_id, equipment_name, equipment_description, image, image_caption) VALUES ('5', 'out', 'Material in bed the seven site thought simple.', 'https://dummyimage.com/78x950', 'Pre-emptive system-worthy frame');
INSERT INTO equipment (equipment_id, equipment_name, equipment_description, image, image_caption) VALUES ('6', 'head', 'After top him person public they growth.', 'https://dummyimage.com/161x100', 'Face-to-face full-range adapter');
INSERT INTO equipment (equipment_id, equipment_name, equipment_description, image, image_caption) VALUES ('7', 'must', 'Final source subject section against truth.', 'https://placekitten.com/263/264', 'De-engineered global framework');
INSERT INTO equipment (equipment_id, equipment_name, equipment_description, image, image_caption) VALUES ('8', 'wish', 'Eye huge stop hair short fall.', 'https://picsum.photos/751/740', 'Total executive emulation');
INSERT INTO equipment (equipment_id, equipment_name, equipment_description, image, image_caption) VALUES ('9', 'during', 'Turn behavior single wall series travel choice establish.', 'https://dummyimage.com/465x705', 'Multi-lateral interactive product');
INSERT INTO equipment (equipment_id, equipment_name, equipment_description, image, image_caption) VALUES ('10', 'actually', 'Agree hair president exactly process according.', 'https://dummyimage.com/365x461', 'Seamless contextually-based pricing stru');
INSERT INTO equipment (equipment_id, equipment_name, equipment_description, image, image_caption) VALUES ('11', 'technology', 'Sign meet seven ball author task drug goal.', 'https://picsum.photos/748/799', 'Multi-channeled bi-directional implement');
INSERT INTO equipment (equipment_id, equipment_name, equipment_description, image, image_caption) VALUES ('12', 'seek', 'Cost song kitchen enjoy hospital.', 'https://placekitten.com/440/870', 'Re-contextualized needs-based task-force');
INSERT INTO equipment (equipment_id, equipment_name, equipment_description, image, image_caption) VALUES ('13', 'thing', 'Garden understand financial example final site.', 'https://dummyimage.com/101x216', 'Integrated composite support');
INSERT INTO equipment (equipment_id, equipment_name, equipment_description, image, image_caption) VALUES ('14', 'our', 'Such piece happy nice.', 'https://dummyimage.com/13x18', 'Front-line bi-directional adapter');
INSERT INTO equipment (equipment_id, equipment_name, equipment_description, image, image_caption) VALUES ('15', 'read', 'Still most middle sister collection because whom.', 'https://placekitten.com/762/169', 'Re-engineered bifurcated Local Area Netw');
INSERT INTO equipment (equipment_id, equipment_name, equipment_description, image, image_caption) VALUES ('16', 'marriage', 'Though behind all carry human leg.', 'https://dummyimage.com/648x115', 'Re-engineered maximized encryption');
INSERT INTO equipment (equipment_id, equipment_name, equipment_description, image, image_caption) VALUES ('17', 'school', 'Them beyond carry heart believe leg.', 'https://placekitten.com/791/557', 'Stand-alone bandwidth-monitored service-');
INSERT INTO equipment (equipment_id, equipment_name, equipment_description, image, image_caption) VALUES ('18', 'data', 'Outside bed move pay customer glass.', 'https://dummyimage.com/92x311', 'Vision-oriented bandwidth-monitored fram');
INSERT INTO equipment (equipment_id, equipment_name, equipment_description, image, image_caption) VALUES ('19', 'career', 'Himself war each top federal majority well above.', 'https://picsum.photos/850/484', 'Distributed 24/7 task-force');
INSERT INTO equipment (equipment_id, equipment_name, equipment_description, image, image_caption) VALUES ('20', 'from', 'Strategy century build see.', 'https://placekitten.com/679/169', 'Persevering secondary archive');

INSERT INTO recipes_equipment (equipment_id, recipe_id) VALUES ('14', '1');
INSERT INTO recipes_equipment (equipment_id, recipe_id) VALUES ('4', '1');
INSERT INTO recipes_equipment (equipment_id, recipe_id) VALUES ('2', '1');
INSERT INTO recipes_equipment (equipment_id, recipe_id) VALUES ('13', '1');
INSERT INTO recipes_equipment (equipment_id, recipe_id) VALUES ('15', '1');
INSERT INTO recipes_equipment (equipment_id, recipe_id) VALUES ('20', '1');
INSERT INTO recipes_equipment (equipment_id, recipe_id) VALUES ('7', '2');
INSERT INTO recipes_equipment (equipment_id, recipe_id) VALUES ('15', '2');
INSERT INTO recipes_equipment (equipment_id, recipe_id) VALUES ('16', '2');
INSERT INTO recipes_equipment (equipment_id, recipe_id) VALUES ('18', '2');
INSERT INTO recipes_equipment (equipment_id, recipe_id) VALUES ('20', '3');
INSERT INTO recipes_equipment (equipment_id, recipe_id) VALUES ('1', '3');
INSERT INTO recipes_equipment (equipment_id, recipe_id) VALUES ('7', '3');
INSERT INTO recipes_equipment (equipment_id, recipe_id) VALUES ('16', '3');
INSERT INTO recipes_equipment (equipment_id, recipe_id) VALUES ('2', '3');
INSERT INTO recipes_equipment (equipment_id, recipe_id) VALUES ('3', '3');
INSERT INTO recipes_equipment (equipment_id, recipe_id) VALUES ('18', '4');
INSERT INTO recipes_equipment (equipment_id, recipe_id) VALUES ('15', '4');
INSERT INTO recipes_equipment (equipment_id, recipe_id) VALUES ('17', '4');
INSERT INTO recipes_equipment (equipment_id, recipe_id) VALUES ('6', '4');
INSERT INTO recipes_equipment (equipment_id, recipe_id) VALUES ('14', '4');
INSERT INTO recipes_equipment (equipment_id, recipe_id) VALUES ('1', '4');
INSERT INTO recipes_equipment (equipment_id, recipe_id) VALUES ('5', '4');
INSERT INTO recipes_equipment (equipment_id, recipe_id) VALUES ('15', '5');
INSERT INTO recipes_equipment (equipment_id, recipe_id) VALUES ('1', '5');
INSERT INTO recipes_equipment (equipment_id, recipe_id) VALUES ('12', '5');
INSERT INTO recipes_equipment (equipment_id, recipe_id) VALUES ('15', '6');
INSERT INTO recipes_equipment (equipment_id, recipe_id) VALUES ('1', '6');
INSERT INTO recipes_equipment (equipment_id, recipe_id) VALUES ('14', '6');
INSERT INTO recipes_equipment (equipment_id, recipe_id) VALUES ('7', '6');
INSERT INTO recipes_equipment (equipment_id, recipe_id) VALUES ('10', '6');
INSERT INTO recipes_equipment (equipment_id, recipe_id) VALUES ('5', '6');
INSERT INTO recipes_equipment (equipment_id, recipe_id) VALUES ('12', '6');
INSERT INTO recipes_equipment (equipment_id, recipe_id) VALUES ('11', '6');
INSERT INTO recipes_equipment (equipment_id, recipe_id) VALUES ('19', '6');
INSERT INTO recipes_equipment (equipment_id, recipe_id) VALUES ('18', '6');
INSERT INTO recipes_equipment (equipment_id, recipe_id) VALUES ('20', '6');
INSERT INTO recipes_equipment (equipment_id, recipe_id) VALUES ('3', '6');
INSERT INTO recipes_equipment (equipment_id, recipe_id) VALUES ('13', '6');
INSERT INTO recipes_equipment (equipment_id, recipe_id) VALUES ('2', '6');
INSERT INTO recipes_equipment (equipment_id, recipe_id) VALUES ('17', '6');
INSERT INTO recipes_equipment (equipment_id, recipe_id) VALUES ('8', '6');
INSERT INTO recipes_equipment (equipment_id, recipe_id) VALUES ('4', '6');
INSERT INTO recipes_equipment (equipment_id, recipe_id) VALUES ('9', '7');
INSERT INTO recipes_equipment (equipment_id, recipe_id) VALUES ('17', '7');
INSERT INTO recipes_equipment (equipment_id, recipe_id) VALUES ('8', '7');
INSERT INTO recipes_equipment (equipment_id, recipe_id) VALUES ('11', '7');
INSERT INTO recipes_equipment (equipment_id, recipe_id) VALUES ('3', '7');
INSERT INTO recipes_equipment (equipment_id, recipe_id) VALUES ('16', '7');
INSERT INTO recipes_equipment (equipment_id, recipe_id) VALUES ('14', '7');
INSERT INTO recipes_equipment (equipment_id, recipe_id) VALUES ('20', '7');
INSERT INTO recipes_equipment (equipment_id, recipe_id) VALUES ('2', '7');
INSERT INTO recipes_equipment (equipment_id, recipe_id) VALUES ('18', '7');
INSERT INTO recipes_equipment (equipment_id, recipe_id) VALUES ('7', '8');
INSERT INTO recipes_equipment (equipment_id, recipe_id) VALUES ('16', '8');
INSERT INTO recipes_equipment (equipment_id, recipe_id) VALUES ('2', '8');
INSERT INTO recipes_equipment (equipment_id, recipe_id) VALUES ('18', '8');
INSERT INTO recipes_equipment (equipment_id, recipe_id) VALUES ('19', '8');
INSERT INTO recipes_equipment (equipment_id, recipe_id) VALUES ('12', '9');
INSERT INTO recipes_equipment (equipment_id, recipe_id) VALUES ('19', '9');
INSERT INTO recipes_equipment (equipment_id, recipe_id) VALUES ('18', '9');
INSERT INTO recipes_equipment (equipment_id, recipe_id) VALUES ('8', '9');
INSERT INTO recipes_equipment (equipment_id, recipe_id) VALUES ('5', '9');
INSERT INTO recipes_equipment (equipment_id, recipe_id) VALUES ('3', '9');
INSERT INTO recipes_equipment (equipment_id, recipe_id) VALUES ('15', '9');
INSERT INTO recipes_equipment (equipment_id, recipe_id) VALUES ('2', '9');
INSERT INTO recipes_equipment (equipment_id, recipe_id) VALUES ('4', '9');
INSERT INTO recipes_equipment (equipment_id, recipe_id) VALUES ('17', '9');
INSERT INTO recipes_equipment (equipment_id, recipe_id) VALUES ('16', '10');
INSERT INTO recipes_equipment (equipment_id, recipe_id) VALUES ('6', '10');
INSERT INTO recipes_equipment (equipment_id, recipe_id) VALUES ('7', '10');
INSERT INTO recipes_equipment (equipment_id, recipe_id) VALUES ('20', '10');
INSERT INTO recipes_equipment (equipment_id, recipe_id) VALUES ('2', '10');
INSERT INTO recipes_equipment (equipment_id, recipe_id) VALUES ('19', '10');
INSERT INTO recipes_equipment (equipment_id, recipe_id) VALUES ('1', '10');
INSERT INTO recipes_equipment (equipment_id, recipe_id) VALUES ('8', '10');
INSERT INTO recipes_equipment (equipment_id, recipe_id) VALUES ('5', '10');
INSERT INTO recipes_equipment (equipment_id, recipe_id) VALUES ('15', '10');
INSERT INTO recipes_equipment (equipment_id, recipe_id) VALUES ('13', '10');
INSERT INTO recipes_equipment (equipment_id, recipe_id) VALUES ('3', '10');
INSERT INTO recipes_equipment (equipment_id, recipe_id) VALUES ('10', '10');
INSERT INTO recipes_equipment (equipment_id, recipe_id) VALUES ('14', '10');
INSERT INTO recipes_equipment (equipment_id, recipe_id) VALUES ('4', '10');
INSERT INTO recipes_equipment (equipment_id, recipe_id) VALUES ('11', '10');
INSERT INTO recipes_equipment (equipment_id, recipe_id) VALUES ('18', '10');
INSERT INTO recipes_equipment (equipment_id, recipe_id) VALUES ('9', '10');
INSERT INTO recipes_equipment (equipment_id, recipe_id) VALUES ('12', '10');
INSERT INTO recipes_equipment (equipment_id, recipe_id) VALUES ('20', '11');
INSERT INTO recipes_equipment (equipment_id, recipe_id) VALUES ('14', '11');
INSERT INTO recipes_equipment (equipment_id, recipe_id) VALUES ('11', '11');
INSERT INTO recipes_equipment (equipment_id, recipe_id) VALUES ('15', '11');
INSERT INTO recipes_equipment (equipment_id, recipe_id) VALUES ('19', '11');
INSERT INTO recipes_equipment (equipment_id, recipe_id) VALUES ('10', '11');
INSERT INTO recipes_equipment (equipment_id, recipe_id) VALUES ('8', '11');
INSERT INTO recipes_equipment (equipment_id, recipe_id) VALUES ('7', '11');
INSERT INTO recipes_equipment (equipment_id, recipe_id) VALUES ('17', '11');
INSERT INTO recipes_equipment (equipment_id, recipe_id) VALUES ('1', '11');
INSERT INTO recipes_equipment (equipment_id, recipe_id) VALUES ('10', '12');
INSERT INTO recipes_equipment (equipment_id, recipe_id) VALUES ('5', '12');
INSERT INTO recipes_equipment (equipment_id, recipe_id) VALUES ('9', '12');
INSERT INTO recipes_equipment (equipment_id, recipe_id) VALUES ('12', '12');
INSERT INTO recipes_equipment (equipment_id, recipe_id) VALUES ('8', '13');
INSERT INTO recipes_equipment (equipment_id, recipe_id) VALUES ('7', '13');
INSERT INTO recipes_equipment (equipment_id, recipe_id) VALUES ('18', '13');
INSERT INTO recipes_equipment (equipment_id, recipe_id) VALUES ('19', '13');
INSERT INTO recipes_equipment (equipment_id, recipe_id) VALUES ('12', '13');
INSERT INTO recipes_equipment (equipment_id, recipe_id) VALUES ('3', '13');
INSERT INTO recipes_equipment (equipment_id, recipe_id) VALUES ('16', '13');
INSERT INTO recipes_equipment (equipment_id, recipe_id) VALUES ('1', '13');
INSERT INTO recipes_equipment (equipment_id, recipe_id) VALUES ('11', '13');
INSERT INTO recipes_equipment (equipment_id, recipe_id) VALUES ('15', '13');
INSERT INTO recipes_equipment (equipment_id, recipe_id) VALUES ('2', '13');
INSERT INTO recipes_equipment (equipment_id, recipe_id) VALUES ('5', '13');
INSERT INTO recipes_equipment (equipment_id, recipe_id) VALUES ('19', '14');
INSERT INTO recipes_equipment (equipment_id, recipe_id) VALUES ('6', '14');
INSERT INTO recipes_equipment (equipment_id, recipe_id) VALUES ('2', '14');
INSERT INTO recipes_equipment (equipment_id, recipe_id) VALUES ('16', '14');
INSERT INTO recipes_equipment (equipment_id, recipe_id) VALUES ('7', '14');
INSERT INTO recipes_equipment (equipment_id, recipe_id) VALUES ('15', '14');
INSERT INTO recipes_equipment (equipment_id, recipe_id) VALUES ('5', '14');
INSERT INTO recipes_equipment (equipment_id, recipe_id) VALUES ('11', '14');
INSERT INTO recipes_equipment (equipment_id, recipe_id) VALUES ('4', '14');
INSERT INTO recipes_equipment (equipment_id, recipe_id) VALUES ('9', '14');
INSERT INTO recipes_equipment (equipment_id, recipe_id) VALUES ('18', '14');
INSERT INTO recipes_equipment (equipment_id, recipe_id) VALUES ('8', '14');
INSERT INTO recipes_equipment (equipment_id, recipe_id) VALUES ('19', '15');
INSERT INTO recipes_equipment (equipment_id, recipe_id) VALUES ('17', '16');
INSERT INTO recipes_equipment (equipment_id, recipe_id) VALUES ('13', '16');
INSERT INTO recipes_equipment (equipment_id, recipe_id) VALUES ('5', '16');
INSERT INTO recipes_equipment (equipment_id, recipe_id) VALUES ('8', '16');
INSERT INTO recipes_equipment (equipment_id, recipe_id) VALUES ('4', '16');
INSERT INTO recipes_equipment (equipment_id, recipe_id) VALUES ('1', '17');
INSERT INTO recipes_equipment (equipment_id, recipe_id) VALUES ('3', '17');
INSERT INTO recipes_equipment (equipment_id, recipe_id) VALUES ('8', '17');
INSERT INTO recipes_equipment (equipment_id, recipe_id) VALUES ('4', '17');
INSERT INTO recipes_equipment (equipment_id, recipe_id) VALUES ('10', '17');
INSERT INTO recipes_equipment (equipment_id, recipe_id) VALUES ('5', '17');
INSERT INTO recipes_equipment (equipment_id, recipe_id) VALUES ('2', '17');
INSERT INTO recipes_equipment (equipment_id, recipe_id) VALUES ('14', '17');
INSERT INTO recipes_equipment (equipment_id, recipe_id) VALUES ('7', '17');
INSERT INTO recipes_equipment (equipment_id, recipe_id) VALUES ('20', '17');
INSERT INTO recipes_equipment (equipment_id, recipe_id) VALUES ('18', '18');
INSERT INTO recipes_equipment (equipment_id, recipe_id) VALUES ('8', '18');
INSERT INTO recipes_equipment (equipment_id, recipe_id) VALUES ('17', '18');
INSERT INTO recipes_equipment (equipment_id, recipe_id) VALUES ('20', '18');
INSERT INTO recipes_equipment (equipment_id, recipe_id) VALUES ('16', '18');
INSERT INTO recipes_equipment (equipment_id, recipe_id) VALUES ('13', '18');
INSERT INTO recipes_equipment (equipment_id, recipe_id) VALUES ('9', '18');
INSERT INTO recipes_equipment (equipment_id, recipe_id) VALUES ('6', '18');
INSERT INTO recipes_equipment (equipment_id, recipe_id) VALUES ('15', '18');
INSERT INTO recipes_equipment (equipment_id, recipe_id) VALUES ('19', '18');
INSERT INTO recipes_equipment (equipment_id, recipe_id) VALUES ('11', '18');
INSERT INTO recipes_equipment (equipment_id, recipe_id) VALUES ('2', '18');
INSERT INTO recipes_equipment (equipment_id, recipe_id) VALUES ('3', '18');
INSERT INTO recipes_equipment (equipment_id, recipe_id) VALUES ('1', '18');
INSERT INTO recipes_equipment (equipment_id, recipe_id) VALUES ('4', '18');
INSERT INTO recipes_equipment (equipment_id, recipe_id) VALUES ('12', '18');
INSERT INTO recipes_equipment (equipment_id, recipe_id) VALUES ('7', '18');
INSERT INTO recipes_equipment (equipment_id, recipe_id) VALUES ('16', '19');
INSERT INTO recipes_equipment (equipment_id, recipe_id) VALUES ('9', '19');
INSERT INTO recipes_equipment (equipment_id, recipe_id) VALUES ('13', '19');
INSERT INTO recipes_equipment (equipment_id, recipe_id) VALUES ('4', '19');
INSERT INTO recipes_equipment (equipment_id, recipe_id) VALUES ('2', '19');
INSERT INTO recipes_equipment (equipment_id, recipe_id) VALUES ('19', '19');
INSERT INTO recipes_equipment (equipment_id, recipe_id) VALUES ('12', '19');
INSERT INTO recipes_equipment (equipment_id, recipe_id) VALUES ('10', '19');
INSERT INTO recipes_equipment (equipment_id, recipe_id) VALUES ('14', '19');
INSERT INTO recipes_equipment (equipment_id, recipe_id) VALUES ('17', '19');
INSERT INTO recipes_equipment (equipment_id, recipe_id) VALUES ('20', '19');
INSERT INTO recipes_equipment (equipment_id, recipe_id) VALUES ('15', '19');
INSERT INTO recipes_equipment (equipment_id, recipe_id) VALUES ('8', '19');
INSERT INTO recipes_equipment (equipment_id, recipe_id) VALUES ('7', '19');
INSERT INTO recipes_equipment (equipment_id, recipe_id) VALUES ('1', '19');
INSERT INTO recipes_equipment (equipment_id, recipe_id) VALUES ('6', '19');
INSERT INTO recipes_equipment (equipment_id, recipe_id) VALUES ('11', '19');
INSERT INTO recipes_equipment (equipment_id, recipe_id) VALUES ('3', '19');
INSERT INTO recipes_equipment (equipment_id, recipe_id) VALUES ('15', '20');
INSERT INTO recipes_equipment (equipment_id, recipe_id) VALUES ('1', '20');
INSERT INTO recipes_equipment (equipment_id, recipe_id) VALUES ('13', '20');
INSERT INTO recipes_equipment (equipment_id, recipe_id) VALUES ('11', '20');
INSERT INTO recipes_equipment (equipment_id, recipe_id) VALUES ('14', '21');
INSERT INTO recipes_equipment (equipment_id, recipe_id) VALUES ('17', '21');
INSERT INTO recipes_equipment (equipment_id, recipe_id) VALUES ('7', '21');
INSERT INTO recipes_equipment (equipment_id, recipe_id) VALUES ('16', '21');
INSERT INTO recipes_equipment (equipment_id, recipe_id) VALUES ('15', '21');
INSERT INTO recipes_equipment (equipment_id, recipe_id) VALUES ('3', '21');
INSERT INTO recipes_equipment (equipment_id, recipe_id) VALUES ('18', '21');
INSERT INTO recipes_equipment (equipment_id, recipe_id) VALUES ('3', '22');
INSERT INTO recipes_equipment (equipment_id, recipe_id) VALUES ('6', '22');
INSERT INTO recipes_equipment (equipment_id, recipe_id) VALUES ('12', '22');
INSERT INTO recipes_equipment (equipment_id, recipe_id) VALUES ('2', '22');
INSERT INTO recipes_equipment (equipment_id, recipe_id) VALUES ('7', '22');
INSERT INTO recipes_equipment (equipment_id, recipe_id) VALUES ('8', '22');
INSERT INTO recipes_equipment (equipment_id, recipe_id) VALUES ('16', '22');
INSERT INTO recipes_equipment (equipment_id, recipe_id) VALUES ('15', '22');
INSERT INTO recipes_equipment (equipment_id, recipe_id) VALUES ('10', '22');
INSERT INTO recipes_equipment (equipment_id, recipe_id) VALUES ('19', '22');
INSERT INTO recipes_equipment (equipment_id, recipe_id) VALUES ('11', '22');
INSERT INTO recipes_equipment (equipment_id, recipe_id) VALUES ('4', '22');
INSERT INTO recipes_equipment (equipment_id, recipe_id) VALUES ('9', '22');
INSERT INTO recipes_equipment (equipment_id, recipe_id) VALUES ('14', '22');
INSERT INTO recipes_equipment (equipment_id, recipe_id) VALUES ('1', '22');
INSERT INTO recipes_equipment (equipment_id, recipe_id) VALUES ('13', '22');
INSERT INTO recipes_equipment (equipment_id, recipe_id) VALUES ('18', '22');
INSERT INTO recipes_equipment (equipment_id, recipe_id) VALUES ('10', '23');
INSERT INTO recipes_equipment (equipment_id, recipe_id) VALUES ('1', '23');
INSERT INTO recipes_equipment (equipment_id, recipe_id) VALUES ('17', '23');
INSERT INTO recipes_equipment (equipment_id, recipe_id) VALUES ('19', '23');
INSERT INTO recipes_equipment (equipment_id, recipe_id) VALUES ('15', '23');
INSERT INTO recipes_equipment (equipment_id, recipe_id) VALUES ('8', '23');
INSERT INTO recipes_equipment (equipment_id, recipe_id) VALUES ('13', '23');
INSERT INTO recipes_equipment (equipment_id, recipe_id) VALUES ('12', '23');
INSERT INTO recipes_equipment (equipment_id, recipe_id) VALUES ('6', '23');
INSERT INTO recipes_equipment (equipment_id, recipe_id) VALUES ('7', '23');
INSERT INTO recipes_equipment (equipment_id, recipe_id) VALUES ('2', '23');
INSERT INTO recipes_equipment (equipment_id, recipe_id) VALUES ('4', '23');
INSERT INTO recipes_equipment (equipment_id, recipe_id) VALUES ('9', '23');
INSERT INTO recipes_equipment (equipment_id, recipe_id) VALUES ('18', '23');
INSERT INTO recipes_equipment (equipment_id, recipe_id) VALUES ('3', '23');
INSERT INTO recipes_equipment (equipment_id, recipe_id) VALUES ('16', '23');
INSERT INTO recipes_equipment (equipment_id, recipe_id) VALUES ('5', '23');
INSERT INTO recipes_equipment (equipment_id, recipe_id) VALUES ('20', '23');
INSERT INTO recipes_equipment (equipment_id, recipe_id) VALUES ('14', '23');
INSERT INTO recipes_equipment (equipment_id, recipe_id) VALUES ('11', '23');
INSERT INTO recipes_equipment (equipment_id, recipe_id) VALUES ('3', '24');
INSERT INTO recipes_equipment (equipment_id, recipe_id) VALUES ('6', '24');
INSERT INTO recipes_equipment (equipment_id, recipe_id) VALUES ('15', '24');
INSERT INTO recipes_equipment (equipment_id, recipe_id) VALUES ('5', '24');
INSERT INTO recipes_equipment (equipment_id, recipe_id) VALUES ('11', '25');
INSERT INTO recipes_equipment (equipment_id, recipe_id) VALUES ('6', '25');
INSERT INTO recipes_equipment (equipment_id, recipe_id) VALUES ('8', '25');
INSERT INTO recipes_equipment (equipment_id, recipe_id) VALUES ('2', '25');
INSERT INTO recipes_equipment (equipment_id, recipe_id) VALUES ('8', '26');
INSERT INTO recipes_equipment (equipment_id, recipe_id) VALUES ('2', '26');
INSERT INTO recipes_equipment (equipment_id, recipe_id) VALUES ('14', '26');
INSERT INTO recipes_equipment (equipment_id, recipe_id) VALUES ('12', '26');
INSERT INTO recipes_equipment (equipment_id, recipe_id) VALUES ('5', '26');
INSERT INTO recipes_equipment (equipment_id, recipe_id) VALUES ('16', '26');
INSERT INTO recipes_equipment (equipment_id, recipe_id) VALUES ('2', '27');
INSERT INTO recipes_equipment (equipment_id, recipe_id) VALUES ('12', '27');
INSERT INTO recipes_equipment (equipment_id, recipe_id) VALUES ('5', '27');
INSERT INTO recipes_equipment (equipment_id, recipe_id) VALUES ('11', '27');
INSERT INTO recipes_equipment (equipment_id, recipe_id) VALUES ('16', '27');
INSERT INTO recipes_equipment (equipment_id, recipe_id) VALUES ('8', '27');
INSERT INTO recipes_equipment (equipment_id, recipe_id) VALUES ('14', '27');
INSERT INTO recipes_equipment (equipment_id, recipe_id) VALUES ('13', '28');
INSERT INTO recipes_equipment (equipment_id, recipe_id) VALUES ('20', '28');
INSERT INTO recipes_equipment (equipment_id, recipe_id) VALUES ('5', '28');
INSERT INTO recipes_equipment (equipment_id, recipe_id) VALUES ('11', '28');
INSERT INTO recipes_equipment (equipment_id, recipe_id) VALUES ('10', '28');
INSERT INTO recipes_equipment (equipment_id, recipe_id) VALUES ('2', '28');
INSERT INTO recipes_equipment (equipment_id, recipe_id) VALUES ('17', '28');
INSERT INTO recipes_equipment (equipment_id, recipe_id) VALUES ('6', '28');
INSERT INTO recipes_equipment (equipment_id, recipe_id) VALUES ('15', '28');
INSERT INTO recipes_equipment (equipment_id, recipe_id) VALUES ('8', '28');
INSERT INTO recipes_equipment (equipment_id, recipe_id) VALUES ('18', '28');
INSERT INTO recipes_equipment (equipment_id, recipe_id) VALUES ('8', '29');
INSERT INTO recipes_equipment (equipment_id, recipe_id) VALUES ('19', '29');
INSERT INTO recipes_equipment (equipment_id, recipe_id) VALUES ('2', '29');
INSERT INTO recipes_equipment (equipment_id, recipe_id) VALUES ('13', '29');
INSERT INTO recipes_equipment (equipment_id, recipe_id) VALUES ('11', '29');
INSERT INTO recipes_equipment (equipment_id, recipe_id) VALUES ('20', '29');
INSERT INTO recipes_equipment (equipment_id, recipe_id) VALUES ('5', '29');
INSERT INTO recipes_equipment (equipment_id, recipe_id) VALUES ('1', '29');
INSERT INTO recipes_equipment (equipment_id, recipe_id) VALUES ('16', '29');
INSERT INTO recipes_equipment (equipment_id, recipe_id) VALUES ('9', '29');
INSERT INTO recipes_equipment (equipment_id, recipe_id) VALUES ('3', '29');
INSERT INTO recipes_equipment (equipment_id, recipe_id) VALUES ('6', '29');
INSERT INTO recipes_equipment (equipment_id, recipe_id) VALUES ('7', '29');
INSERT INTO recipes_equipment (equipment_id, recipe_id) VALUES ('17', '29');
INSERT INTO recipes_equipment (equipment_id, recipe_id) VALUES ('4', '29');
INSERT INTO recipes_equipment (equipment_id, recipe_id) VALUES ('10', '29');
INSERT INTO recipes_equipment (equipment_id, recipe_id) VALUES ('15', '29');
INSERT INTO recipes_equipment (equipment_id, recipe_id) VALUES ('12', '29');
INSERT INTO recipes_equipment (equipment_id, recipe_id) VALUES ('13', '30');
INSERT INTO recipes_equipment (equipment_id, recipe_id) VALUES ('6', '30');
INSERT INTO recipes_equipment (equipment_id, recipe_id) VALUES ('20', '30');
INSERT INTO recipes_equipment (equipment_id, recipe_id) VALUES ('11', '30');
INSERT INTO recipes_equipment (equipment_id, recipe_id) VALUES ('19', '30');
INSERT INTO recipes_equipment (equipment_id, recipe_id) VALUES ('9', '30');
INSERT INTO recipes_equipment (equipment_id, recipe_id) VALUES ('17', '30');
INSERT INTO recipes_equipment (equipment_id, recipe_id) VALUES ('2', '30');
INSERT INTO recipes_equipment (equipment_id, recipe_id) VALUES ('4', '30');
INSERT INTO recipes_equipment (equipment_id, recipe_id) VALUES ('10', '30');
INSERT INTO recipes_equipment (equipment_id, recipe_id) VALUES ('12', '30');
INSERT INTO recipes_equipment (equipment_id, recipe_id) VALUES ('1', '30');
INSERT INTO recipes_equipment (equipment_id, recipe_id) VALUES ('7', '30');
INSERT INTO recipes_equipment (equipment_id, recipe_id) VALUES ('18', '30');
INSERT INTO recipes_equipment (equipment_id, recipe_id) VALUES ('3', '30');
INSERT INTO recipes_equipment (equipment_id, recipe_id) VALUES ('14', '30');
INSERT INTO recipes_equipment (equipment_id, recipe_id) VALUES ('15', '30');
INSERT INTO recipes_equipment (equipment_id, recipe_id) VALUES ('5', '30');
INSERT INTO recipes_equipment (equipment_id, recipe_id) VALUES ('8', '30');
INSERT INTO recipes_equipment (equipment_id, recipe_id) VALUES ('2', '31');
INSERT INTO recipes_equipment (equipment_id, recipe_id) VALUES ('7', '31');
INSERT INTO recipes_equipment (equipment_id, recipe_id) VALUES ('10', '32');
INSERT INTO recipes_equipment (equipment_id, recipe_id) VALUES ('4', '32');
INSERT INTO recipes_equipment (equipment_id, recipe_id) VALUES ('16', '32');
INSERT INTO recipes_equipment (equipment_id, recipe_id) VALUES ('1', '32');
INSERT INTO recipes_equipment (equipment_id, recipe_id) VALUES ('5', '32');
INSERT INTO recipes_equipment (equipment_id, recipe_id) VALUES ('2', '33');
INSERT INTO recipes_equipment (equipment_id, recipe_id) VALUES ('1', '33');
INSERT INTO recipes_equipment (equipment_id, recipe_id) VALUES ('6', '33');
INSERT INTO recipes_equipment (equipment_id, recipe_id) VALUES ('11', '33');
INSERT INTO recipes_equipment (equipment_id, recipe_id) VALUES ('19', '33');
INSERT INTO recipes_equipment (equipment_id, recipe_id) VALUES ('18', '33');
INSERT INTO recipes_equipment (equipment_id, recipe_id) VALUES ('15', '33');
INSERT INTO recipes_equipment (equipment_id, recipe_id) VALUES ('14', '33');
INSERT INTO recipes_equipment (equipment_id, recipe_id) VALUES ('12', '34');
INSERT INTO recipes_equipment (equipment_id, recipe_id) VALUES ('15', '34');
INSERT INTO recipes_equipment (equipment_id, recipe_id) VALUES ('5', '34');
INSERT INTO recipes_equipment (equipment_id, recipe_id) VALUES ('6', '34');
INSERT INTO recipes_equipment (equipment_id, recipe_id) VALUES ('9', '34');
INSERT INTO recipes_equipment (equipment_id, recipe_id) VALUES ('20', '34');
INSERT INTO recipes_equipment (equipment_id, recipe_id) VALUES ('10', '34');
INSERT INTO recipes_equipment (equipment_id, recipe_id) VALUES ('19', '34');
INSERT INTO recipes_equipment (equipment_id, recipe_id) VALUES ('8', '35');
INSERT INTO recipes_equipment (equipment_id, recipe_id) VALUES ('7', '35');
INSERT INTO recipes_equipment (equipment_id, recipe_id) VALUES ('19', '35');
INSERT INTO recipes_equipment (equipment_id, recipe_id) VALUES ('5', '35');
INSERT INTO recipes_equipment (equipment_id, recipe_id) VALUES ('16', '35');
INSERT INTO recipes_equipment (equipment_id, recipe_id) VALUES ('14', '35');
INSERT INTO recipes_equipment (equipment_id, recipe_id) VALUES ('9', '35');
INSERT INTO recipes_equipment (equipment_id, recipe_id) VALUES ('18', '35');
INSERT INTO recipes_equipment (equipment_id, recipe_id) VALUES ('10', '35');
INSERT INTO recipes_equipment (equipment_id, recipe_id) VALUES ('12', '35');
INSERT INTO recipes_equipment (equipment_id, recipe_id) VALUES ('15', '35');
INSERT INTO recipes_equipment (equipment_id, recipe_id) VALUES ('11', '35');
INSERT INTO recipes_equipment (equipment_id, recipe_id) VALUES ('13', '35');
INSERT INTO recipes_equipment (equipment_id, recipe_id) VALUES ('1', '35');
INSERT INTO recipes_equipment (equipment_id, recipe_id) VALUES ('1', '36');
INSERT INTO recipes_equipment (equipment_id, recipe_id) VALUES ('6', '36');
INSERT INTO recipes_equipment (equipment_id, recipe_id) VALUES ('9', '36');
INSERT INTO recipes_equipment (equipment_id, recipe_id) VALUES ('18', '36');
INSERT INTO recipes_equipment (equipment_id, recipe_id) VALUES ('20', '36');
INSERT INTO recipes_equipment (equipment_id, recipe_id) VALUES ('10', '36');
INSERT INTO recipes_equipment (equipment_id, recipe_id) VALUES ('13', '36');
INSERT INTO recipes_equipment (equipment_id, recipe_id) VALUES ('17', '37');
INSERT INTO recipes_equipment (equipment_id, recipe_id) VALUES ('4', '37');
INSERT INTO recipes_equipment (equipment_id, recipe_id) VALUES ('5', '37');
INSERT INTO recipes_equipment (equipment_id, recipe_id) VALUES ('16', '37');
INSERT INTO recipes_equipment (equipment_id, recipe_id) VALUES ('13', '37');
INSERT INTO recipes_equipment (equipment_id, recipe_id) VALUES ('2', '37');
INSERT INTO recipes_equipment (equipment_id, recipe_id) VALUES ('9', '37');
INSERT INTO recipes_equipment (equipment_id, recipe_id) VALUES ('14', '37');
INSERT INTO recipes_equipment (equipment_id, recipe_id) VALUES ('6', '37');
INSERT INTO recipes_equipment (equipment_id, recipe_id) VALUES ('8', '37');
INSERT INTO recipes_equipment (equipment_id, recipe_id) VALUES ('1', '37');
INSERT INTO recipes_equipment (equipment_id, recipe_id) VALUES ('18', '37');
INSERT INTO recipes_equipment (equipment_id, recipe_id) VALUES ('20', '37');
INSERT INTO recipes_equipment (equipment_id, recipe_id) VALUES ('11', '37');
INSERT INTO recipes_equipment (equipment_id, recipe_id) VALUES ('7', '37');
INSERT INTO recipes_equipment (equipment_id, recipe_id) VALUES ('10', '37');
INSERT INTO recipes_equipment (equipment_id, recipe_id) VALUES ('15', '37');
INSERT INTO recipes_equipment (equipment_id, recipe_id) VALUES ('3', '37');
INSERT INTO recipes_equipment (equipment_id, recipe_id) VALUES ('12', '37');
INSERT INTO recipes_equipment (equipment_id, recipe_id) VALUES ('19', '37');
INSERT INTO recipes_equipment (equipment_id, recipe_id) VALUES ('20', '38');
INSERT INTO recipes_equipment (equipment_id, recipe_id) VALUES ('10', '38');
INSERT INTO recipes_equipment (equipment_id, recipe_id) VALUES ('17', '38');
INSERT INTO recipes_equipment (equipment_id, recipe_id) VALUES ('6', '38');
INSERT INTO recipes_equipment (equipment_id, recipe_id) VALUES ('14', '38');
INSERT INTO recipes_equipment (equipment_id, recipe_id) VALUES ('13', '38');
INSERT INTO recipes_equipment (equipment_id, recipe_id) VALUES ('2', '38');
INSERT INTO recipes_equipment (equipment_id, recipe_id) VALUES ('11', '38');
INSERT INTO recipes_equipment (equipment_id, recipe_id) VALUES ('18', '38');
INSERT INTO recipes_equipment (equipment_id, recipe_id) VALUES ('1', '38');
INSERT INTO recipes_equipment (equipment_id, recipe_id) VALUES ('9', '38');
INSERT INTO recipes_equipment (equipment_id, recipe_id) VALUES ('15', '38');
INSERT INTO recipes_equipment (equipment_id, recipe_id) VALUES ('4', '38');
INSERT INTO recipes_equipment (equipment_id, recipe_id) VALUES ('8', '38');
INSERT INTO recipes_equipment (equipment_id, recipe_id) VALUES ('8', '39');
INSERT INTO recipes_equipment (equipment_id, recipe_id) VALUES ('5', '39');
INSERT INTO recipes_equipment (equipment_id, recipe_id) VALUES ('1', '39');
INSERT INTO recipes_equipment (equipment_id, recipe_id) VALUES ('19', '39');
INSERT INTO recipes_equipment (equipment_id, recipe_id) VALUES ('2', '39');
INSERT INTO recipes_equipment (equipment_id, recipe_id) VALUES ('13', '39');
INSERT INTO recipes_equipment (equipment_id, recipe_id) VALUES ('12', '39');
INSERT INTO recipes_equipment (equipment_id, recipe_id) VALUES ('15', '39');
INSERT INTO recipes_equipment (equipment_id, recipe_id) VALUES ('11', '39');
INSERT INTO recipes_equipment (equipment_id, recipe_id) VALUES ('18', '39');
INSERT INTO recipes_equipment (equipment_id, recipe_id) VALUES ('7', '39');
INSERT INTO recipes_equipment (equipment_id, recipe_id) VALUES ('3', '39');
INSERT INTO recipes_equipment (equipment_id, recipe_id) VALUES ('20', '39');
INSERT INTO recipes_equipment (equipment_id, recipe_id) VALUES ('16', '40');
INSERT INTO recipes_equipment (equipment_id, recipe_id) VALUES ('13', '40');
INSERT INTO recipes_equipment (equipment_id, recipe_id) VALUES ('20', '40');
INSERT INTO recipes_equipment (equipment_id, recipe_id) VALUES ('2', '40');
INSERT INTO recipes_equipment (equipment_id, recipe_id) VALUES ('9', '40');
INSERT INTO recipes_equipment (equipment_id, recipe_id) VALUES ('7', '40');
INSERT INTO recipes_equipment (equipment_id, recipe_id) VALUES ('5', '40');
INSERT INTO recipes_equipment (equipment_id, recipe_id) VALUES ('14', '41');
INSERT INTO recipes_equipment (equipment_id, recipe_id) VALUES ('12', '41');
INSERT INTO recipes_equipment (equipment_id, recipe_id) VALUES ('15', '41');
INSERT INTO recipes_equipment (equipment_id, recipe_id) VALUES ('6', '41');
INSERT INTO recipes_equipment (equipment_id, recipe_id) VALUES ('3', '41');
INSERT INTO recipes_equipment (equipment_id, recipe_id) VALUES ('20', '41');
INSERT INTO recipes_equipment (equipment_id, recipe_id) VALUES ('10', '41');
INSERT INTO recipes_equipment (equipment_id, recipe_id) VALUES ('11', '41');
INSERT INTO recipes_equipment (equipment_id, recipe_id) VALUES ('19', '41');
INSERT INTO recipes_equipment (equipment_id, recipe_id) VALUES ('18', '41');
INSERT INTO recipes_equipment (equipment_id, recipe_id) VALUES ('9', '41');
INSERT INTO recipes_equipment (equipment_id, recipe_id) VALUES ('5', '41');
INSERT INTO recipes_equipment (equipment_id, recipe_id) VALUES ('4', '41');
INSERT INTO recipes_equipment (equipment_id, recipe_id) VALUES ('16', '41');
INSERT INTO recipes_equipment (equipment_id, recipe_id) VALUES ('17', '41');
INSERT INTO recipes_equipment (equipment_id, recipe_id) VALUES ('8', '41');
INSERT INTO recipes_equipment (equipment_id, recipe_id) VALUES ('13', '41');
INSERT INTO recipes_equipment (equipment_id, recipe_id) VALUES ('1', '41');
INSERT INTO recipes_equipment (equipment_id, recipe_id) VALUES ('2', '41');
INSERT INTO recipes_equipment (equipment_id, recipe_id) VALUES ('7', '41');
INSERT INTO recipes_equipment (equipment_id, recipe_id) VALUES ('14', '42');
INSERT INTO recipes_equipment (equipment_id, recipe_id) VALUES ('11', '42');
INSERT INTO recipes_equipment (equipment_id, recipe_id) VALUES ('16', '42');
INSERT INTO recipes_equipment (equipment_id, recipe_id) VALUES ('10', '42');
INSERT INTO recipes_equipment (equipment_id, recipe_id) VALUES ('2', '42');
INSERT INTO recipes_equipment (equipment_id, recipe_id) VALUES ('7', '42');
INSERT INTO recipes_equipment (equipment_id, recipe_id) VALUES ('19', '42');
INSERT INTO recipes_equipment (equipment_id, recipe_id) VALUES ('9', '42');
INSERT INTO recipes_equipment (equipment_id, recipe_id) VALUES ('6', '42');
INSERT INTO recipes_equipment (equipment_id, recipe_id) VALUES ('18', '42');
INSERT INTO recipes_equipment (equipment_id, recipe_id) VALUES ('15', '42');
INSERT INTO recipes_equipment (equipment_id, recipe_id) VALUES ('3', '42');
INSERT INTO recipes_equipment (equipment_id, recipe_id) VALUES ('17', '42');
INSERT INTO recipes_equipment (equipment_id, recipe_id) VALUES ('8', '42');
INSERT INTO recipes_equipment (equipment_id, recipe_id) VALUES ('1', '42');
INSERT INTO recipes_equipment (equipment_id, recipe_id) VALUES ('13', '42');
INSERT INTO recipes_equipment (equipment_id, recipe_id) VALUES ('17', '43');
INSERT INTO recipes_equipment (equipment_id, recipe_id) VALUES ('9', '43');
INSERT INTO recipes_equipment (equipment_id, recipe_id) VALUES ('15', '43');
INSERT INTO recipes_equipment (equipment_id, recipe_id) VALUES ('2', '43');
INSERT INTO recipes_equipment (equipment_id, recipe_id) VALUES ('6', '43');
INSERT INTO recipes_equipment (equipment_id, recipe_id) VALUES ('16', '43');
INSERT INTO recipes_equipment (equipment_id, recipe_id) VALUES ('14', '43');
INSERT INTO recipes_equipment (equipment_id, recipe_id) VALUES ('1', '43');
INSERT INTO recipes_equipment (equipment_id, recipe_id) VALUES ('4', '43');
INSERT INTO recipes_equipment (equipment_id, recipe_id) VALUES ('18', '43');
INSERT INTO recipes_equipment (equipment_id, recipe_id) VALUES ('19', '43');
INSERT INTO recipes_equipment (equipment_id, recipe_id) VALUES ('10', '43');
INSERT INTO recipes_equipment (equipment_id, recipe_id) VALUES ('11', '43');
INSERT INTO recipes_equipment (equipment_id, recipe_id) VALUES ('7', '43');
INSERT INTO recipes_equipment (equipment_id, recipe_id) VALUES ('3', '43');
INSERT INTO recipes_equipment (equipment_id, recipe_id) VALUES ('13', '43');
INSERT INTO recipes_equipment (equipment_id, recipe_id) VALUES ('8', '43');
INSERT INTO recipes_equipment (equipment_id, recipe_id) VALUES ('12', '43');
INSERT INTO recipes_equipment (equipment_id, recipe_id) VALUES ('20', '43');
INSERT INTO recipes_equipment (equipment_id, recipe_id) VALUES ('19', '44');
INSERT INTO recipes_equipment (equipment_id, recipe_id) VALUES ('7', '45');
INSERT INTO recipes_equipment (equipment_id, recipe_id) VALUES ('10', '46');
INSERT INTO recipes_equipment (equipment_id, recipe_id) VALUES ('19', '46');
INSERT INTO recipes_equipment (equipment_id, recipe_id) VALUES ('2', '46');
INSERT INTO recipes_equipment (equipment_id, recipe_id) VALUES ('4', '46');
INSERT INTO recipes_equipment (equipment_id, recipe_id) VALUES ('13', '46');
INSERT INTO recipes_equipment (equipment_id, recipe_id) VALUES ('3', '46');
INSERT INTO recipes_equipment (equipment_id, recipe_id) VALUES ('15', '46');
INSERT INTO recipes_equipment (equipment_id, recipe_id) VALUES ('5', '46');
INSERT INTO recipes_equipment (equipment_id, recipe_id) VALUES ('11', '46');
INSERT INTO recipes_equipment (equipment_id, recipe_id) VALUES ('9', '46');
INSERT INTO recipes_equipment (equipment_id, recipe_id) VALUES ('14', '46');
INSERT INTO recipes_equipment (equipment_id, recipe_id) VALUES ('16', '46');
INSERT INTO recipes_equipment (equipment_id, recipe_id) VALUES ('6', '46');
INSERT INTO recipes_equipment (equipment_id, recipe_id) VALUES ('13', '47');
INSERT INTO recipes_equipment (equipment_id, recipe_id) VALUES ('2', '47');
INSERT INTO recipes_equipment (equipment_id, recipe_id) VALUES ('15', '48');
INSERT INTO recipes_equipment (equipment_id, recipe_id) VALUES ('18', '48');
INSERT INTO recipes_equipment (equipment_id, recipe_id) VALUES ('4', '48');
INSERT INTO recipes_equipment (equipment_id, recipe_id) VALUES ('20', '48');
INSERT INTO recipes_equipment (equipment_id, recipe_id) VALUES ('7', '48');
INSERT INTO recipes_equipment (equipment_id, recipe_id) VALUES ('19', '48');
INSERT INTO recipes_equipment (equipment_id, recipe_id) VALUES ('12', '48');
INSERT INTO recipes_equipment (equipment_id, recipe_id) VALUES ('6', '48');
INSERT INTO recipes_equipment (equipment_id, recipe_id) VALUES ('17', '48');
INSERT INTO recipes_equipment (equipment_id, recipe_id) VALUES ('16', '48');
INSERT INTO recipes_equipment (equipment_id, recipe_id) VALUES ('11', '48');
INSERT INTO recipes_equipment (equipment_id, recipe_id) VALUES ('5', '48');
INSERT INTO recipes_equipment (equipment_id, recipe_id) VALUES ('2', '48');
INSERT INTO recipes_equipment (equipment_id, recipe_id) VALUES ('1', '48');
INSERT INTO recipes_equipment (equipment_id, recipe_id) VALUES ('10', '48');
INSERT INTO recipes_equipment (equipment_id, recipe_id) VALUES ('9', '48');
INSERT INTO recipes_equipment (equipment_id, recipe_id) VALUES ('8', '48');
INSERT INTO recipes_equipment (equipment_id, recipe_id) VALUES ('13', '48');
INSERT INTO recipes_equipment (equipment_id, recipe_id) VALUES ('10', '49');
INSERT INTO recipes_equipment (equipment_id, recipe_id) VALUES ('9', '49');
INSERT INTO recipes_equipment (equipment_id, recipe_id) VALUES ('2', '49');
INSERT INTO recipes_equipment (equipment_id, recipe_id) VALUES ('15', '49');
INSERT INTO recipes_equipment (equipment_id, recipe_id) VALUES ('17', '49');
INSERT INTO recipes_equipment (equipment_id, recipe_id) VALUES ('16', '50');
INSERT INTO recipes_equipment (equipment_id, recipe_id) VALUES ('20', '51');
INSERT INTO recipes_equipment (equipment_id, recipe_id) VALUES ('1', '51');
INSERT INTO recipes_equipment (equipment_id, recipe_id) VALUES ('5', '51');
INSERT INTO recipes_equipment (equipment_id, recipe_id) VALUES ('16', '51');
INSERT INTO recipes_equipment (equipment_id, recipe_id) VALUES ('7', '51');
INSERT INTO recipes_equipment (equipment_id, recipe_id) VALUES ('6', '51');
INSERT INTO recipes_equipment (equipment_id, recipe_id) VALUES ('11', '51');
INSERT INTO recipes_equipment (equipment_id, recipe_id) VALUES ('13', '51');
INSERT INTO recipes_equipment (equipment_id, recipe_id) VALUES ('19', '51');
INSERT INTO recipes_equipment (equipment_id, recipe_id) VALUES ('2', '51');
INSERT INTO recipes_equipment (equipment_id, recipe_id) VALUES ('4', '51');
INSERT INTO recipes_equipment (equipment_id, recipe_id) VALUES ('9', '51');
INSERT INTO recipes_equipment (equipment_id, recipe_id) VALUES ('10', '51');
INSERT INTO recipes_equipment (equipment_id, recipe_id) VALUES ('12', '51');
INSERT INTO recipes_equipment (equipment_id, recipe_id) VALUES ('8', '51');
INSERT INTO recipes_equipment (equipment_id, recipe_id) VALUES ('18', '51');
INSERT INTO recipes_equipment (equipment_id, recipe_id) VALUES ('17', '52');
INSERT INTO recipes_equipment (equipment_id, recipe_id) VALUES ('3', '52');
INSERT INTO recipes_equipment (equipment_id, recipe_id) VALUES ('5', '52');
INSERT INTO recipes_equipment (equipment_id, recipe_id) VALUES ('14', '52');
INSERT INTO recipes_equipment (equipment_id, recipe_id) VALUES ('7', '52');
INSERT INTO recipes_equipment (equipment_id, recipe_id) VALUES ('1', '52');
INSERT INTO recipes_equipment (equipment_id, recipe_id) VALUES ('9', '52');
INSERT INTO recipes_equipment (equipment_id, recipe_id) VALUES ('12', '52');
INSERT INTO recipes_equipment (equipment_id, recipe_id) VALUES ('8', '52');
INSERT INTO recipes_equipment (equipment_id, recipe_id) VALUES ('16', '52');
INSERT INTO recipes_equipment (equipment_id, recipe_id) VALUES ('18', '52');
INSERT INTO recipes_equipment (equipment_id, recipe_id) VALUES ('6', '52');
INSERT INTO recipes_equipment (equipment_id, recipe_id) VALUES ('20', '52');
INSERT INTO recipes_equipment (equipment_id, recipe_id) VALUES ('18', '53');
INSERT INTO recipes_equipment (equipment_id, recipe_id) VALUES ('5', '53');
INSERT INTO recipes_equipment (equipment_id, recipe_id) VALUES ('4', '53');
INSERT INTO recipes_equipment (equipment_id, recipe_id) VALUES ('13', '53');
INSERT INTO recipes_equipment (equipment_id, recipe_id) VALUES ('10', '53');
INSERT INTO recipes_equipment (equipment_id, recipe_id) VALUES ('11', '53');
INSERT INTO recipes_equipment (equipment_id, recipe_id) VALUES ('2', '53');
INSERT INTO recipes_equipment (equipment_id, recipe_id) VALUES ('12', '53');
INSERT INTO recipes_equipment (equipment_id, recipe_id) VALUES ('6', '53');
INSERT INTO recipes_equipment (equipment_id, recipe_id) VALUES ('17', '53');
INSERT INTO recipes_equipment (equipment_id, recipe_id) VALUES ('16', '53');
INSERT INTO recipes_equipment (equipment_id, recipe_id) VALUES ('14', '53');
INSERT INTO recipes_equipment (equipment_id, recipe_id) VALUES ('9', '53');
INSERT INTO recipes_equipment (equipment_id, recipe_id) VALUES ('1', '53');
INSERT INTO recipes_equipment (equipment_id, recipe_id) VALUES ('7', '53');
INSERT INTO recipes_equipment (equipment_id, recipe_id) VALUES ('20', '53');
INSERT INTO recipes_equipment (equipment_id, recipe_id) VALUES ('19', '53');
INSERT INTO recipes_equipment (equipment_id, recipe_id) VALUES ('15', '53');
INSERT INTO recipes_equipment (equipment_id, recipe_id) VALUES ('8', '53');
INSERT INTO recipes_equipment (equipment_id, recipe_id) VALUES ('3', '53');
INSERT INTO recipes_equipment (equipment_id, recipe_id) VALUES ('9', '54');
INSERT INTO recipes_equipment (equipment_id, recipe_id) VALUES ('4', '54');
INSERT INTO recipes_equipment (equipment_id, recipe_id) VALUES ('10', '54');
INSERT INTO recipes_equipment (equipment_id, recipe_id) VALUES ('14', '54');
INSERT INTO recipes_equipment (equipment_id, recipe_id) VALUES ('5', '54');
INSERT INTO recipes_equipment (equipment_id, recipe_id) VALUES ('6', '54');
INSERT INTO recipes_equipment (equipment_id, recipe_id) VALUES ('12', '54');
INSERT INTO recipes_equipment (equipment_id, recipe_id) VALUES ('7', '54');
INSERT INTO recipes_equipment (equipment_id, recipe_id) VALUES ('15', '54');
INSERT INTO recipes_equipment (equipment_id, recipe_id) VALUES ('17', '54');
INSERT INTO recipes_equipment (equipment_id, recipe_id) VALUES ('16', '54');
INSERT INTO recipes_equipment (equipment_id, recipe_id) VALUES ('18', '54');
INSERT INTO recipes_equipment (equipment_id, recipe_id) VALUES ('1', '54');
INSERT INTO recipes_equipment (equipment_id, recipe_id) VALUES ('2', '54');
INSERT INTO recipes_equipment (equipment_id, recipe_id) VALUES ('8', '54');
INSERT INTO recipes_equipment (equipment_id, recipe_id) VALUES ('3', '55');
INSERT INTO recipes_equipment (equipment_id, recipe_id) VALUES ('19', '55');
INSERT INTO recipes_equipment (equipment_id, recipe_id) VALUES ('12', '55');
INSERT INTO recipes_equipment (equipment_id, recipe_id) VALUES ('11', '56');
INSERT INTO recipes_equipment (equipment_id, recipe_id) VALUES ('16', '56');
INSERT INTO recipes_equipment (equipment_id, recipe_id) VALUES ('2', '56');
INSERT INTO recipes_equipment (equipment_id, recipe_id) VALUES ('7', '56');
INSERT INTO recipes_equipment (equipment_id, recipe_id) VALUES ('6', '56');
INSERT INTO recipes_equipment (equipment_id, recipe_id) VALUES ('17', '56');
INSERT INTO recipes_equipment (equipment_id, recipe_id) VALUES ('18', '56');
INSERT INTO recipes_equipment (equipment_id, recipe_id) VALUES ('13', '56');
INSERT INTO recipes_equipment (equipment_id, recipe_id) VALUES ('3', '56');
INSERT INTO recipes_equipment (equipment_id, recipe_id) VALUES ('20', '56');
INSERT INTO recipes_equipment (equipment_id, recipe_id) VALUES ('14', '56');
INSERT INTO recipes_equipment (equipment_id, recipe_id) VALUES ('10', '56');
INSERT INTO recipes_equipment (equipment_id, recipe_id) VALUES ('15', '56');
INSERT INTO recipes_equipment (equipment_id, recipe_id) VALUES ('10', '57');
INSERT INTO recipes_equipment (equipment_id, recipe_id) VALUES ('15', '57');
INSERT INTO recipes_equipment (equipment_id, recipe_id) VALUES ('14', '57');
INSERT INTO recipes_equipment (equipment_id, recipe_id) VALUES ('1', '57');
INSERT INTO recipes_equipment (equipment_id, recipe_id) VALUES ('4', '57');
INSERT INTO recipes_equipment (equipment_id, recipe_id) VALUES ('2', '57');
INSERT INTO recipes_equipment (equipment_id, recipe_id) VALUES ('16', '57');
INSERT INTO recipes_equipment (equipment_id, recipe_id) VALUES ('12', '57');
INSERT INTO recipes_equipment (equipment_id, recipe_id) VALUES ('9', '57');
INSERT INTO recipes_equipment (equipment_id, recipe_id) VALUES ('11', '57');
INSERT INTO recipes_equipment (equipment_id, recipe_id) VALUES ('13', '57');
INSERT INTO recipes_equipment (equipment_id, recipe_id) VALUES ('5', '57');
INSERT INTO recipes_equipment (equipment_id, recipe_id) VALUES ('19', '57');
INSERT INTO recipes_equipment (equipment_id, recipe_id) VALUES ('6', '57');
INSERT INTO recipes_equipment (equipment_id, recipe_id) VALUES ('8', '57');
INSERT INTO recipes_equipment (equipment_id, recipe_id) VALUES ('20', '57');
INSERT INTO recipes_equipment (equipment_id, recipe_id) VALUES ('7', '57');
INSERT INTO recipes_equipment (equipment_id, recipe_id) VALUES ('17', '57');
INSERT INTO recipes_equipment (equipment_id, recipe_id) VALUES ('18', '57');
INSERT INTO recipes_equipment (equipment_id, recipe_id) VALUES ('3', '57');
INSERT INTO recipes_equipment (equipment_id, recipe_id) VALUES ('20', '58');
INSERT INTO recipes_equipment (equipment_id, recipe_id) VALUES ('8', '58');
INSERT INTO recipes_equipment (equipment_id, recipe_id) VALUES ('2', '58');
INSERT INTO recipes_equipment (equipment_id, recipe_id) VALUES ('19', '58');
INSERT INTO recipes_equipment (equipment_id, recipe_id) VALUES ('13', '58');
INSERT INTO recipes_equipment (equipment_id, recipe_id) VALUES ('9', '58');
INSERT INTO recipes_equipment (equipment_id, recipe_id) VALUES ('3', '58');
INSERT INTO recipes_equipment (equipment_id, recipe_id) VALUES ('1', '59');
INSERT INTO recipes_equipment (equipment_id, recipe_id) VALUES ('13', '59');
INSERT INTO recipes_equipment (equipment_id, recipe_id) VALUES ('9', '59');
INSERT INTO recipes_equipment (equipment_id, recipe_id) VALUES ('12', '59');
INSERT INTO recipes_equipment (equipment_id, recipe_id) VALUES ('10', '59');
INSERT INTO recipes_equipment (equipment_id, recipe_id) VALUES ('2', '59');
INSERT INTO recipes_equipment (equipment_id, recipe_id) VALUES ('16', '59');
INSERT INTO recipes_equipment (equipment_id, recipe_id) VALUES ('15', '59');
INSERT INTO recipes_equipment (equipment_id, recipe_id) VALUES ('6', '59');
INSERT INTO recipes_equipment (equipment_id, recipe_id) VALUES ('3', '59');
INSERT INTO recipes_equipment (equipment_id, recipe_id) VALUES ('17', '59');
INSERT INTO recipes_equipment (equipment_id, recipe_id) VALUES ('18', '59');
INSERT INTO recipes_equipment (equipment_id, recipe_id) VALUES ('14', '59');
INSERT INTO recipes_equipment (equipment_id, recipe_id) VALUES ('19', '59');
INSERT INTO recipes_equipment (equipment_id, recipe_id) VALUES ('15', '60');
INSERT INTO recipes_equipment (equipment_id, recipe_id) VALUES ('3', '60');
INSERT INTO recipes_equipment (equipment_id, recipe_id) VALUES ('14', '60');
INSERT INTO recipes_equipment (equipment_id, recipe_id) VALUES ('17', '60');
INSERT INTO recipes_equipment (equipment_id, recipe_id) VALUES ('2', '60');
INSERT INTO recipes_equipment (equipment_id, recipe_id) VALUES ('8', '60');
INSERT INTO recipes_equipment (equipment_id, recipe_id) VALUES ('9', '60');
INSERT INTO recipes_equipment (equipment_id, recipe_id) VALUES ('12', '60');
INSERT INTO recipes_equipment (equipment_id, recipe_id) VALUES ('4', '60');
INSERT INTO recipes_equipment (equipment_id, recipe_id) VALUES ('19', '60');
INSERT INTO recipes_equipment (equipment_id, recipe_id) VALUES ('7', '61');
INSERT INTO recipes_equipment (equipment_id, recipe_id) VALUES ('19', '61');
INSERT INTO recipes_equipment (equipment_id, recipe_id) VALUES ('4', '61');
INSERT INTO recipes_equipment (equipment_id, recipe_id) VALUES ('18', '61');
INSERT INTO recipes_equipment (equipment_id, recipe_id) VALUES ('5', '61');
INSERT INTO recipes_equipment (equipment_id, recipe_id) VALUES ('17', '61');
INSERT INTO recipes_equipment (equipment_id, recipe_id) VALUES ('9', '61');
INSERT INTO recipes_equipment (equipment_id, recipe_id) VALUES ('13', '61');
INSERT INTO recipes_equipment (equipment_id, recipe_id) VALUES ('8', '61');
INSERT INTO recipes_equipment (equipment_id, recipe_id) VALUES ('10', '61');
INSERT INTO recipes_equipment (equipment_id, recipe_id) VALUES ('11', '61');
INSERT INTO recipes_equipment (equipment_id, recipe_id) VALUES ('14', '61');
INSERT INTO recipes_equipment (equipment_id, recipe_id) VALUES ('6', '61');
INSERT INTO recipes_equipment (equipment_id, recipe_id) VALUES ('15', '61');
INSERT INTO recipes_equipment (equipment_id, recipe_id) VALUES ('1', '61');
INSERT INTO recipes_equipment (equipment_id, recipe_id) VALUES ('12', '61');
INSERT INTO recipes_equipment (equipment_id, recipe_id) VALUES ('3', '61');
INSERT INTO recipes_equipment (equipment_id, recipe_id) VALUES ('20', '61');
INSERT INTO recipes_equipment (equipment_id, recipe_id) VALUES ('3', '62');
INSERT INTO recipes_equipment (equipment_id, recipe_id) VALUES ('2', '62');
INSERT INTO recipes_equipment (equipment_id, recipe_id) VALUES ('20', '62');
INSERT INTO recipes_equipment (equipment_id, recipe_id) VALUES ('12', '62');
INSERT INTO recipes_equipment (equipment_id, recipe_id) VALUES ('17', '62');
INSERT INTO recipes_equipment (equipment_id, recipe_id) VALUES ('8', '62');
INSERT INTO recipes_equipment (equipment_id, recipe_id) VALUES ('11', '62');
INSERT INTO recipes_equipment (equipment_id, recipe_id) VALUES ('14', '62');
INSERT INTO recipes_equipment (equipment_id, recipe_id) VALUES ('7', '62');
INSERT INTO recipes_equipment (equipment_id, recipe_id) VALUES ('15', '62');
INSERT INTO recipes_equipment (equipment_id, recipe_id) VALUES ('6', '62');
INSERT INTO recipes_equipment (equipment_id, recipe_id) VALUES ('16', '62');
INSERT INTO recipes_equipment (equipment_id, recipe_id) VALUES ('4', '62');
INSERT INTO recipes_equipment (equipment_id, recipe_id) VALUES ('9', '62');
INSERT INTO recipes_equipment (equipment_id, recipe_id) VALUES ('10', '62');
INSERT INTO recipes_equipment (equipment_id, recipe_id) VALUES ('19', '62');
INSERT INTO recipes_equipment (equipment_id, recipe_id) VALUES ('5', '62');
INSERT INTO recipes_equipment (equipment_id, recipe_id) VALUES ('16', '63');
INSERT INTO recipes_equipment (equipment_id, recipe_id) VALUES ('13', '63');
INSERT INTO recipes_equipment (equipment_id, recipe_id) VALUES ('6', '63');
INSERT INTO recipes_equipment (equipment_id, recipe_id) VALUES ('4', '63');
INSERT INTO recipes_equipment (equipment_id, recipe_id) VALUES ('11', '63');
INSERT INTO recipes_equipment (equipment_id, recipe_id) VALUES ('17', '63');
INSERT INTO recipes_equipment (equipment_id, recipe_id) VALUES ('14', '63');
INSERT INTO recipes_equipment (equipment_id, recipe_id) VALUES ('2', '63');
INSERT INTO recipes_equipment (equipment_id, recipe_id) VALUES ('1', '63');
INSERT INTO recipes_equipment (equipment_id, recipe_id) VALUES ('19', '63');
INSERT INTO recipes_equipment (equipment_id, recipe_id) VALUES ('7', '63');
INSERT INTO recipes_equipment (equipment_id, recipe_id) VALUES ('4', '64');
INSERT INTO recipes_equipment (equipment_id, recipe_id) VALUES ('19', '64');
INSERT INTO recipes_equipment (equipment_id, recipe_id) VALUES ('13', '64');
INSERT INTO recipes_equipment (equipment_id, recipe_id) VALUES ('1', '64');
INSERT INTO recipes_equipment (equipment_id, recipe_id) VALUES ('11', '64');
INSERT INTO recipes_equipment (equipment_id, recipe_id) VALUES ('9', '64');
INSERT INTO recipes_equipment (equipment_id, recipe_id) VALUES ('6', '64');
INSERT INTO recipes_equipment (equipment_id, recipe_id) VALUES ('15', '64');
INSERT INTO recipes_equipment (equipment_id, recipe_id) VALUES ('2', '64');
INSERT INTO recipes_equipment (equipment_id, recipe_id) VALUES ('16', '64');
INSERT INTO recipes_equipment (equipment_id, recipe_id) VALUES ('3', '64');
INSERT INTO recipes_equipment (equipment_id, recipe_id) VALUES ('20', '64');
INSERT INTO recipes_equipment (equipment_id, recipe_id) VALUES ('5', '64');
INSERT INTO recipes_equipment (equipment_id, recipe_id) VALUES ('14', '64');
INSERT INTO recipes_equipment (equipment_id, recipe_id) VALUES ('12', '64');
INSERT INTO recipes_equipment (equipment_id, recipe_id) VALUES ('7', '64');
INSERT INTO recipes_equipment (equipment_id, recipe_id) VALUES ('10', '64');
INSERT INTO recipes_equipment (equipment_id, recipe_id) VALUES ('18', '65');
INSERT INTO recipes_equipment (equipment_id, recipe_id) VALUES ('5', '66');
INSERT INTO recipes_equipment (equipment_id, recipe_id) VALUES ('3', '67');
INSERT INTO recipes_equipment (equipment_id, recipe_id) VALUES ('18', '67');
INSERT INTO recipes_equipment (equipment_id, recipe_id) VALUES ('19', '67');
INSERT INTO recipes_equipment (equipment_id, recipe_id) VALUES ('13', '67');
INSERT INTO recipes_equipment (equipment_id, recipe_id) VALUES ('20', '67');
INSERT INTO recipes_equipment (equipment_id, recipe_id) VALUES ('17', '67');
INSERT INTO recipes_equipment (equipment_id, recipe_id) VALUES ('16', '67');
INSERT INTO recipes_equipment (equipment_id, recipe_id) VALUES ('12', '67');
INSERT INTO recipes_equipment (equipment_id, recipe_id) VALUES ('15', '67');
INSERT INTO recipes_equipment (equipment_id, recipe_id) VALUES ('9', '68');
INSERT INTO recipes_equipment (equipment_id, recipe_id) VALUES ('13', '68');
INSERT INTO recipes_equipment (equipment_id, recipe_id) VALUES ('14', '68');
INSERT INTO recipes_equipment (equipment_id, recipe_id) VALUES ('7', '68');
INSERT INTO recipes_equipment (equipment_id, recipe_id) VALUES ('5', '68');
INSERT INTO recipes_equipment (equipment_id, recipe_id) VALUES ('17', '68');
INSERT INTO recipes_equipment (equipment_id, recipe_id) VALUES ('2', '68');
INSERT INTO recipes_equipment (equipment_id, recipe_id) VALUES ('12', '68');
INSERT INTO recipes_equipment (equipment_id, recipe_id) VALUES ('8', '68');
INSERT INTO recipes_equipment (equipment_id, recipe_id) VALUES ('18', '68');
INSERT INTO recipes_equipment (equipment_id, recipe_id) VALUES ('11', '68');
INSERT INTO recipes_equipment (equipment_id, recipe_id) VALUES ('19', '68');
INSERT INTO recipes_equipment (equipment_id, recipe_id) VALUES ('16', '68');
INSERT INTO recipes_equipment (equipment_id, recipe_id) VALUES ('15', '69');
INSERT INTO recipes_equipment (equipment_id, recipe_id) VALUES ('20', '69');
INSERT INTO recipes_equipment (equipment_id, recipe_id) VALUES ('6', '69');
INSERT INTO recipes_equipment (equipment_id, recipe_id) VALUES ('14', '69');
INSERT INTO recipes_equipment (equipment_id, recipe_id) VALUES ('5', '69');
INSERT INTO recipes_equipment (equipment_id, recipe_id) VALUES ('8', '69');
INSERT INTO recipes_equipment (equipment_id, recipe_id) VALUES ('1', '69');
INSERT INTO recipes_equipment (equipment_id, recipe_id) VALUES ('2', '69');
INSERT INTO recipes_equipment (equipment_id, recipe_id) VALUES ('9', '69');
INSERT INTO recipes_equipment (equipment_id, recipe_id) VALUES ('16', '69');
INSERT INTO recipes_equipment (equipment_id, recipe_id) VALUES ('12', '69');
INSERT INTO recipes_equipment (equipment_id, recipe_id) VALUES ('10', '69');
INSERT INTO recipes_equipment (equipment_id, recipe_id) VALUES ('7', '69');
INSERT INTO recipes_equipment (equipment_id, recipe_id) VALUES ('19', '69');
INSERT INTO recipes_equipment (equipment_id, recipe_id) VALUES ('17', '69');
INSERT INTO recipes_equipment (equipment_id, recipe_id) VALUES ('18', '69');
INSERT INTO recipes_equipment (equipment_id, recipe_id) VALUES ('4', '69');
INSERT INTO recipes_equipment (equipment_id, recipe_id) VALUES ('13', '70');
INSERT INTO recipes_equipment (equipment_id, recipe_id) VALUES ('5', '70');
INSERT INTO recipes_equipment (equipment_id, recipe_id) VALUES ('3', '70');
INSERT INTO recipes_equipment (equipment_id, recipe_id) VALUES ('17', '70');
INSERT INTO recipes_equipment (equipment_id, recipe_id) VALUES ('8', '70');
INSERT INTO recipes_equipment (equipment_id, recipe_id) VALUES ('11', '70');
INSERT INTO recipes_equipment (equipment_id, recipe_id) VALUES ('10', '70');
INSERT INTO recipes_equipment (equipment_id, recipe_id) VALUES ('18', '70');
INSERT INTO recipes_equipment (equipment_id, recipe_id) VALUES ('20', '70');
INSERT INTO recipes_equipment (equipment_id, recipe_id) VALUES ('6', '70');
INSERT INTO recipes_equipment (equipment_id, recipe_id) VALUES ('7', '70');
INSERT INTO recipes_equipment (equipment_id, recipe_id) VALUES ('15', '70');
INSERT INTO recipes_equipment (equipment_id, recipe_id) VALUES ('12', '70');
INSERT INTO recipes_equipment (equipment_id, recipe_id) VALUES ('16', '70');
INSERT INTO recipes_equipment (equipment_id, recipe_id) VALUES ('4', '70');
INSERT INTO recipes_equipment (equipment_id, recipe_id) VALUES ('14', '70');
INSERT INTO recipes_equipment (equipment_id, recipe_id) VALUES ('2', '70');
INSERT INTO recipes_equipment (equipment_id, recipe_id) VALUES ('3', '71');
INSERT INTO recipes_equipment (equipment_id, recipe_id) VALUES ('13', '71');
INSERT INTO recipes_equipment (equipment_id, recipe_id) VALUES ('12', '71');
INSERT INTO recipes_equipment (equipment_id, recipe_id) VALUES ('8', '71');
INSERT INTO recipes_equipment (equipment_id, recipe_id) VALUES ('19', '71');
INSERT INTO recipes_equipment (equipment_id, recipe_id) VALUES ('5', '71');
INSERT INTO recipes_equipment (equipment_id, recipe_id) VALUES ('9', '71');
INSERT INTO recipes_equipment (equipment_id, recipe_id) VALUES ('6', '71');
INSERT INTO recipes_equipment (equipment_id, recipe_id) VALUES ('18', '71');
INSERT INTO recipes_equipment (equipment_id, recipe_id) VALUES ('14', '71');
INSERT INTO recipes_equipment (equipment_id, recipe_id) VALUES ('20', '71');
INSERT INTO recipes_equipment (equipment_id, recipe_id) VALUES ('3', '72');
INSERT INTO recipes_equipment (equipment_id, recipe_id) VALUES ('15', '72');
INSERT INTO recipes_equipment (equipment_id, recipe_id) VALUES ('1', '72');
INSERT INTO recipes_equipment (equipment_id, recipe_id) VALUES ('7', '72');
INSERT INTO recipes_equipment (equipment_id, recipe_id) VALUES ('5', '72');
INSERT INTO recipes_equipment (equipment_id, recipe_id) VALUES ('14', '72');
INSERT INTO recipes_equipment (equipment_id, recipe_id) VALUES ('19', '72');
INSERT INTO recipes_equipment (equipment_id, recipe_id) VALUES ('16', '72');
INSERT INTO recipes_equipment (equipment_id, recipe_id) VALUES ('8', '72');
INSERT INTO recipes_equipment (equipment_id, recipe_id) VALUES ('20', '72');
INSERT INTO recipes_equipment (equipment_id, recipe_id) VALUES ('8', '73');
INSERT INTO recipes_equipment (equipment_id, recipe_id) VALUES ('19', '73');
INSERT INTO recipes_equipment (equipment_id, recipe_id) VALUES ('10', '73');
INSERT INTO recipes_equipment (equipment_id, recipe_id) VALUES ('13', '73');
INSERT INTO recipes_equipment (equipment_id, recipe_id) VALUES ('3', '73');
INSERT INTO recipes_equipment (equipment_id, recipe_id) VALUES ('14', '73');
INSERT INTO recipes_equipment (equipment_id, recipe_id) VALUES ('17', '73');
INSERT INTO recipes_equipment (equipment_id, recipe_id) VALUES ('9', '73');
INSERT INTO recipes_equipment (equipment_id, recipe_id) VALUES ('2', '73');
INSERT INTO recipes_equipment (equipment_id, recipe_id) VALUES ('4', '73');
INSERT INTO recipes_equipment (equipment_id, recipe_id) VALUES ('12', '73');
INSERT INTO recipes_equipment (equipment_id, recipe_id) VALUES ('9', '74');
INSERT INTO recipes_equipment (equipment_id, recipe_id) VALUES ('3', '74');
INSERT INTO recipes_equipment (equipment_id, recipe_id) VALUES ('7', '74');
INSERT INTO recipes_equipment (equipment_id, recipe_id) VALUES ('1', '74');
INSERT INTO recipes_equipment (equipment_id, recipe_id) VALUES ('18', '74');
INSERT INTO recipes_equipment (equipment_id, recipe_id) VALUES ('14', '74');
INSERT INTO recipes_equipment (equipment_id, recipe_id) VALUES ('6', '74');
INSERT INTO recipes_equipment (equipment_id, recipe_id) VALUES ('20', '74');
INSERT INTO recipes_equipment (equipment_id, recipe_id) VALUES ('19', '75');
INSERT INTO recipes_equipment (equipment_id, recipe_id) VALUES ('11', '75');
INSERT INTO recipes_equipment (equipment_id, recipe_id) VALUES ('9', '75');
INSERT INTO recipes_equipment (equipment_id, recipe_id) VALUES ('8', '75');
INSERT INTO recipes_equipment (equipment_id, recipe_id) VALUES ('10', '75');
INSERT INTO recipes_equipment (equipment_id, recipe_id) VALUES ('2', '75');
INSERT INTO recipes_equipment (equipment_id, recipe_id) VALUES ('18', '75');
INSERT INTO recipes_equipment (equipment_id, recipe_id) VALUES ('12', '75');
INSERT INTO recipes_equipment (equipment_id, recipe_id) VALUES ('20', '75');
INSERT INTO recipes_equipment (equipment_id, recipe_id) VALUES ('7', '76');
INSERT INTO recipes_equipment (equipment_id, recipe_id) VALUES ('11', '76');
INSERT INTO recipes_equipment (equipment_id, recipe_id) VALUES ('5', '76');
INSERT INTO recipes_equipment (equipment_id, recipe_id) VALUES ('2', '76');
INSERT INTO recipes_equipment (equipment_id, recipe_id) VALUES ('16', '76');
INSERT INTO recipes_equipment (equipment_id, recipe_id) VALUES ('18', '76');
INSERT INTO recipes_equipment (equipment_id, recipe_id) VALUES ('1', '76');
INSERT INTO recipes_equipment (equipment_id, recipe_id) VALUES ('3', '76');
INSERT INTO recipes_equipment (equipment_id, recipe_id) VALUES ('13', '76');
INSERT INTO recipes_equipment (equipment_id, recipe_id) VALUES ('6', '76');
INSERT INTO recipes_equipment (equipment_id, recipe_id) VALUES ('19', '77');
INSERT INTO recipes_equipment (equipment_id, recipe_id) VALUES ('18', '77');
INSERT INTO recipes_equipment (equipment_id, recipe_id) VALUES ('6', '77');
INSERT INTO recipes_equipment (equipment_id, recipe_id) VALUES ('4', '77');
INSERT INTO recipes_equipment (equipment_id, recipe_id) VALUES ('2', '77');
INSERT INTO recipes_equipment (equipment_id, recipe_id) VALUES ('3', '77');
INSERT INTO recipes_equipment (equipment_id, recipe_id) VALUES ('15', '77');
INSERT INTO recipes_equipment (equipment_id, recipe_id) VALUES ('11', '77');
INSERT INTO recipes_equipment (equipment_id, recipe_id) VALUES ('10', '77');
INSERT INTO recipes_equipment (equipment_id, recipe_id) VALUES ('8', '77');
INSERT INTO recipes_equipment (equipment_id, recipe_id) VALUES ('13', '77');
INSERT INTO recipes_equipment (equipment_id, recipe_id) VALUES ('20', '77');
INSERT INTO recipes_equipment (equipment_id, recipe_id) VALUES ('16', '77');
INSERT INTO recipes_equipment (equipment_id, recipe_id) VALUES ('14', '77');
INSERT INTO recipes_equipment (equipment_id, recipe_id) VALUES ('1', '77');
INSERT INTO recipes_equipment (equipment_id, recipe_id) VALUES ('12', '77');
INSERT INTO recipes_equipment (equipment_id, recipe_id) VALUES ('5', '77');
INSERT INTO recipes_equipment (equipment_id, recipe_id) VALUES ('9', '77');
INSERT INTO recipes_equipment (equipment_id, recipe_id) VALUES ('7', '77');
INSERT INTO recipes_equipment (equipment_id, recipe_id) VALUES ('18', '78');
INSERT INTO recipes_equipment (equipment_id, recipe_id) VALUES ('5', '78');
INSERT INTO recipes_equipment (equipment_id, recipe_id) VALUES ('8', '78');
INSERT INTO recipes_equipment (equipment_id, recipe_id) VALUES ('2', '78');
INSERT INTO recipes_equipment (equipment_id, recipe_id) VALUES ('17', '78');
INSERT INTO recipes_equipment (equipment_id, recipe_id) VALUES ('19', '78');
INSERT INTO recipes_equipment (equipment_id, recipe_id) VALUES ('1', '78');
INSERT INTO recipes_equipment (equipment_id, recipe_id) VALUES ('3', '78');
INSERT INTO recipes_equipment (equipment_id, recipe_id) VALUES ('6', '78');
INSERT INTO recipes_equipment (equipment_id, recipe_id) VALUES ('12', '78');
INSERT INTO recipes_equipment (equipment_id, recipe_id) VALUES ('7', '78');
INSERT INTO recipes_equipment (equipment_id, recipe_id) VALUES ('14', '78');
INSERT INTO recipes_equipment (equipment_id, recipe_id) VALUES ('13', '78');
INSERT INTO recipes_equipment (equipment_id, recipe_id) VALUES ('14', '79');
INSERT INTO recipes_equipment (equipment_id, recipe_id) VALUES ('1', '79');
INSERT INTO recipes_equipment (equipment_id, recipe_id) VALUES ('11', '79');
INSERT INTO recipes_equipment (equipment_id, recipe_id) VALUES ('18', '79');
INSERT INTO recipes_equipment (equipment_id, recipe_id) VALUES ('16', '79');
INSERT INTO recipes_equipment (equipment_id, recipe_id) VALUES ('3', '79');
INSERT INTO recipes_equipment (equipment_id, recipe_id) VALUES ('5', '79');
INSERT INTO recipes_equipment (equipment_id, recipe_id) VALUES ('3', '80');
INSERT INTO recipes_equipment (equipment_id, recipe_id) VALUES ('15', '80');
INSERT INTO recipes_equipment (equipment_id, recipe_id) VALUES ('18', '80');
INSERT INTO recipes_equipment (equipment_id, recipe_id) VALUES ('9', '81');
INSERT INTO recipes_equipment (equipment_id, recipe_id) VALUES ('15', '81');
INSERT INTO recipes_equipment (equipment_id, recipe_id) VALUES ('13', '81');
INSERT INTO recipes_equipment (equipment_id, recipe_id) VALUES ('12', '81');
INSERT INTO recipes_equipment (equipment_id, recipe_id) VALUES ('1', '81');
INSERT INTO recipes_equipment (equipment_id, recipe_id) VALUES ('20', '81');
INSERT INTO recipes_equipment (equipment_id, recipe_id) VALUES ('3', '81');
INSERT INTO recipes_equipment (equipment_id, recipe_id) VALUES ('10', '81');
INSERT INTO recipes_equipment (equipment_id, recipe_id) VALUES ('4', '81');
INSERT INTO recipes_equipment (equipment_id, recipe_id) VALUES ('7', '81');
INSERT INTO recipes_equipment (equipment_id, recipe_id) VALUES ('14', '81');
INSERT INTO recipes_equipment (equipment_id, recipe_id) VALUES ('17', '81');
INSERT INTO recipes_equipment (equipment_id, recipe_id) VALUES ('18', '81');
INSERT INTO recipes_equipment (equipment_id, recipe_id) VALUES ('5', '82');
INSERT INTO recipes_equipment (equipment_id, recipe_id) VALUES ('7', '82');
INSERT INTO recipes_equipment (equipment_id, recipe_id) VALUES ('4', '82');
INSERT INTO recipes_equipment (equipment_id, recipe_id) VALUES ('1', '82');
INSERT INTO recipes_equipment (equipment_id, recipe_id) VALUES ('14', '82');
INSERT INTO recipes_equipment (equipment_id, recipe_id) VALUES ('6', '82');
INSERT INTO recipes_equipment (equipment_id, recipe_id) VALUES ('12', '83');
INSERT INTO recipes_equipment (equipment_id, recipe_id) VALUES ('17', '83');
INSERT INTO recipes_equipment (equipment_id, recipe_id) VALUES ('3', '83');
INSERT INTO recipes_equipment (equipment_id, recipe_id) VALUES ('10', '83');
INSERT INTO recipes_equipment (equipment_id, recipe_id) VALUES ('13', '84');
INSERT INTO recipes_equipment (equipment_id, recipe_id) VALUES ('9', '84');
INSERT INTO recipes_equipment (equipment_id, recipe_id) VALUES ('10', '84');
INSERT INTO recipes_equipment (equipment_id, recipe_id) VALUES ('5', '84');
INSERT INTO recipes_equipment (equipment_id, recipe_id) VALUES ('18', '84');
INSERT INTO recipes_equipment (equipment_id, recipe_id) VALUES ('14', '84');
INSERT INTO recipes_equipment (equipment_id, recipe_id) VALUES ('16', '84');
INSERT INTO recipes_equipment (equipment_id, recipe_id) VALUES ('1', '84');
INSERT INTO recipes_equipment (equipment_id, recipe_id) VALUES ('20', '84');
INSERT INTO recipes_equipment (equipment_id, recipe_id) VALUES ('8', '84');
INSERT INTO recipes_equipment (equipment_id, recipe_id) VALUES ('3', '84');
INSERT INTO recipes_equipment (equipment_id, recipe_id) VALUES ('6', '84');
INSERT INTO recipes_equipment (equipment_id, recipe_id) VALUES ('19', '84');
INSERT INTO recipes_equipment (equipment_id, recipe_id) VALUES ('11', '84');
INSERT INTO recipes_equipment (equipment_id, recipe_id) VALUES ('15', '84');
INSERT INTO recipes_equipment (equipment_id, recipe_id) VALUES ('2', '84');
INSERT INTO recipes_equipment (equipment_id, recipe_id) VALUES ('4', '84');
INSERT INTO recipes_equipment (equipment_id, recipe_id) VALUES ('4', '85');
INSERT INTO recipes_equipment (equipment_id, recipe_id) VALUES ('18', '85');
INSERT INTO recipes_equipment (equipment_id, recipe_id) VALUES ('9', '85');
INSERT INTO recipes_equipment (equipment_id, recipe_id) VALUES ('5', '85');
INSERT INTO recipes_equipment (equipment_id, recipe_id) VALUES ('11', '85');
INSERT INTO recipes_equipment (equipment_id, recipe_id) VALUES ('6', '85');
INSERT INTO recipes_equipment (equipment_id, recipe_id) VALUES ('3', '85');
INSERT INTO recipes_equipment (equipment_id, recipe_id) VALUES ('10', '85');
INSERT INTO recipes_equipment (equipment_id, recipe_id) VALUES ('13', '85');
INSERT INTO recipes_equipment (equipment_id, recipe_id) VALUES ('1', '85');
INSERT INTO recipes_equipment (equipment_id, recipe_id) VALUES ('15', '85');
INSERT INTO recipes_equipment (equipment_id, recipe_id) VALUES ('14', '86');
INSERT INTO recipes_equipment (equipment_id, recipe_id) VALUES ('5', '86');
INSERT INTO recipes_equipment (equipment_id, recipe_id) VALUES ('12', '86');
INSERT INTO recipes_equipment (equipment_id, recipe_id) VALUES ('4', '86');
INSERT INTO recipes_equipment (equipment_id, recipe_id) VALUES ('16', '86');
INSERT INTO recipes_equipment (equipment_id, recipe_id) VALUES ('6', '86');
INSERT INTO recipes_equipment (equipment_id, recipe_id) VALUES ('6', '87');
INSERT INTO recipes_equipment (equipment_id, recipe_id) VALUES ('15', '87');
INSERT INTO recipes_equipment (equipment_id, recipe_id) VALUES ('3', '87');
INSERT INTO recipes_equipment (equipment_id, recipe_id) VALUES ('1', '87');
INSERT INTO recipes_equipment (equipment_id, recipe_id) VALUES ('18', '87');
INSERT INTO recipes_equipment (equipment_id, recipe_id) VALUES ('20', '87');
INSERT INTO recipes_equipment (equipment_id, recipe_id) VALUES ('19', '87');
INSERT INTO recipes_equipment (equipment_id, recipe_id) VALUES ('15', '88');
INSERT INTO recipes_equipment (equipment_id, recipe_id) VALUES ('13', '88');
INSERT INTO recipes_equipment (equipment_id, recipe_id) VALUES ('16', '88');
INSERT INTO recipes_equipment (equipment_id, recipe_id) VALUES ('6', '88');
INSERT INTO recipes_equipment (equipment_id, recipe_id) VALUES ('20', '88');
INSERT INTO recipes_equipment (equipment_id, recipe_id) VALUES ('18', '88');
INSERT INTO recipes_equipment (equipment_id, recipe_id) VALUES ('3', '88');
INSERT INTO recipes_equipment (equipment_id, recipe_id) VALUES ('2', '88');
INSERT INTO recipes_equipment (equipment_id, recipe_id) VALUES ('12', '88');
INSERT INTO recipes_equipment (equipment_id, recipe_id) VALUES ('5', '88');
INSERT INTO recipes_equipment (equipment_id, recipe_id) VALUES ('9', '88');
INSERT INTO recipes_equipment (equipment_id, recipe_id) VALUES ('14', '88');
INSERT INTO recipes_equipment (equipment_id, recipe_id) VALUES ('4', '88');
INSERT INTO recipes_equipment (equipment_id, recipe_id) VALUES ('8', '88');
INSERT INTO recipes_equipment (equipment_id, recipe_id) VALUES ('10', '88');
INSERT INTO recipes_equipment (equipment_id, recipe_id) VALUES ('7', '88');
INSERT INTO recipes_equipment (equipment_id, recipe_id) VALUES ('19', '88');
INSERT INTO recipes_equipment (equipment_id, recipe_id) VALUES ('11', '88');
INSERT INTO recipes_equipment (equipment_id, recipe_id) VALUES ('19', '89');
INSERT INTO recipes_equipment (equipment_id, recipe_id) VALUES ('3', '89');
INSERT INTO recipes_equipment (equipment_id, recipe_id) VALUES ('2', '89');
INSERT INTO recipes_equipment (equipment_id, recipe_id) VALUES ('17', '89');
INSERT INTO recipes_equipment (equipment_id, recipe_id) VALUES ('12', '89');
INSERT INTO recipes_equipment (equipment_id, recipe_id) VALUES ('8', '89');
INSERT INTO recipes_equipment (equipment_id, recipe_id) VALUES ('1', '89');
INSERT INTO recipes_equipment (equipment_id, recipe_id) VALUES ('4', '89');
INSERT INTO recipes_equipment (equipment_id, recipe_id) VALUES ('11', '89');
INSERT INTO recipes_equipment (equipment_id, recipe_id) VALUES ('18', '89');
INSERT INTO recipes_equipment (equipment_id, recipe_id) VALUES ('6', '89');
INSERT INTO recipes_equipment (equipment_id, recipe_id) VALUES ('7', '89');
INSERT INTO recipes_equipment (equipment_id, recipe_id) VALUES ('20', '89');
INSERT INTO recipes_equipment (equipment_id, recipe_id) VALUES ('10', '90');
INSERT INTO recipes_equipment (equipment_id, recipe_id) VALUES ('3', '91');
INSERT INTO recipes_equipment (equipment_id, recipe_id) VALUES ('11', '91');
INSERT INTO recipes_equipment (equipment_id, recipe_id) VALUES ('19', '91');
INSERT INTO recipes_equipment (equipment_id, recipe_id) VALUES ('15', '91');
INSERT INTO recipes_equipment (equipment_id, recipe_id) VALUES ('18', '91');
INSERT INTO recipes_equipment (equipment_id, recipe_id) VALUES ('2', '91');
INSERT INTO recipes_equipment (equipment_id, recipe_id) VALUES ('20', '91');
INSERT INTO recipes_equipment (equipment_id, recipe_id) VALUES ('4', '91');
INSERT INTO recipes_equipment (equipment_id, recipe_id) VALUES ('10', '91');
INSERT INTO recipes_equipment (equipment_id, recipe_id) VALUES ('6', '91');
INSERT INTO recipes_equipment (equipment_id, recipe_id) VALUES ('9', '91');
INSERT INTO recipes_equipment (equipment_id, recipe_id) VALUES ('16', '91');
INSERT INTO recipes_equipment (equipment_id, recipe_id) VALUES ('7', '91');
INSERT INTO recipes_equipment (equipment_id, recipe_id) VALUES ('1', '91');
INSERT INTO recipes_equipment (equipment_id, recipe_id) VALUES ('17', '91');
INSERT INTO recipes_equipment (equipment_id, recipe_id) VALUES ('13', '91');
INSERT INTO recipes_equipment (equipment_id, recipe_id) VALUES ('4', '92');
INSERT INTO recipes_equipment (equipment_id, recipe_id) VALUES ('17', '93');
INSERT INTO recipes_equipment (equipment_id, recipe_id) VALUES ('18', '93');
INSERT INTO recipes_equipment (equipment_id, recipe_id) VALUES ('19', '93');
INSERT INTO recipes_equipment (equipment_id, recipe_id) VALUES ('1', '93');
INSERT INTO recipes_equipment (equipment_id, recipe_id) VALUES ('10', '93');
INSERT INTO recipes_equipment (equipment_id, recipe_id) VALUES ('5', '93');
INSERT INTO recipes_equipment (equipment_id, recipe_id) VALUES ('4', '93');
INSERT INTO recipes_equipment (equipment_id, recipe_id) VALUES ('11', '93');
INSERT INTO recipes_equipment (equipment_id, recipe_id) VALUES ('7', '93');
INSERT INTO recipes_equipment (equipment_id, recipe_id) VALUES ('2', '93');
INSERT INTO recipes_equipment (equipment_id, recipe_id) VALUES ('16', '93');
INSERT INTO recipes_equipment (equipment_id, recipe_id) VALUES ('17', '94');
INSERT INTO recipes_equipment (equipment_id, recipe_id) VALUES ('1', '94');
INSERT INTO recipes_equipment (equipment_id, recipe_id) VALUES ('2', '94');
INSERT INTO recipes_equipment (equipment_id, recipe_id) VALUES ('14', '94');
INSERT INTO recipes_equipment (equipment_id, recipe_id) VALUES ('13', '94');
INSERT INTO recipes_equipment (equipment_id, recipe_id) VALUES ('11', '94');
INSERT INTO recipes_equipment (equipment_id, recipe_id) VALUES ('19', '94');
INSERT INTO recipes_equipment (equipment_id, recipe_id) VALUES ('4', '94');
INSERT INTO recipes_equipment (equipment_id, recipe_id) VALUES ('16', '94');
INSERT INTO recipes_equipment (equipment_id, recipe_id) VALUES ('12', '94');
INSERT INTO recipes_equipment (equipment_id, recipe_id) VALUES ('18', '94');
INSERT INTO recipes_equipment (equipment_id, recipe_id) VALUES ('10', '94');
INSERT INTO recipes_equipment (equipment_id, recipe_id) VALUES ('6', '94');
INSERT INTO recipes_equipment (equipment_id, recipe_id) VALUES ('20', '94');
INSERT INTO recipes_equipment (equipment_id, recipe_id) VALUES ('15', '94');
INSERT INTO recipes_equipment (equipment_id, recipe_id) VALUES ('8', '94');
INSERT INTO recipes_equipment (equipment_id, recipe_id) VALUES ('7', '94');
INSERT INTO recipes_equipment (equipment_id, recipe_id) VALUES ('3', '94');
INSERT INTO recipes_equipment (equipment_id, recipe_id) VALUES ('5', '94');
INSERT INTO recipes_equipment (equipment_id, recipe_id) VALUES ('14', '95');
INSERT INTO recipes_equipment (equipment_id, recipe_id) VALUES ('4', '95');
INSERT INTO recipes_equipment (equipment_id, recipe_id) VALUES ('5', '95');
INSERT INTO recipes_equipment (equipment_id, recipe_id) VALUES ('15', '95');
INSERT INTO recipes_equipment (equipment_id, recipe_id) VALUES ('12', '95');
INSERT INTO recipes_equipment (equipment_id, recipe_id) VALUES ('17', '95');
INSERT INTO recipes_equipment (equipment_id, recipe_id) VALUES ('9', '96');
INSERT INTO recipes_equipment (equipment_id, recipe_id) VALUES ('4', '96');
INSERT INTO recipes_equipment (equipment_id, recipe_id) VALUES ('19', '96');
INSERT INTO recipes_equipment (equipment_id, recipe_id) VALUES ('16', '96');
INSERT INTO recipes_equipment (equipment_id, recipe_id) VALUES ('12', '96');
INSERT INTO recipes_equipment (equipment_id, recipe_id) VALUES ('11', '96');
INSERT INTO recipes_equipment (equipment_id, recipe_id) VALUES ('10', '96');
INSERT INTO recipes_equipment (equipment_id, recipe_id) VALUES ('3', '96');
INSERT INTO recipes_equipment (equipment_id, recipe_id) VALUES ('1', '96');
INSERT INTO recipes_equipment (equipment_id, recipe_id) VALUES ('14', '96');
INSERT INTO recipes_equipment (equipment_id, recipe_id) VALUES ('6', '96');
INSERT INTO recipes_equipment (equipment_id, recipe_id) VALUES ('8', '96');
INSERT INTO recipes_equipment (equipment_id, recipe_id) VALUES ('4', '97');
INSERT INTO recipes_equipment (equipment_id, recipe_id) VALUES ('20', '97');
INSERT INTO recipes_equipment (equipment_id, recipe_id) VALUES ('11', '97');
INSERT INTO recipes_equipment (equipment_id, recipe_id) VALUES ('1', '97');
INSERT INTO recipes_equipment (equipment_id, recipe_id) VALUES ('18', '97');
INSERT INTO recipes_equipment (equipment_id, recipe_id) VALUES ('19', '97');
INSERT INTO recipes_equipment (equipment_id, recipe_id) VALUES ('16', '97');
INSERT INTO recipes_equipment (equipment_id, recipe_id) VALUES ('10', '97');
INSERT INTO recipes_equipment (equipment_id, recipe_id) VALUES ('9', '97');
INSERT INTO recipes_equipment (equipment_id, recipe_id) VALUES ('15', '97');
INSERT INTO recipes_equipment (equipment_id, recipe_id) VALUES ('8', '97');
INSERT INTO recipes_equipment (equipment_id, recipe_id) VALUES ('12', '97');
INSERT INTO recipes_equipment (equipment_id, recipe_id) VALUES ('7', '98');
INSERT INTO recipes_equipment (equipment_id, recipe_id) VALUES ('5', '98');
INSERT INTO recipes_equipment (equipment_id, recipe_id) VALUES ('15', '98');
INSERT INTO recipes_equipment (equipment_id, recipe_id) VALUES ('11', '98');
INSERT INTO recipes_equipment (equipment_id, recipe_id) VALUES ('3', '98');
INSERT INTO recipes_equipment (equipment_id, recipe_id) VALUES ('4', '98');
INSERT INTO recipes_equipment (equipment_id, recipe_id) VALUES ('13', '98');
INSERT INTO recipes_equipment (equipment_id, recipe_id) VALUES ('16', '98');
INSERT INTO recipes_equipment (equipment_id, recipe_id) VALUES ('20', '98');
INSERT INTO recipes_equipment (equipment_id, recipe_id) VALUES ('12', '98');
INSERT INTO recipes_equipment (equipment_id, recipe_id) VALUES ('1', '98');
INSERT INTO recipes_equipment (equipment_id, recipe_id) VALUES ('16', '99');
INSERT INTO recipes_equipment (equipment_id, recipe_id) VALUES ('15', '99');
INSERT INTO recipes_equipment (equipment_id, recipe_id) VALUES ('2', '99');
INSERT INTO recipes_equipment (equipment_id, recipe_id) VALUES ('20', '99');
INSERT INTO recipes_equipment (equipment_id, recipe_id) VALUES ('1', '99');
INSERT INTO recipes_equipment (equipment_id, recipe_id) VALUES ('13', '99');
INSERT INTO recipes_equipment (equipment_id, recipe_id) VALUES ('9', '99');
INSERT INTO recipes_equipment (equipment_id, recipe_id) VALUES ('19', '99');
INSERT INTO recipes_equipment (equipment_id, recipe_id) VALUES ('14', '99');
INSERT INTO recipes_equipment (equipment_id, recipe_id) VALUES ('7', '99');
INSERT INTO recipes_equipment (equipment_id, recipe_id) VALUES ('10', '99');
INSERT INTO recipes_equipment (equipment_id, recipe_id) VALUES ('8', '99');
INSERT INTO recipes_equipment (equipment_id, recipe_id) VALUES ('18', '99');
INSERT INTO recipes_equipment (equipment_id, recipe_id) VALUES ('17', '100');
INSERT INTO recipes_equipment (equipment_id, recipe_id) VALUES ('4', '100');
INSERT INTO recipes_equipment (equipment_id, recipe_id) VALUES ('10', '100');
INSERT INTO recipes_equipment (equipment_id, recipe_id) VALUES ('2', '100');

INSERT INTO recipe_topics (topics_id, topics_name, topics_description, image, image_caption) VALUES ('1', 'item', 'Mandatory discrete Graphic Interface', 'https://dummyimage.com/141x196', 'Future-proofed explicit instruction set');
INSERT INTO recipe_topics (topics_id, topics_name, topics_description, image, image_caption) VALUES ('2', 'local', 'Profound systemic utilization', 'https://placekitten.com/215/237', 'Switchable bi-directional product');
INSERT INTO recipe_topics (topics_id, topics_name, topics_description, image, image_caption) VALUES ('3', 'partner', 'Persistent upward-trending hardware', 'https://dummyimage.com/732x362', 'Configurable 24hour emulation');
INSERT INTO recipe_topics (topics_id, topics_name, topics_description, image, image_caption) VALUES ('4', 'staff', 'Integrated even-keeled analyzer', 'https://picsum.photos/382/878', 'Reactive optimal moratorium');
INSERT INTO recipe_topics (topics_id, topics_name, topics_description, image, image_caption) VALUES ('5', 'include', 'Future-proofed neutral time-frame', 'https://placekitten.com/377/1022', 'Integrated next generation portal');
INSERT INTO recipe_topics (topics_id, topics_name, topics_description, image, image_caption) VALUES ('6', 'wish', 'Compatible analyzing functionalities', 'https://dummyimage.com/603x937', 'Ameliorated attitude-oriented complexity');
INSERT INTO recipe_topics (topics_id, topics_name, topics_description, image, image_caption) VALUES ('7', 'partner', 'Face-to-face secondary capability', 'https://placekitten.com/371/635', 'Automated optimizing attitude');
INSERT INTO recipe_topics (topics_id, topics_name, topics_description, image, image_caption) VALUES ('8', 'performance', 'Organic well-modulated collaboration', 'https://dummyimage.com/919x1017', 'User-friendly encompassing info-mediarie');
INSERT INTO recipe_topics (topics_id, topics_name, topics_description, image, image_caption) VALUES ('9', 'attorney', 'Quality-focused solution-oriented pricin', 'https://picsum.photos/603/901', 'Fully-configurable non-volatile middlewa');
INSERT INTO recipe_topics (topics_id, topics_name, topics_description, image, image_caption) VALUES ('10', 'middle', 'Business-focused object-oriented core', 'https://placekitten.com/280/847', 'Universal heuristic encoding');

INSERT INTO recipe_topics_recipes (topics_id, recipe_id) VALUES ('7', '1');
INSERT INTO recipe_topics_recipes (topics_id, recipe_id) VALUES ('3', '1');
INSERT INTO recipe_topics_recipes (topics_id, recipe_id) VALUES ('1', '1');
INSERT INTO recipe_topics_recipes (topics_id, recipe_id) VALUES ('9', '1');
INSERT INTO recipe_topics_recipes (topics_id, recipe_id) VALUES ('4', '1');
INSERT INTO recipe_topics_recipes (topics_id, recipe_id) VALUES ('2', '1');
INSERT INTO recipe_topics_recipes (topics_id, recipe_id) VALUES ('5', '2');
INSERT INTO recipe_topics_recipes (topics_id, recipe_id) VALUES ('9', '2');
INSERT INTO recipe_topics_recipes (topics_id, recipe_id) VALUES ('7', '2');
INSERT INTO recipe_topics_recipes (topics_id, recipe_id) VALUES ('6', '3');
INSERT INTO recipe_topics_recipes (topics_id, recipe_id) VALUES ('5', '4');
INSERT INTO recipe_topics_recipes (topics_id, recipe_id) VALUES ('10', '4');
INSERT INTO recipe_topics_recipes (topics_id, recipe_id) VALUES ('7', '4');
INSERT INTO recipe_topics_recipes (topics_id, recipe_id) VALUES ('4', '4');
INSERT INTO recipe_topics_recipes (topics_id, recipe_id) VALUES ('8', '4');
INSERT INTO recipe_topics_recipes (topics_id, recipe_id) VALUES ('1', '4');
INSERT INTO recipe_topics_recipes (topics_id, recipe_id) VALUES ('2', '4');
INSERT INTO recipe_topics_recipes (topics_id, recipe_id) VALUES ('9', '4');
INSERT INTO recipe_topics_recipes (topics_id, recipe_id) VALUES ('6', '5');
INSERT INTO recipe_topics_recipes (topics_id, recipe_id) VALUES ('7', '5');
INSERT INTO recipe_topics_recipes (topics_id, recipe_id) VALUES ('4', '5');
INSERT INTO recipe_topics_recipes (topics_id, recipe_id) VALUES ('9', '5');
INSERT INTO recipe_topics_recipes (topics_id, recipe_id) VALUES ('3', '5');
INSERT INTO recipe_topics_recipes (topics_id, recipe_id) VALUES ('2', '5');
INSERT INTO recipe_topics_recipes (topics_id, recipe_id) VALUES ('2', '6');
INSERT INTO recipe_topics_recipes (topics_id, recipe_id) VALUES ('8', '6');
INSERT INTO recipe_topics_recipes (topics_id, recipe_id) VALUES ('3', '6');
INSERT INTO recipe_topics_recipes (topics_id, recipe_id) VALUES ('9', '6');
INSERT INTO recipe_topics_recipes (topics_id, recipe_id) VALUES ('6', '6');
INSERT INTO recipe_topics_recipes (topics_id, recipe_id) VALUES ('5', '6');
INSERT INTO recipe_topics_recipes (topics_id, recipe_id) VALUES ('6', '7');
INSERT INTO recipe_topics_recipes (topics_id, recipe_id) VALUES ('5', '7');
INSERT INTO recipe_topics_recipes (topics_id, recipe_id) VALUES ('4', '7');
INSERT INTO recipe_topics_recipes (topics_id, recipe_id) VALUES ('9', '7');
INSERT INTO recipe_topics_recipes (topics_id, recipe_id) VALUES ('7', '7');
INSERT INTO recipe_topics_recipes (topics_id, recipe_id) VALUES ('3', '8');
INSERT INTO recipe_topics_recipes (topics_id, recipe_id) VALUES ('10', '8');
INSERT INTO recipe_topics_recipes (topics_id, recipe_id) VALUES ('9', '8');
INSERT INTO recipe_topics_recipes (topics_id, recipe_id) VALUES ('1', '8');
INSERT INTO recipe_topics_recipes (topics_id, recipe_id) VALUES ('4', '8');
INSERT INTO recipe_topics_recipes (topics_id, recipe_id) VALUES ('8', '8');
INSERT INTO recipe_topics_recipes (topics_id, recipe_id) VALUES ('6', '8');
INSERT INTO recipe_topics_recipes (topics_id, recipe_id) VALUES ('5', '8');
INSERT INTO recipe_topics_recipes (topics_id, recipe_id) VALUES ('2', '8');
INSERT INTO recipe_topics_recipes (topics_id, recipe_id) VALUES ('10', '9');
INSERT INTO recipe_topics_recipes (topics_id, recipe_id) VALUES ('2', '9');
INSERT INTO recipe_topics_recipes (topics_id, recipe_id) VALUES ('5', '9');
INSERT INTO recipe_topics_recipes (topics_id, recipe_id) VALUES ('3', '9');
INSERT INTO recipe_topics_recipes (topics_id, recipe_id) VALUES ('2', '10');
INSERT INTO recipe_topics_recipes (topics_id, recipe_id) VALUES ('6', '10');
INSERT INTO recipe_topics_recipes (topics_id, recipe_id) VALUES ('3', '10');
INSERT INTO recipe_topics_recipes (topics_id, recipe_id) VALUES ('7', '10');
INSERT INTO recipe_topics_recipes (topics_id, recipe_id) VALUES ('4', '10');
INSERT INTO recipe_topics_recipes (topics_id, recipe_id) VALUES ('1', '10');
INSERT INTO recipe_topics_recipes (topics_id, recipe_id) VALUES ('9', '10');
INSERT INTO recipe_topics_recipes (topics_id, recipe_id) VALUES ('8', '10');
INSERT INTO recipe_topics_recipes (topics_id, recipe_id) VALUES ('5', '10');
INSERT INTO recipe_topics_recipes (topics_id, recipe_id) VALUES ('6', '11');
INSERT INTO recipe_topics_recipes (topics_id, recipe_id) VALUES ('4', '12');
INSERT INTO recipe_topics_recipes (topics_id, recipe_id) VALUES ('5', '12');
INSERT INTO recipe_topics_recipes (topics_id, recipe_id) VALUES ('7', '12');
INSERT INTO recipe_topics_recipes (topics_id, recipe_id) VALUES ('6', '12');
INSERT INTO recipe_topics_recipes (topics_id, recipe_id) VALUES ('2', '12');
INSERT INTO recipe_topics_recipes (topics_id, recipe_id) VALUES ('9', '12');
INSERT INTO recipe_topics_recipes (topics_id, recipe_id) VALUES ('10', '12');
INSERT INTO recipe_topics_recipes (topics_id, recipe_id) VALUES ('3', '12');
INSERT INTO recipe_topics_recipes (topics_id, recipe_id) VALUES ('1', '13');
INSERT INTO recipe_topics_recipes (topics_id, recipe_id) VALUES ('3', '14');
INSERT INTO recipe_topics_recipes (topics_id, recipe_id) VALUES ('4', '15');
INSERT INTO recipe_topics_recipes (topics_id, recipe_id) VALUES ('10', '15');
INSERT INTO recipe_topics_recipes (topics_id, recipe_id) VALUES ('7', '15');
INSERT INTO recipe_topics_recipes (topics_id, recipe_id) VALUES ('1', '15');
INSERT INTO recipe_topics_recipes (topics_id, recipe_id) VALUES ('9', '15');
INSERT INTO recipe_topics_recipes (topics_id, recipe_id) VALUES ('2', '16');
INSERT INTO recipe_topics_recipes (topics_id, recipe_id) VALUES ('3', '16');
INSERT INTO recipe_topics_recipes (topics_id, recipe_id) VALUES ('4', '16');
INSERT INTO recipe_topics_recipes (topics_id, recipe_id) VALUES ('9', '16');
INSERT INTO recipe_topics_recipes (topics_id, recipe_id) VALUES ('10', '16');
INSERT INTO recipe_topics_recipes (topics_id, recipe_id) VALUES ('5', '16');
INSERT INTO recipe_topics_recipes (topics_id, recipe_id) VALUES ('6', '16');
INSERT INTO recipe_topics_recipes (topics_id, recipe_id) VALUES ('8', '16');
INSERT INTO recipe_topics_recipes (topics_id, recipe_id) VALUES ('7', '16');
INSERT INTO recipe_topics_recipes (topics_id, recipe_id) VALUES ('9', '17');
INSERT INTO recipe_topics_recipes (topics_id, recipe_id) VALUES ('8', '17');
INSERT INTO recipe_topics_recipes (topics_id, recipe_id) VALUES ('4', '18');
INSERT INTO recipe_topics_recipes (topics_id, recipe_id) VALUES ('8', '18');
INSERT INTO recipe_topics_recipes (topics_id, recipe_id) VALUES ('9', '18');
INSERT INTO recipe_topics_recipes (topics_id, recipe_id) VALUES ('10', '18');
INSERT INTO recipe_topics_recipes (topics_id, recipe_id) VALUES ('6', '18');
INSERT INTO recipe_topics_recipes (topics_id, recipe_id) VALUES ('1', '18');
INSERT INTO recipe_topics_recipes (topics_id, recipe_id) VALUES ('3', '18');
INSERT INTO recipe_topics_recipes (topics_id, recipe_id) VALUES ('5', '19');
INSERT INTO recipe_topics_recipes (topics_id, recipe_id) VALUES ('10', '19');
INSERT INTO recipe_topics_recipes (topics_id, recipe_id) VALUES ('6', '19');
INSERT INTO recipe_topics_recipes (topics_id, recipe_id) VALUES ('7', '19');
INSERT INTO recipe_topics_recipes (topics_id, recipe_id) VALUES ('4', '19');
INSERT INTO recipe_topics_recipes (topics_id, recipe_id) VALUES ('1', '19');
INSERT INTO recipe_topics_recipes (topics_id, recipe_id) VALUES ('8', '19');
INSERT INTO recipe_topics_recipes (topics_id, recipe_id) VALUES ('6', '20');
INSERT INTO recipe_topics_recipes (topics_id, recipe_id) VALUES ('10', '20');
INSERT INTO recipe_topics_recipes (topics_id, recipe_id) VALUES ('8', '21');
INSERT INTO recipe_topics_recipes (topics_id, recipe_id) VALUES ('9', '21');
INSERT INTO recipe_topics_recipes (topics_id, recipe_id) VALUES ('3', '21');
INSERT INTO recipe_topics_recipes (topics_id, recipe_id) VALUES ('2', '21');
INSERT INTO recipe_topics_recipes (topics_id, recipe_id) VALUES ('1', '21');
INSERT INTO recipe_topics_recipes (topics_id, recipe_id) VALUES ('5', '21');
INSERT INTO recipe_topics_recipes (topics_id, recipe_id) VALUES ('1', '22');
INSERT INTO recipe_topics_recipes (topics_id, recipe_id) VALUES ('8', '22');
INSERT INTO recipe_topics_recipes (topics_id, recipe_id) VALUES ('9', '22');
INSERT INTO recipe_topics_recipes (topics_id, recipe_id) VALUES ('6', '22');
INSERT INTO recipe_topics_recipes (topics_id, recipe_id) VALUES ('10', '22');
INSERT INTO recipe_topics_recipes (topics_id, recipe_id) VALUES ('3', '22');
INSERT INTO recipe_topics_recipes (topics_id, recipe_id) VALUES ('2', '22');
INSERT INTO recipe_topics_recipes (topics_id, recipe_id) VALUES ('5', '23');
INSERT INTO recipe_topics_recipes (topics_id, recipe_id) VALUES ('6', '23');
INSERT INTO recipe_topics_recipes (topics_id, recipe_id) VALUES ('3', '23');
INSERT INTO recipe_topics_recipes (topics_id, recipe_id) VALUES ('4', '23');
INSERT INTO recipe_topics_recipes (topics_id, recipe_id) VALUES ('10', '23');
INSERT INTO recipe_topics_recipes (topics_id, recipe_id) VALUES ('1', '23');
INSERT INTO recipe_topics_recipes (topics_id, recipe_id) VALUES ('8', '23');
INSERT INTO recipe_topics_recipes (topics_id, recipe_id) VALUES ('7', '23');
INSERT INTO recipe_topics_recipes (topics_id, recipe_id) VALUES ('9', '23');
INSERT INTO recipe_topics_recipes (topics_id, recipe_id) VALUES ('9', '24');
INSERT INTO recipe_topics_recipes (topics_id, recipe_id) VALUES ('5', '24');
INSERT INTO recipe_topics_recipes (topics_id, recipe_id) VALUES ('2', '24');
INSERT INTO recipe_topics_recipes (topics_id, recipe_id) VALUES ('6', '25');
INSERT INTO recipe_topics_recipes (topics_id, recipe_id) VALUES ('9', '25');
INSERT INTO recipe_topics_recipes (topics_id, recipe_id) VALUES ('8', '25');
INSERT INTO recipe_topics_recipes (topics_id, recipe_id) VALUES ('3', '25');
INSERT INTO recipe_topics_recipes (topics_id, recipe_id) VALUES ('7', '25');
INSERT INTO recipe_topics_recipes (topics_id, recipe_id) VALUES ('10', '25');
INSERT INTO recipe_topics_recipes (topics_id, recipe_id) VALUES ('1', '25');
INSERT INTO recipe_topics_recipes (topics_id, recipe_id) VALUES ('2', '25');
INSERT INTO recipe_topics_recipes (topics_id, recipe_id) VALUES ('10', '26');
INSERT INTO recipe_topics_recipes (topics_id, recipe_id) VALUES ('4', '26');
INSERT INTO recipe_topics_recipes (topics_id, recipe_id) VALUES ('5', '26');
INSERT INTO recipe_topics_recipes (topics_id, recipe_id) VALUES ('2', '26');
INSERT INTO recipe_topics_recipes (topics_id, recipe_id) VALUES ('6', '26');
INSERT INTO recipe_topics_recipes (topics_id, recipe_id) VALUES ('9', '26');
INSERT INTO recipe_topics_recipes (topics_id, recipe_id) VALUES ('3', '27');
INSERT INTO recipe_topics_recipes (topics_id, recipe_id) VALUES ('4', '27');
INSERT INTO recipe_topics_recipes (topics_id, recipe_id) VALUES ('10', '27');
INSERT INTO recipe_topics_recipes (topics_id, recipe_id) VALUES ('9', '27');
INSERT INTO recipe_topics_recipes (topics_id, recipe_id) VALUES ('2', '27');
INSERT INTO recipe_topics_recipes (topics_id, recipe_id) VALUES ('7', '27');
INSERT INTO recipe_topics_recipes (topics_id, recipe_id) VALUES ('8', '27');
INSERT INTO recipe_topics_recipes (topics_id, recipe_id) VALUES ('5', '27');
INSERT INTO recipe_topics_recipes (topics_id, recipe_id) VALUES ('3', '28');
INSERT INTO recipe_topics_recipes (topics_id, recipe_id) VALUES ('5', '28');
INSERT INTO recipe_topics_recipes (topics_id, recipe_id) VALUES ('9', '28');
INSERT INTO recipe_topics_recipes (topics_id, recipe_id) VALUES ('8', '28');
INSERT INTO recipe_topics_recipes (topics_id, recipe_id) VALUES ('4', '29');
INSERT INTO recipe_topics_recipes (topics_id, recipe_id) VALUES ('5', '29');
INSERT INTO recipe_topics_recipes (topics_id, recipe_id) VALUES ('3', '29');
INSERT INTO recipe_topics_recipes (topics_id, recipe_id) VALUES ('8', '29');
INSERT INTO recipe_topics_recipes (topics_id, recipe_id) VALUES ('1', '29');
INSERT INTO recipe_topics_recipes (topics_id, recipe_id) VALUES ('3', '30');
INSERT INTO recipe_topics_recipes (topics_id, recipe_id) VALUES ('8', '30');
INSERT INTO recipe_topics_recipes (topics_id, recipe_id) VALUES ('1', '30');
INSERT INTO recipe_topics_recipes (topics_id, recipe_id) VALUES ('10', '30');
INSERT INTO recipe_topics_recipes (topics_id, recipe_id) VALUES ('4', '30');
INSERT INTO recipe_topics_recipes (topics_id, recipe_id) VALUES ('2', '30');
INSERT INTO recipe_topics_recipes (topics_id, recipe_id) VALUES ('7', '30');
INSERT INTO recipe_topics_recipes (topics_id, recipe_id) VALUES ('5', '30');
INSERT INTO recipe_topics_recipes (topics_id, recipe_id) VALUES ('9', '30');
INSERT INTO recipe_topics_recipes (topics_id, recipe_id) VALUES ('6', '31');
INSERT INTO recipe_topics_recipes (topics_id, recipe_id) VALUES ('10', '31');
INSERT INTO recipe_topics_recipes (topics_id, recipe_id) VALUES ('3', '32');
INSERT INTO recipe_topics_recipes (topics_id, recipe_id) VALUES ('7', '32');
INSERT INTO recipe_topics_recipes (topics_id, recipe_id) VALUES ('2', '32');
INSERT INTO recipe_topics_recipes (topics_id, recipe_id) VALUES ('8', '32');
INSERT INTO recipe_topics_recipes (topics_id, recipe_id) VALUES ('2', '33');
INSERT INTO recipe_topics_recipes (topics_id, recipe_id) VALUES ('3', '33');
INSERT INTO recipe_topics_recipes (topics_id, recipe_id) VALUES ('4', '33');
INSERT INTO recipe_topics_recipes (topics_id, recipe_id) VALUES ('6', '33');
INSERT INTO recipe_topics_recipes (topics_id, recipe_id) VALUES ('10', '33');
INSERT INTO recipe_topics_recipes (topics_id, recipe_id) VALUES ('8', '33');
INSERT INTO recipe_topics_recipes (topics_id, recipe_id) VALUES ('9', '33');
INSERT INTO recipe_topics_recipes (topics_id, recipe_id) VALUES ('1', '33');
INSERT INTO recipe_topics_recipes (topics_id, recipe_id) VALUES ('1', '34');
INSERT INTO recipe_topics_recipes (topics_id, recipe_id) VALUES ('8', '34');
INSERT INTO recipe_topics_recipes (topics_id, recipe_id) VALUES ('4', '34');
INSERT INTO recipe_topics_recipes (topics_id, recipe_id) VALUES ('6', '34');
INSERT INTO recipe_topics_recipes (topics_id, recipe_id) VALUES ('7', '34');
INSERT INTO recipe_topics_recipes (topics_id, recipe_id) VALUES ('3', '34');
INSERT INTO recipe_topics_recipes (topics_id, recipe_id) VALUES ('5', '35');
INSERT INTO recipe_topics_recipes (topics_id, recipe_id) VALUES ('4', '35');
INSERT INTO recipe_topics_recipes (topics_id, recipe_id) VALUES ('7', '35');
INSERT INTO recipe_topics_recipes (topics_id, recipe_id) VALUES ('8', '35');
INSERT INTO recipe_topics_recipes (topics_id, recipe_id) VALUES ('6', '35');
INSERT INTO recipe_topics_recipes (topics_id, recipe_id) VALUES ('10', '36');
INSERT INTO recipe_topics_recipes (topics_id, recipe_id) VALUES ('5', '36');
INSERT INTO recipe_topics_recipes (topics_id, recipe_id) VALUES ('2', '36');
INSERT INTO recipe_topics_recipes (topics_id, recipe_id) VALUES ('4', '36');
INSERT INTO recipe_topics_recipes (topics_id, recipe_id) VALUES ('3', '36');
INSERT INTO recipe_topics_recipes (topics_id, recipe_id) VALUES ('9', '36');
INSERT INTO recipe_topics_recipes (topics_id, recipe_id) VALUES ('4', '37');
INSERT INTO recipe_topics_recipes (topics_id, recipe_id) VALUES ('10', '38');
INSERT INTO recipe_topics_recipes (topics_id, recipe_id) VALUES ('3', '38');
INSERT INTO recipe_topics_recipes (topics_id, recipe_id) VALUES ('8', '38');
INSERT INTO recipe_topics_recipes (topics_id, recipe_id) VALUES ('2', '38');
INSERT INTO recipe_topics_recipes (topics_id, recipe_id) VALUES ('7', '38');
INSERT INTO recipe_topics_recipes (topics_id, recipe_id) VALUES ('6', '38');
INSERT INTO recipe_topics_recipes (topics_id, recipe_id) VALUES ('4', '38');
INSERT INTO recipe_topics_recipes (topics_id, recipe_id) VALUES ('1', '38');
INSERT INTO recipe_topics_recipes (topics_id, recipe_id) VALUES ('5', '39');
INSERT INTO recipe_topics_recipes (topics_id, recipe_id) VALUES ('7', '39');
INSERT INTO recipe_topics_recipes (topics_id, recipe_id) VALUES ('2', '39');
INSERT INTO recipe_topics_recipes (topics_id, recipe_id) VALUES ('10', '39');
INSERT INTO recipe_topics_recipes (topics_id, recipe_id) VALUES ('1', '39');
INSERT INTO recipe_topics_recipes (topics_id, recipe_id) VALUES ('8', '39');
INSERT INTO recipe_topics_recipes (topics_id, recipe_id) VALUES ('6', '39');
INSERT INTO recipe_topics_recipes (topics_id, recipe_id) VALUES ('3', '39');
INSERT INTO recipe_topics_recipes (topics_id, recipe_id) VALUES ('4', '40');
INSERT INTO recipe_topics_recipes (topics_id, recipe_id) VALUES ('10', '41');
INSERT INTO recipe_topics_recipes (topics_id, recipe_id) VALUES ('9', '41');
INSERT INTO recipe_topics_recipes (topics_id, recipe_id) VALUES ('8', '41');
INSERT INTO recipe_topics_recipes (topics_id, recipe_id) VALUES ('7', '41');
INSERT INTO recipe_topics_recipes (topics_id, recipe_id) VALUES ('6', '41');
INSERT INTO recipe_topics_recipes (topics_id, recipe_id) VALUES ('3', '41');
INSERT INTO recipe_topics_recipes (topics_id, recipe_id) VALUES ('4', '41');
INSERT INTO recipe_topics_recipes (topics_id, recipe_id) VALUES ('2', '41');
INSERT INTO recipe_topics_recipes (topics_id, recipe_id) VALUES ('6', '42');
INSERT INTO recipe_topics_recipes (topics_id, recipe_id) VALUES ('4', '42');
INSERT INTO recipe_topics_recipes (topics_id, recipe_id) VALUES ('1', '42');
INSERT INTO recipe_topics_recipes (topics_id, recipe_id) VALUES ('9', '42');
INSERT INTO recipe_topics_recipes (topics_id, recipe_id) VALUES ('2', '42');
INSERT INTO recipe_topics_recipes (topics_id, recipe_id) VALUES ('5', '42');
INSERT INTO recipe_topics_recipes (topics_id, recipe_id) VALUES ('10', '42');
INSERT INTO recipe_topics_recipes (topics_id, recipe_id) VALUES ('8', '42');
INSERT INTO recipe_topics_recipes (topics_id, recipe_id) VALUES ('3', '42');
INSERT INTO recipe_topics_recipes (topics_id, recipe_id) VALUES ('7', '42');
INSERT INTO recipe_topics_recipes (topics_id, recipe_id) VALUES ('6', '43');
INSERT INTO recipe_topics_recipes (topics_id, recipe_id) VALUES ('7', '44');
INSERT INTO recipe_topics_recipes (topics_id, recipe_id) VALUES ('3', '45');
INSERT INTO recipe_topics_recipes (topics_id, recipe_id) VALUES ('8', '46');
INSERT INTO recipe_topics_recipes (topics_id, recipe_id) VALUES ('1', '46');
INSERT INTO recipe_topics_recipes (topics_id, recipe_id) VALUES ('3', '46');
INSERT INTO recipe_topics_recipes (topics_id, recipe_id) VALUES ('6', '46');
INSERT INTO recipe_topics_recipes (topics_id, recipe_id) VALUES ('10', '46');
INSERT INTO recipe_topics_recipes (topics_id, recipe_id) VALUES ('4', '47');
INSERT INTO recipe_topics_recipes (topics_id, recipe_id) VALUES ('1', '48');
INSERT INTO recipe_topics_recipes (topics_id, recipe_id) VALUES ('2', '48');
INSERT INTO recipe_topics_recipes (topics_id, recipe_id) VALUES ('1', '49');
INSERT INTO recipe_topics_recipes (topics_id, recipe_id) VALUES ('8', '49');
INSERT INTO recipe_topics_recipes (topics_id, recipe_id) VALUES ('3', '49');
INSERT INTO recipe_topics_recipes (topics_id, recipe_id) VALUES ('10', '49');
INSERT INTO recipe_topics_recipes (topics_id, recipe_id) VALUES ('5', '49');
INSERT INTO recipe_topics_recipes (topics_id, recipe_id) VALUES ('6', '49');
INSERT INTO recipe_topics_recipes (topics_id, recipe_id) VALUES ('7', '49');
INSERT INTO recipe_topics_recipes (topics_id, recipe_id) VALUES ('2', '49');
INSERT INTO recipe_topics_recipes (topics_id, recipe_id) VALUES ('9', '49');
INSERT INTO recipe_topics_recipes (topics_id, recipe_id) VALUES ('4', '50');
INSERT INTO recipe_topics_recipes (topics_id, recipe_id) VALUES ('9', '50');
INSERT INTO recipe_topics_recipes (topics_id, recipe_id) VALUES ('8', '50');
INSERT INTO recipe_topics_recipes (topics_id, recipe_id) VALUES ('3', '50');
INSERT INTO recipe_topics_recipes (topics_id, recipe_id) VALUES ('1', '50');
INSERT INTO recipe_topics_recipes (topics_id, recipe_id) VALUES ('6', '50');
INSERT INTO recipe_topics_recipes (topics_id, recipe_id) VALUES ('5', '50');
INSERT INTO recipe_topics_recipes (topics_id, recipe_id) VALUES ('7', '50');
INSERT INTO recipe_topics_recipes (topics_id, recipe_id) VALUES ('5', '51');
INSERT INTO recipe_topics_recipes (topics_id, recipe_id) VALUES ('1', '51');
INSERT INTO recipe_topics_recipes (topics_id, recipe_id) VALUES ('2', '52');
INSERT INTO recipe_topics_recipes (topics_id, recipe_id) VALUES ('6', '52');
INSERT INTO recipe_topics_recipes (topics_id, recipe_id) VALUES ('10', '52');
INSERT INTO recipe_topics_recipes (topics_id, recipe_id) VALUES ('3', '52');
INSERT INTO recipe_topics_recipes (topics_id, recipe_id) VALUES ('6', '53');
INSERT INTO recipe_topics_recipes (topics_id, recipe_id) VALUES ('1', '53');
INSERT INTO recipe_topics_recipes (topics_id, recipe_id) VALUES ('3', '53');
INSERT INTO recipe_topics_recipes (topics_id, recipe_id) VALUES ('5', '53');
INSERT INTO recipe_topics_recipes (topics_id, recipe_id) VALUES ('8', '53');
INSERT INTO recipe_topics_recipes (topics_id, recipe_id) VALUES ('6', '54');
INSERT INTO recipe_topics_recipes (topics_id, recipe_id) VALUES ('10', '54');
INSERT INTO recipe_topics_recipes (topics_id, recipe_id) VALUES ('2', '54');
INSERT INTO recipe_topics_recipes (topics_id, recipe_id) VALUES ('9', '54');
INSERT INTO recipe_topics_recipes (topics_id, recipe_id) VALUES ('5', '54');
INSERT INTO recipe_topics_recipes (topics_id, recipe_id) VALUES ('7', '54');
INSERT INTO recipe_topics_recipes (topics_id, recipe_id) VALUES ('1', '54');
INSERT INTO recipe_topics_recipes (topics_id, recipe_id) VALUES ('3', '54');
INSERT INTO recipe_topics_recipes (topics_id, recipe_id) VALUES ('8', '54');
INSERT INTO recipe_topics_recipes (topics_id, recipe_id) VALUES ('10', '55');
INSERT INTO recipe_topics_recipes (topics_id, recipe_id) VALUES ('3', '55');
INSERT INTO recipe_topics_recipes (topics_id, recipe_id) VALUES ('2', '55');
INSERT INTO recipe_topics_recipes (topics_id, recipe_id) VALUES ('6', '55');
INSERT INTO recipe_topics_recipes (topics_id, recipe_id) VALUES ('5', '55');
INSERT INTO recipe_topics_recipes (topics_id, recipe_id) VALUES ('1', '56');
INSERT INTO recipe_topics_recipes (topics_id, recipe_id) VALUES ('4', '56');
INSERT INTO recipe_topics_recipes (topics_id, recipe_id) VALUES ('10', '56');
INSERT INTO recipe_topics_recipes (topics_id, recipe_id) VALUES ('8', '56');
INSERT INTO recipe_topics_recipes (topics_id, recipe_id) VALUES ('8', '57');
INSERT INTO recipe_topics_recipes (topics_id, recipe_id) VALUES ('5', '57');
INSERT INTO recipe_topics_recipes (topics_id, recipe_id) VALUES ('2', '57');
INSERT INTO recipe_topics_recipes (topics_id, recipe_id) VALUES ('9', '58');
INSERT INTO recipe_topics_recipes (topics_id, recipe_id) VALUES ('1', '58');
INSERT INTO recipe_topics_recipes (topics_id, recipe_id) VALUES ('7', '58');
INSERT INTO recipe_topics_recipes (topics_id, recipe_id) VALUES ('10', '58');
INSERT INTO recipe_topics_recipes (topics_id, recipe_id) VALUES ('3', '58');
INSERT INTO recipe_topics_recipes (topics_id, recipe_id) VALUES ('2', '58');
INSERT INTO recipe_topics_recipes (topics_id, recipe_id) VALUES ('4', '58');
INSERT INTO recipe_topics_recipes (topics_id, recipe_id) VALUES ('6', '58');
INSERT INTO recipe_topics_recipes (topics_id, recipe_id) VALUES ('5', '58');
INSERT INTO recipe_topics_recipes (topics_id, recipe_id) VALUES ('8', '58');
INSERT INTO recipe_topics_recipes (topics_id, recipe_id) VALUES ('1', '59');
INSERT INTO recipe_topics_recipes (topics_id, recipe_id) VALUES ('3', '59');
INSERT INTO recipe_topics_recipes (topics_id, recipe_id) VALUES ('8', '59');
INSERT INTO recipe_topics_recipes (topics_id, recipe_id) VALUES ('6', '59');
INSERT INTO recipe_topics_recipes (topics_id, recipe_id) VALUES ('3', '60');
INSERT INTO recipe_topics_recipes (topics_id, recipe_id) VALUES ('8', '60');
INSERT INTO recipe_topics_recipes (topics_id, recipe_id) VALUES ('3', '61');
INSERT INTO recipe_topics_recipes (topics_id, recipe_id) VALUES ('2', '61');
INSERT INTO recipe_topics_recipes (topics_id, recipe_id) VALUES ('10', '61');
INSERT INTO recipe_topics_recipes (topics_id, recipe_id) VALUES ('4', '61');
INSERT INTO recipe_topics_recipes (topics_id, recipe_id) VALUES ('9', '61');
INSERT INTO recipe_topics_recipes (topics_id, recipe_id) VALUES ('1', '62');
INSERT INTO recipe_topics_recipes (topics_id, recipe_id) VALUES ('10', '62');
INSERT INTO recipe_topics_recipes (topics_id, recipe_id) VALUES ('6', '62');
INSERT INTO recipe_topics_recipes (topics_id, recipe_id) VALUES ('8', '62');
INSERT INTO recipe_topics_recipes (topics_id, recipe_id) VALUES ('3', '62');
INSERT INTO recipe_topics_recipes (topics_id, recipe_id) VALUES ('9', '62');
INSERT INTO recipe_topics_recipes (topics_id, recipe_id) VALUES ('4', '62');
INSERT INTO recipe_topics_recipes (topics_id, recipe_id) VALUES ('10', '63');
INSERT INTO recipe_topics_recipes (topics_id, recipe_id) VALUES ('6', '63');
INSERT INTO recipe_topics_recipes (topics_id, recipe_id) VALUES ('4', '63');
INSERT INTO recipe_topics_recipes (topics_id, recipe_id) VALUES ('7', '63');
INSERT INTO recipe_topics_recipes (topics_id, recipe_id) VALUES ('2', '63');
INSERT INTO recipe_topics_recipes (topics_id, recipe_id) VALUES ('8', '63');
INSERT INTO recipe_topics_recipes (topics_id, recipe_id) VALUES ('9', '63');
INSERT INTO recipe_topics_recipes (topics_id, recipe_id) VALUES ('1', '63');
INSERT INTO recipe_topics_recipes (topics_id, recipe_id) VALUES ('5', '63');
INSERT INTO recipe_topics_recipes (topics_id, recipe_id) VALUES ('1', '64');
INSERT INTO recipe_topics_recipes (topics_id, recipe_id) VALUES ('5', '64');
INSERT INTO recipe_topics_recipes (topics_id, recipe_id) VALUES ('3', '64');
INSERT INTO recipe_topics_recipes (topics_id, recipe_id) VALUES ('9', '64');
INSERT INTO recipe_topics_recipes (topics_id, recipe_id) VALUES ('6', '64');
INSERT INTO recipe_topics_recipes (topics_id, recipe_id) VALUES ('8', '64');
INSERT INTO recipe_topics_recipes (topics_id, recipe_id) VALUES ('2', '64');
INSERT INTO recipe_topics_recipes (topics_id, recipe_id) VALUES ('10', '64');
INSERT INTO recipe_topics_recipes (topics_id, recipe_id) VALUES ('7', '64');
INSERT INTO recipe_topics_recipes (topics_id, recipe_id) VALUES ('4', '64');
INSERT INTO recipe_topics_recipes (topics_id, recipe_id) VALUES ('9', '65');
INSERT INTO recipe_topics_recipes (topics_id, recipe_id) VALUES ('5', '65');
INSERT INTO recipe_topics_recipes (topics_id, recipe_id) VALUES ('8', '66');
INSERT INTO recipe_topics_recipes (topics_id, recipe_id) VALUES ('9', '66');
INSERT INTO recipe_topics_recipes (topics_id, recipe_id) VALUES ('5', '66');
INSERT INTO recipe_topics_recipes (topics_id, recipe_id) VALUES ('2', '66');
INSERT INTO recipe_topics_recipes (topics_id, recipe_id) VALUES ('4', '66');
INSERT INTO recipe_topics_recipes (topics_id, recipe_id) VALUES ('10', '66');
INSERT INTO recipe_topics_recipes (topics_id, recipe_id) VALUES ('1', '66');
INSERT INTO recipe_topics_recipes (topics_id, recipe_id) VALUES ('6', '67');
INSERT INTO recipe_topics_recipes (topics_id, recipe_id) VALUES ('4', '67');
INSERT INTO recipe_topics_recipes (topics_id, recipe_id) VALUES ('2', '67');
INSERT INTO recipe_topics_recipes (topics_id, recipe_id) VALUES ('8', '67');
INSERT INTO recipe_topics_recipes (topics_id, recipe_id) VALUES ('10', '67');
INSERT INTO recipe_topics_recipes (topics_id, recipe_id) VALUES ('7', '67');
INSERT INTO recipe_topics_recipes (topics_id, recipe_id) VALUES ('2', '68');
INSERT INTO recipe_topics_recipes (topics_id, recipe_id) VALUES ('3', '68');
INSERT INTO recipe_topics_recipes (topics_id, recipe_id) VALUES ('4', '68');
INSERT INTO recipe_topics_recipes (topics_id, recipe_id) VALUES ('5', '68');
INSERT INTO recipe_topics_recipes (topics_id, recipe_id) VALUES ('7', '68');
INSERT INTO recipe_topics_recipes (topics_id, recipe_id) VALUES ('1', '68');
INSERT INTO recipe_topics_recipes (topics_id, recipe_id) VALUES ('9', '68');
INSERT INTO recipe_topics_recipes (topics_id, recipe_id) VALUES ('3', '69');
INSERT INTO recipe_topics_recipes (topics_id, recipe_id) VALUES ('8', '69');
INSERT INTO recipe_topics_recipes (topics_id, recipe_id) VALUES ('4', '69');
INSERT INTO recipe_topics_recipes (topics_id, recipe_id) VALUES ('1', '69');
INSERT INTO recipe_topics_recipes (topics_id, recipe_id) VALUES ('5', '69');
INSERT INTO recipe_topics_recipes (topics_id, recipe_id) VALUES ('6', '70');
INSERT INTO recipe_topics_recipes (topics_id, recipe_id) VALUES ('10', '71');
INSERT INTO recipe_topics_recipes (topics_id, recipe_id) VALUES ('4', '71');
INSERT INTO recipe_topics_recipes (topics_id, recipe_id) VALUES ('8', '71');
INSERT INTO recipe_topics_recipes (topics_id, recipe_id) VALUES ('1', '71');
INSERT INTO recipe_topics_recipes (topics_id, recipe_id) VALUES ('5', '71');
INSERT INTO recipe_topics_recipes (topics_id, recipe_id) VALUES ('7', '72');
INSERT INTO recipe_topics_recipes (topics_id, recipe_id) VALUES ('5', '72');
INSERT INTO recipe_topics_recipes (topics_id, recipe_id) VALUES ('10', '72');
INSERT INTO recipe_topics_recipes (topics_id, recipe_id) VALUES ('3', '72');
INSERT INTO recipe_topics_recipes (topics_id, recipe_id) VALUES ('1', '72');
INSERT INTO recipe_topics_recipes (topics_id, recipe_id) VALUES ('4', '72');
INSERT INTO recipe_topics_recipes (topics_id, recipe_id) VALUES ('5', '73');
INSERT INTO recipe_topics_recipes (topics_id, recipe_id) VALUES ('1', '74');
INSERT INTO recipe_topics_recipes (topics_id, recipe_id) VALUES ('7', '74');
INSERT INTO recipe_topics_recipes (topics_id, recipe_id) VALUES ('10', '74');
INSERT INTO recipe_topics_recipes (topics_id, recipe_id) VALUES ('6', '74');
INSERT INTO recipe_topics_recipes (topics_id, recipe_id) VALUES ('8', '74');
INSERT INTO recipe_topics_recipes (topics_id, recipe_id) VALUES ('4', '74');
INSERT INTO recipe_topics_recipes (topics_id, recipe_id) VALUES ('9', '74');
INSERT INTO recipe_topics_recipes (topics_id, recipe_id) VALUES ('3', '74');
INSERT INTO recipe_topics_recipes (topics_id, recipe_id) VALUES ('2', '74');
INSERT INTO recipe_topics_recipes (topics_id, recipe_id) VALUES ('5', '74');
INSERT INTO recipe_topics_recipes (topics_id, recipe_id) VALUES ('7', '75');
INSERT INTO recipe_topics_recipes (topics_id, recipe_id) VALUES ('6', '75');
INSERT INTO recipe_topics_recipes (topics_id, recipe_id) VALUES ('10', '75');
INSERT INTO recipe_topics_recipes (topics_id, recipe_id) VALUES ('4', '76');
INSERT INTO recipe_topics_recipes (topics_id, recipe_id) VALUES ('3', '76');
INSERT INTO recipe_topics_recipes (topics_id, recipe_id) VALUES ('8', '77');
INSERT INTO recipe_topics_recipes (topics_id, recipe_id) VALUES ('3', '77');
INSERT INTO recipe_topics_recipes (topics_id, recipe_id) VALUES ('1', '77');
INSERT INTO recipe_topics_recipes (topics_id, recipe_id) VALUES ('10', '77');
INSERT INTO recipe_topics_recipes (topics_id, recipe_id) VALUES ('5', '77');
INSERT INTO recipe_topics_recipes (topics_id, recipe_id) VALUES ('6', '77');
INSERT INTO recipe_topics_recipes (topics_id, recipe_id) VALUES ('4', '77');
INSERT INTO recipe_topics_recipes (topics_id, recipe_id) VALUES ('8', '78');
INSERT INTO recipe_topics_recipes (topics_id, recipe_id) VALUES ('6', '78');
INSERT INTO recipe_topics_recipes (topics_id, recipe_id) VALUES ('2', '78');
INSERT INTO recipe_topics_recipes (topics_id, recipe_id) VALUES ('3', '78');
INSERT INTO recipe_topics_recipes (topics_id, recipe_id) VALUES ('10', '78');
INSERT INTO recipe_topics_recipes (topics_id, recipe_id) VALUES ('7', '78');
INSERT INTO recipe_topics_recipes (topics_id, recipe_id) VALUES ('4', '78');
INSERT INTO recipe_topics_recipes (topics_id, recipe_id) VALUES ('9', '78');
INSERT INTO recipe_topics_recipes (topics_id, recipe_id) VALUES ('7', '79');
INSERT INTO recipe_topics_recipes (topics_id, recipe_id) VALUES ('8', '79');
INSERT INTO recipe_topics_recipes (topics_id, recipe_id) VALUES ('1', '79');
INSERT INTO recipe_topics_recipes (topics_id, recipe_id) VALUES ('6', '79');
INSERT INTO recipe_topics_recipes (topics_id, recipe_id) VALUES ('3', '79');
INSERT INTO recipe_topics_recipes (topics_id, recipe_id) VALUES ('4', '79');
INSERT INTO recipe_topics_recipes (topics_id, recipe_id) VALUES ('2', '79');
INSERT INTO recipe_topics_recipes (topics_id, recipe_id) VALUES ('9', '79');
INSERT INTO recipe_topics_recipes (topics_id, recipe_id) VALUES ('5', '79');
INSERT INTO recipe_topics_recipes (topics_id, recipe_id) VALUES ('10', '79');
INSERT INTO recipe_topics_recipes (topics_id, recipe_id) VALUES ('5', '80');
INSERT INTO recipe_topics_recipes (topics_id, recipe_id) VALUES ('10', '80');
INSERT INTO recipe_topics_recipes (topics_id, recipe_id) VALUES ('8', '80');
INSERT INTO recipe_topics_recipes (topics_id, recipe_id) VALUES ('6', '80');
INSERT INTO recipe_topics_recipes (topics_id, recipe_id) VALUES ('3', '80');
INSERT INTO recipe_topics_recipes (topics_id, recipe_id) VALUES ('4', '80');
INSERT INTO recipe_topics_recipes (topics_id, recipe_id) VALUES ('9', '80');
INSERT INTO recipe_topics_recipes (topics_id, recipe_id) VALUES ('2', '81');
INSERT INTO recipe_topics_recipes (topics_id, recipe_id) VALUES ('9', '81');
INSERT INTO recipe_topics_recipes (topics_id, recipe_id) VALUES ('3', '81');
INSERT INTO recipe_topics_recipes (topics_id, recipe_id) VALUES ('1', '81');
INSERT INTO recipe_topics_recipes (topics_id, recipe_id) VALUES ('4', '81');
INSERT INTO recipe_topics_recipes (topics_id, recipe_id) VALUES ('3', '82');
INSERT INTO recipe_topics_recipes (topics_id, recipe_id) VALUES ('2', '82');
INSERT INTO recipe_topics_recipes (topics_id, recipe_id) VALUES ('10', '82');
INSERT INTO recipe_topics_recipes (topics_id, recipe_id) VALUES ('3', '83');
INSERT INTO recipe_topics_recipes (topics_id, recipe_id) VALUES ('2', '83');
INSERT INTO recipe_topics_recipes (topics_id, recipe_id) VALUES ('4', '83');
INSERT INTO recipe_topics_recipes (topics_id, recipe_id) VALUES ('10', '83');
INSERT INTO recipe_topics_recipes (topics_id, recipe_id) VALUES ('5', '83');
INSERT INTO recipe_topics_recipes (topics_id, recipe_id) VALUES ('7', '83');
INSERT INTO recipe_topics_recipes (topics_id, recipe_id) VALUES ('8', '83');
INSERT INTO recipe_topics_recipes (topics_id, recipe_id) VALUES ('1', '83');
INSERT INTO recipe_topics_recipes (topics_id, recipe_id) VALUES ('9', '83');
INSERT INTO recipe_topics_recipes (topics_id, recipe_id) VALUES ('9', '84');
INSERT INTO recipe_topics_recipes (topics_id, recipe_id) VALUES ('2', '84');
INSERT INTO recipe_topics_recipes (topics_id, recipe_id) VALUES ('7', '84');
INSERT INTO recipe_topics_recipes (topics_id, recipe_id) VALUES ('5', '84');
INSERT INTO recipe_topics_recipes (topics_id, recipe_id) VALUES ('1', '84');
INSERT INTO recipe_topics_recipes (topics_id, recipe_id) VALUES ('10', '84');
INSERT INTO recipe_topics_recipes (topics_id, recipe_id) VALUES ('8', '84');
INSERT INTO recipe_topics_recipes (topics_id, recipe_id) VALUES ('3', '85');
INSERT INTO recipe_topics_recipes (topics_id, recipe_id) VALUES ('4', '85');
INSERT INTO recipe_topics_recipes (topics_id, recipe_id) VALUES ('7', '85');
INSERT INTO recipe_topics_recipes (topics_id, recipe_id) VALUES ('7', '86');
INSERT INTO recipe_topics_recipes (topics_id, recipe_id) VALUES ('4', '86');
INSERT INTO recipe_topics_recipes (topics_id, recipe_id) VALUES ('8', '86');
INSERT INTO recipe_topics_recipes (topics_id, recipe_id) VALUES ('9', '86');
INSERT INTO recipe_topics_recipes (topics_id, recipe_id) VALUES ('10', '87');
INSERT INTO recipe_topics_recipes (topics_id, recipe_id) VALUES ('4', '88');
INSERT INTO recipe_topics_recipes (topics_id, recipe_id) VALUES ('6', '88');
INSERT INTO recipe_topics_recipes (topics_id, recipe_id) VALUES ('8', '88');
INSERT INTO recipe_topics_recipes (topics_id, recipe_id) VALUES ('1', '89');
INSERT INTO recipe_topics_recipes (topics_id, recipe_id) VALUES ('5', '89');
INSERT INTO recipe_topics_recipes (topics_id, recipe_id) VALUES ('8', '89');
INSERT INTO recipe_topics_recipes (topics_id, recipe_id) VALUES ('9', '89');
INSERT INTO recipe_topics_recipes (topics_id, recipe_id) VALUES ('6', '89');
INSERT INTO recipe_topics_recipes (topics_id, recipe_id) VALUES ('3', '89');
INSERT INTO recipe_topics_recipes (topics_id, recipe_id) VALUES ('10', '90');
INSERT INTO recipe_topics_recipes (topics_id, recipe_id) VALUES ('6', '90');
INSERT INTO recipe_topics_recipes (topics_id, recipe_id) VALUES ('3', '90');
INSERT INTO recipe_topics_recipes (topics_id, recipe_id) VALUES ('1', '90');
INSERT INTO recipe_topics_recipes (topics_id, recipe_id) VALUES ('7', '90');
INSERT INTO recipe_topics_recipes (topics_id, recipe_id) VALUES ('2', '90');
INSERT INTO recipe_topics_recipes (topics_id, recipe_id) VALUES ('4', '90');
INSERT INTO recipe_topics_recipes (topics_id, recipe_id) VALUES ('5', '90');
INSERT INTO recipe_topics_recipes (topics_id, recipe_id) VALUES ('9', '90');
INSERT INTO recipe_topics_recipes (topics_id, recipe_id) VALUES ('8', '91');
INSERT INTO recipe_topics_recipes (topics_id, recipe_id) VALUES ('3', '91');
INSERT INTO recipe_topics_recipes (topics_id, recipe_id) VALUES ('10', '91');
INSERT INTO recipe_topics_recipes (topics_id, recipe_id) VALUES ('7', '91');
INSERT INTO recipe_topics_recipes (topics_id, recipe_id) VALUES ('4', '91');
INSERT INTO recipe_topics_recipes (topics_id, recipe_id) VALUES ('8', '92');
INSERT INTO recipe_topics_recipes (topics_id, recipe_id) VALUES ('5', '92');
INSERT INTO recipe_topics_recipes (topics_id, recipe_id) VALUES ('2', '92');
INSERT INTO recipe_topics_recipes (topics_id, recipe_id) VALUES ('7', '92');
INSERT INTO recipe_topics_recipes (topics_id, recipe_id) VALUES ('6', '92');
INSERT INTO recipe_topics_recipes (topics_id, recipe_id) VALUES ('9', '92');
INSERT INTO recipe_topics_recipes (topics_id, recipe_id) VALUES ('4', '92');
INSERT INTO recipe_topics_recipes (topics_id, recipe_id) VALUES ('10', '92');
INSERT INTO recipe_topics_recipes (topics_id, recipe_id) VALUES ('7', '93');
INSERT INTO recipe_topics_recipes (topics_id, recipe_id) VALUES ('1', '93');
INSERT INTO recipe_topics_recipes (topics_id, recipe_id) VALUES ('10', '93');
INSERT INTO recipe_topics_recipes (topics_id, recipe_id) VALUES ('2', '93');
INSERT INTO recipe_topics_recipes (topics_id, recipe_id) VALUES ('4', '93');
INSERT INTO recipe_topics_recipes (topics_id, recipe_id) VALUES ('9', '93');
INSERT INTO recipe_topics_recipes (topics_id, recipe_id) VALUES ('6', '93');
INSERT INTO recipe_topics_recipes (topics_id, recipe_id) VALUES ('9', '94');
INSERT INTO recipe_topics_recipes (topics_id, recipe_id) VALUES ('3', '94');
INSERT INTO recipe_topics_recipes (topics_id, recipe_id) VALUES ('6', '94');
INSERT INTO recipe_topics_recipes (topics_id, recipe_id) VALUES ('9', '95');
INSERT INTO recipe_topics_recipes (topics_id, recipe_id) VALUES ('1', '95');
INSERT INTO recipe_topics_recipes (topics_id, recipe_id) VALUES ('8', '95');
INSERT INTO recipe_topics_recipes (topics_id, recipe_id) VALUES ('4', '95');
INSERT INTO recipe_topics_recipes (topics_id, recipe_id) VALUES ('5', '95');
INSERT INTO recipe_topics_recipes (topics_id, recipe_id) VALUES ('10', '95');
INSERT INTO recipe_topics_recipes (topics_id, recipe_id) VALUES ('3', '95');
INSERT INTO recipe_topics_recipes (topics_id, recipe_id) VALUES ('1', '96');
INSERT INTO recipe_topics_recipes (topics_id, recipe_id) VALUES ('7', '96');
INSERT INTO recipe_topics_recipes (topics_id, recipe_id) VALUES ('5', '96');
INSERT INTO recipe_topics_recipes (topics_id, recipe_id) VALUES ('6', '96');
INSERT INTO recipe_topics_recipes (topics_id, recipe_id) VALUES ('2', '96');
INSERT INTO recipe_topics_recipes (topics_id, recipe_id) VALUES ('9', '96');
INSERT INTO recipe_topics_recipes (topics_id, recipe_id) VALUES ('8', '96');
INSERT INTO recipe_topics_recipes (topics_id, recipe_id) VALUES ('10', '96');
INSERT INTO recipe_topics_recipes (topics_id, recipe_id) VALUES ('8', '97');
INSERT INTO recipe_topics_recipes (topics_id, recipe_id) VALUES ('4', '97');
INSERT INTO recipe_topics_recipes (topics_id, recipe_id) VALUES ('10', '97');
INSERT INTO recipe_topics_recipes (topics_id, recipe_id) VALUES ('1', '97');
INSERT INTO recipe_topics_recipes (topics_id, recipe_id) VALUES ('5', '97');
INSERT INTO recipe_topics_recipes (topics_id, recipe_id) VALUES ('2', '97');
INSERT INTO recipe_topics_recipes (topics_id, recipe_id) VALUES ('9', '97');
INSERT INTO recipe_topics_recipes (topics_id, recipe_id) VALUES ('2', '98');
INSERT INTO recipe_topics_recipes (topics_id, recipe_id) VALUES ('9', '98');
INSERT INTO recipe_topics_recipes (topics_id, recipe_id) VALUES ('10', '98');
INSERT INTO recipe_topics_recipes (topics_id, recipe_id) VALUES ('1', '98');
INSERT INTO recipe_topics_recipes (topics_id, recipe_id) VALUES ('3', '98');
INSERT INTO recipe_topics_recipes (topics_id, recipe_id) VALUES ('7', '98');
INSERT INTO recipe_topics_recipes (topics_id, recipe_id) VALUES ('5', '98');
INSERT INTO recipe_topics_recipes (topics_id, recipe_id) VALUES ('8', '98');
INSERT INTO recipe_topics_recipes (topics_id, recipe_id) VALUES ('2', '99');
INSERT INTO recipe_topics_recipes (topics_id, recipe_id) VALUES ('8', '99');
INSERT INTO recipe_topics_recipes (topics_id, recipe_id) VALUES ('10', '99');
INSERT INTO recipe_topics_recipes (topics_id, recipe_id) VALUES ('7', '99');
INSERT INTO recipe_topics_recipes (topics_id, recipe_id) VALUES ('9', '99');
INSERT INTO recipe_topics_recipes (topics_id, recipe_id) VALUES ('1', '99');
INSERT INTO recipe_topics_recipes (topics_id, recipe_id) VALUES ('5', '99');
INSERT INTO recipe_topics_recipes (topics_id, recipe_id) VALUES ('4', '99');
INSERT INTO recipe_topics_recipes (topics_id, recipe_id) VALUES ('3', '99');
INSERT INTO recipe_topics_recipes (topics_id, recipe_id) VALUES ('6', '99');
INSERT INTO recipe_topics_recipes (topics_id, recipe_id) VALUES ('5', '100');
INSERT INTO recipe_topics_recipes (topics_id, recipe_id) VALUES ('6', '100');

INSERT INTO cooker (cooker_id, first_name, cooker_rank, last_name, phone, birth_date, years_of_experience, image, image_caption) VALUES ('1', 'William', 'sous-chef', 'Bailey', '6938870781', '1999-09-26', '1', 'https://picsum.photos/65/714', 'User-friendly intangible groupware');
INSERT INTO cooker (cooker_id, first_name, cooker_rank, last_name, phone, birth_date, years_of_experience, image, image_caption) VALUES ('2', 'Tracy', 'A', 'Drake', '6999381822', '1966-10-12', '2', 'https://picsum.photos/809/184', 'Right-sized clear-thinking neural-net');
INSERT INTO cooker (cooker_id, first_name, cooker_rank, last_name, phone, birth_date, years_of_experience, image, image_caption) VALUES ('3', 'Kyle', 'B', 'Jones', '6947601917', '1963-03-23', '21', 'https://dummyimage.com/715x362', 'User-centric human-resource help-desk');
INSERT INTO cooker (cooker_id, first_name, cooker_rank, last_name, phone, birth_date, years_of_experience, image, image_caption) VALUES ('4', 'Morgan', 'C', 'Nichols', '6956439422', '1992-04-06', '6', 'https://placekitten.com/277/22', 'Stand-alone mission-critical structure');
INSERT INTO cooker (cooker_id, first_name, cooker_rank, last_name, phone, birth_date, years_of_experience, image, image_caption) VALUES ('5', 'Samantha', 'C', 'Hansen', '6919407798', '1967-06-21', '7', 'https://picsum.photos/506/961', 'Realigned local access');
INSERT INTO cooker (cooker_id, first_name, cooker_rank, last_name, phone, birth_date, years_of_experience, image, image_caption) VALUES ('6', 'Jacob', 'chef', 'Christian', '6917753729', '1995-03-19', '4', 'https://placekitten.com/646/263', 'Virtual methodical knowledgebase');
INSERT INTO cooker (cooker_id, first_name, cooker_rank, last_name, phone, birth_date, years_of_experience, image, image_caption) VALUES ('7', 'Shelly', 'chef', 'Pugh', '6987043442', '1992-02-01', '7', 'https://picsum.photos/19/403', 'Customer-focused reciprocal analyzer');
INSERT INTO cooker (cooker_id, first_name, cooker_rank, last_name, phone, birth_date, years_of_experience, image, image_caption) VALUES ('8', 'Steven', 'B', 'Love', '6996780700', '1999-06-24', '2', 'https://placekitten.com/280/677', 'Self-enabling client-driven access');
INSERT INTO cooker (cooker_id, first_name, cooker_rank, last_name, phone, birth_date, years_of_experience, image, image_caption) VALUES ('9', 'Renee', 'A', 'Murphy', '6907207780', '1989-04-05', '5', 'https://picsum.photos/328/270', 'Pre-emptive optimal archive');
INSERT INTO cooker (cooker_id, first_name, cooker_rank, last_name, phone, birth_date, years_of_experience, image, image_caption) VALUES ('10', 'Margaret', 'chef', 'Sanders', '6959974166', '1999-06-03', '6', 'https://placekitten.com/787/777', 'Public-key motivating middleware');
INSERT INTO cooker (cooker_id, first_name, cooker_rank, last_name, phone, birth_date, years_of_experience, image, image_caption) VALUES ('11', 'John', 'B', 'Barrett', '6973978082', '1962-03-10', '34', 'https://placekitten.com/460/35', 'Diverse leadingedge portal');
INSERT INTO cooker (cooker_id, first_name, cooker_rank, last_name, phone, birth_date, years_of_experience, image, image_caption) VALUES ('12', 'Lindsey', 'chef', 'Thompson', '6921776277', '1997-06-02', '3', 'https://placekitten.com/987/490', 'Ergonomic homogeneous synergy');
INSERT INTO cooker (cooker_id, first_name, cooker_rank, last_name, phone, birth_date, years_of_experience, image, image_caption) VALUES ('13', 'Michael', 'C', 'Best', '6935415793', '1988-08-13', '14', 'https://placekitten.com/853/198', 'Advanced regional matrices');
INSERT INTO cooker (cooker_id, first_name, cooker_rank, last_name, phone, birth_date, years_of_experience, image, image_caption) VALUES ('14', 'Tyler', 'chef', 'Shepard', '6973557202', '1970-05-22', '26', 'https://picsum.photos/448/1014', 'Fully-configurable human-resource encodi');
INSERT INTO cooker (cooker_id, first_name, cooker_rank, last_name, phone, birth_date, years_of_experience, image, image_caption) VALUES ('15', 'Lori', 'sous-chef', 'Barrera', '6938822139', '1960-09-17', '7', 'https://picsum.photos/880/387', 'Robust intangible database');
INSERT INTO cooker (cooker_id, first_name, cooker_rank, last_name, phone, birth_date, years_of_experience, image, image_caption) VALUES ('16', 'Andrea', 'A', 'Williams', '6949056111', '1993-11-23', '10', 'https://picsum.photos/324/592', 'Exclusive encompassing firmware');
INSERT INTO cooker (cooker_id, first_name, cooker_rank, last_name, phone, birth_date, years_of_experience, image, image_caption) VALUES ('17', 'Randy', 'A', 'Wolfe', '6952705682', '1978-03-06', '0', 'https://picsum.photos/941/1003', 'Stand-alone intangible parallelism');
INSERT INTO cooker (cooker_id, first_name, cooker_rank, last_name, phone, birth_date, years_of_experience, image, image_caption) VALUES ('18', 'Christine', 'A', 'Ramos', '6910704047', '1986-11-16', '12', 'https://placekitten.com/509/986', 'Visionary homogeneous website');
INSERT INTO cooker (cooker_id, first_name, cooker_rank, last_name, phone, birth_date, years_of_experience, image, image_caption) VALUES ('19', 'Adam', 'C', 'Ramirez', '6937573111', '1996-10-19', '0', 'https://placekitten.com/105/174', 'Reverse-engineered multi-tasking matrix');
INSERT INTO cooker (cooker_id, first_name, cooker_rank, last_name, phone, birth_date, years_of_experience, image, image_caption) VALUES ('20', 'Scott', 'C', 'Johnson', '6990525424', '1991-03-21', '7', 'https://picsum.photos/398/365', 'Compatible 24hour focus group');
INSERT INTO cooker (cooker_id, first_name, cooker_rank, last_name, phone, birth_date, years_of_experience, image, image_caption) VALUES ('21', 'Mary', 'B', 'Jones', '6956940812', '1970-07-01', '5', 'https://placekitten.com/414/128', 'Function-based 6thgeneration circuit');
INSERT INTO cooker (cooker_id, first_name, cooker_rank, last_name, phone, birth_date, years_of_experience, image, image_caption) VALUES ('22', 'Diane', 'chef', 'Andrade', '6907916655', '1961-05-20', '42', 'https://dummyimage.com/973x245', 'Sharable homogeneous matrices');
INSERT INTO cooker (cooker_id, first_name, cooker_rank, last_name, phone, birth_date, years_of_experience, image, image_caption) VALUES ('23', 'Laura', 'sous-chef', 'Sullivan', '6978225925', '1996-09-06', '3', 'https://dummyimage.com/298x1022', 'Optimized real-time focus group');
INSERT INTO cooker (cooker_id, first_name, cooker_rank, last_name, phone, birth_date, years_of_experience, image, image_caption) VALUES ('24', 'Karen', 'C', 'Alexander', '6910173142', '1994-02-06', '7', 'https://placekitten.com/342/877', 'Pre-emptive disintermediate Local Area N');
INSERT INTO cooker (cooker_id, first_name, cooker_rank, last_name, phone, birth_date, years_of_experience, image, image_caption) VALUES ('25', 'Ebony', 'chef', 'Cox', '6931220894', '1963-01-01', '17', 'https://picsum.photos/657/806', 'Public-key stable open system');
INSERT INTO cooker (cooker_id, first_name, cooker_rank, last_name, phone, birth_date, years_of_experience, image, image_caption) VALUES ('26', 'Emma', 'A', 'Thompson', '6928971720', '1996-12-28', '4', 'https://placekitten.com/703/226', 'Organic intangible neural-net');
INSERT INTO cooker (cooker_id, first_name, cooker_rank, last_name, phone, birth_date, years_of_experience, image, image_caption) VALUES ('27', 'Anthony', 'B', 'Payne', '6923466165', '1977-02-10', '22', 'https://dummyimage.com/658x575', 'Quality-focused user-facing firmware');
INSERT INTO cooker (cooker_id, first_name, cooker_rank, last_name, phone, birth_date, years_of_experience, image, image_caption) VALUES ('28', 'Kevin', 'B', 'Lee', '6982749229', '1981-05-09', '5', 'https://picsum.photos/485/11', 'Organized bifurcated monitoring');
INSERT INTO cooker (cooker_id, first_name, cooker_rank, last_name, phone, birth_date, years_of_experience, image, image_caption) VALUES ('29', 'Nicole', 'B', 'Wade', '6943925537', '1995-07-11', '8', 'https://dummyimage.com/957x166', 'Managed homogeneous migration');
INSERT INTO cooker (cooker_id, first_name, cooker_rank, last_name, phone, birth_date, years_of_experience, image, image_caption) VALUES ('30', 'Gwendolyn', 'C', 'Trevino', '6903800348', '1971-07-26', '33', 'https://placekitten.com/391/259', 'Compatible object-oriented time-frame');
INSERT INTO cooker (cooker_id, first_name, cooker_rank, last_name, phone, birth_date, years_of_experience, image, image_caption) VALUES ('31', 'Daniel', 'sous-chef', 'Conner', '6962928458', '1996-08-24', '3', 'https://placekitten.com/652/581', 'Multi-channeled solution-oriented synerg');
INSERT INTO cooker (cooker_id, first_name, cooker_rank, last_name, phone, birth_date, years_of_experience, image, image_caption) VALUES ('32', 'Alexander', 'C', 'Hampton', '6938951205', '1982-02-12', '13', 'https://placekitten.com/370/925', 'Innovative secondary Graphical User Inte');
INSERT INTO cooker (cooker_id, first_name, cooker_rank, last_name, phone, birth_date, years_of_experience, image, image_caption) VALUES ('33', 'Gregory', 'C', 'Johnson', '6954346871', '1961-10-09', '41', 'https://placekitten.com/305/751', 'Mandatory needs-based structure');
INSERT INTO cooker (cooker_id, first_name, cooker_rank, last_name, phone, birth_date, years_of_experience, image, image_caption) VALUES ('34', 'Dawn', 'A', 'Smith', '6906928519', '1960-02-10', '24', 'https://picsum.photos/170/737', 'User-friendly zero-defect throughput');
INSERT INTO cooker (cooker_id, first_name, cooker_rank, last_name, phone, birth_date, years_of_experience, image, image_caption) VALUES ('35', 'Katherine', 'chef', 'Alvarado', '6978587487', '1967-05-09', '4', 'https://placekitten.com/91/164', 'Function-based dynamic moratorium');
INSERT INTO cooker (cooker_id, first_name, cooker_rank, last_name, phone, birth_date, years_of_experience, image, image_caption) VALUES ('36', 'Pamela', 'sous-chef', 'Joseph', '6946617231', '1969-01-22', '31', 'https://picsum.photos/153/67', 'Inverse radical encoding');
INSERT INTO cooker (cooker_id, first_name, cooker_rank, last_name, phone, birth_date, years_of_experience, image, image_caption) VALUES ('37', 'Nancy', 'sous-chef', 'Thomas', '6905451212', '1996-07-02', '3', 'https://dummyimage.com/998x736', 'Horizontal multimedia secured line');
INSERT INTO cooker (cooker_id, first_name, cooker_rank, last_name, phone, birth_date, years_of_experience, image, image_caption) VALUES ('38', 'Ann', 'sous-chef', 'Marshall', '6900513600', '1970-03-01', '26', 'https://dummyimage.com/166x237', 'Pre-emptive 5thgeneration info-mediaries');
INSERT INTO cooker (cooker_id, first_name, cooker_rank, last_name, phone, birth_date, years_of_experience, image, image_caption) VALUES ('39', 'Gary', 'C', 'Martin', '6989221582', '1987-06-11', '11', 'https://placekitten.com/436/946', 'Optimized disintermediate interface');
INSERT INTO cooker (cooker_id, first_name, cooker_rank, last_name, phone, birth_date, years_of_experience, image, image_caption) VALUES ('40', 'Tyler', 'A', 'Thompson', '6913342780', '1980-03-27', '8', 'https://placekitten.com/607/161', 'Customer-focused maximized parallelism');
INSERT INTO cooker (cooker_id, first_name, cooker_rank, last_name, phone, birth_date, years_of_experience, image, image_caption) VALUES ('41', 'Karen', 'sous-chef', 'Davis', '6905676922', '1996-07-17', '0', 'https://picsum.photos/377/37', 'Enhanced methodical task-force');
INSERT INTO cooker (cooker_id, first_name, cooker_rank, last_name, phone, birth_date, years_of_experience, image, image_caption) VALUES ('42', 'Joseph', 'sous-chef', 'Tapia', '6951545746', '1977-11-22', '19', 'https://picsum.photos/630/619', 'Progressive logistical throughput');
INSERT INTO cooker (cooker_id, first_name, cooker_rank, last_name, phone, birth_date, years_of_experience, image, image_caption) VALUES ('43', 'David', 'B', 'Smith', '6984016146', '1973-11-13', '21', 'https://dummyimage.com/111x1024', 'Customizable logistical archive');
INSERT INTO cooker (cooker_id, first_name, cooker_rank, last_name, phone, birth_date, years_of_experience, image, image_caption) VALUES ('44', 'Christine', 'sous-chef', 'Russell', '6928651880', '1993-09-17', '11', 'https://picsum.photos/584/495', 'Enterprise-wide tangible initiative');
INSERT INTO cooker (cooker_id, first_name, cooker_rank, last_name, phone, birth_date, years_of_experience, image, image_caption) VALUES ('45', 'Jean', 'A', 'George', '6976472875', '1963-01-27', '28', 'https://placekitten.com/753/720', 'Inverse 24hour archive');
INSERT INTO cooker (cooker_id, first_name, cooker_rank, last_name, phone, birth_date, years_of_experience, image, image_caption) VALUES ('46', 'Melissa', 'sous-chef', 'Hensley', '6952279216', '1996-06-28', '5', 'https://picsum.photos/677/356', 'Synergistic next generation forecast');
INSERT INTO cooker (cooker_id, first_name, cooker_rank, last_name, phone, birth_date, years_of_experience, image, image_caption) VALUES ('47', 'Stephen', 'chef', 'Hill', '6958578606', '1978-07-07', '26', 'https://dummyimage.com/74x30', 'Seamless coherent projection');
INSERT INTO cooker (cooker_id, first_name, cooker_rank, last_name, phone, birth_date, years_of_experience, image, image_caption) VALUES ('48', 'Mark', 'A', 'Spencer', '6981140406', '1972-10-12', '7', 'https://dummyimage.com/906x194', 'Function-based mobile budgetary manageme');
INSERT INTO cooker (cooker_id, first_name, cooker_rank, last_name, phone, birth_date, years_of_experience, image, image_caption) VALUES ('49', 'Travis', 'sous-chef', 'Ross', '6909030871', '1968-06-24', '30', 'https://placekitten.com/26/568', 'Self-enabling fresh-thinking artificial ');
INSERT INTO cooker (cooker_id, first_name, cooker_rank, last_name, phone, birth_date, years_of_experience, image, image_caption) VALUES ('50', 'Tracy', 'A', 'Campbell', '6996064075', '1998-02-23', '7', 'https://placekitten.com/113/842', 'Operative modular projection');
INSERT INTO cooker (cooker_id, first_name, cooker_rank, last_name, phone, birth_date, years_of_experience, image, image_caption) VALUES ('51', 'Richard', 'A', 'Nguyen', '6994626409', '1992-09-15', '13', 'https://placekitten.com/658/639', 'Fully-configurable solution-oriented enc');
INSERT INTO cooker (cooker_id, first_name, cooker_rank, last_name, phone, birth_date, years_of_experience, image, image_caption) VALUES ('52', 'Linda', 'A', 'Ellis', '6929146303', '1974-04-22', '30', 'https://dummyimage.com/907x955', 'Fully-configurable client-server ability');
INSERT INTO cooker (cooker_id, first_name, cooker_rank, last_name, phone, birth_date, years_of_experience, image, image_caption) VALUES ('53', 'Donald', 'C', 'Scott', '6932009289', '1965-02-09', '21', 'https://picsum.photos/658/297', 'Exclusive national hierarchy');
INSERT INTO cooker (cooker_id, first_name, cooker_rank, last_name, phone, birth_date, years_of_experience, image, image_caption) VALUES ('54', 'Sara', 'A', 'Brown', '6939929103', '1980-11-26', '21', 'https://placekitten.com/217/983', 'Business-focused 6thgeneration artificia');
INSERT INTO cooker (cooker_id, first_name, cooker_rank, last_name, phone, birth_date, years_of_experience, image, image_caption) VALUES ('55', 'David', 'B', 'Collins', '6932835443', '1988-11-12', '2', 'https://picsum.photos/655/176', 'Triple-buffered multi-tasking concept');
INSERT INTO cooker (cooker_id, first_name, cooker_rank, last_name, phone, birth_date, years_of_experience, image, image_caption) VALUES ('56', 'Zachary', 'C', 'Chavez', '6933496327', '1997-07-27', '6', 'https://picsum.photos/218/957', 'User-friendly multimedia array');
INSERT INTO cooker (cooker_id, first_name, cooker_rank, last_name, phone, birth_date, years_of_experience, image, image_caption) VALUES ('57', 'Andrea', 'A', 'Downs', '6986511688', '1985-05-19', '8', 'https://dummyimage.com/232x198', 'Diverse upward-trending customer loyalty');
INSERT INTO cooker (cooker_id, first_name, cooker_rank, last_name, phone, birth_date, years_of_experience, image, image_caption) VALUES ('58', 'Lawrence', 'B', 'Estrada', '6962820145', '1965-08-10', '40', 'https://picsum.photos/961/490', 'Seamless uniform leverage');
INSERT INTO cooker (cooker_id, first_name, cooker_rank, last_name, phone, birth_date, years_of_experience, image, image_caption) VALUES ('59', 'Deanna', 'B', 'Hall', '6994304001', '1986-10-14', '12', 'https://placekitten.com/267/289', 'Fully-configurable 3rdgeneration protoco');
INSERT INTO cooker (cooker_id, first_name, cooker_rank, last_name, phone, birth_date, years_of_experience, image, image_caption) VALUES ('60', 'Jonathan', 'A', 'Saunders', '6922433399', '1976-05-09', '2', 'https://dummyimage.com/415x587', 'Triple-buffered motivating circuit');
INSERT INTO cooker (cooker_id, first_name, cooker_rank, last_name, phone, birth_date, years_of_experience, image, image_caption) VALUES ('61', 'Courtney', 'C', 'Bell', '6950104545', '1977-07-28', '27', 'https://placekitten.com/437/808', 'Re-engineered tangible budgetary managem');
INSERT INTO cooker (cooker_id, first_name, cooker_rank, last_name, phone, birth_date, years_of_experience, image, image_caption) VALUES ('62', 'Melissa', 'sous-chef', 'Wood', '6913000634', '1970-07-18', '34', 'https://placekitten.com/823/1002', 'Centralized stable archive');
INSERT INTO cooker (cooker_id, first_name, cooker_rank, last_name, phone, birth_date, years_of_experience, image, image_caption) VALUES ('63', 'Kristine', 'C', 'Stevenson', '6920310789', '1968-06-21', '2', 'https://dummyimage.com/29x886', 'Seamless mobile function');
INSERT INTO cooker (cooker_id, first_name, cooker_rank, last_name, phone, birth_date, years_of_experience, image, image_caption) VALUES ('64', 'Michael', 'A', 'Arias', '6951839278', '1981-12-15', '21', 'https://placekitten.com/666/675', 'Customizable demand-driven core');
INSERT INTO cooker (cooker_id, first_name, cooker_rank, last_name, phone, birth_date, years_of_experience, image, image_caption) VALUES ('65', 'Andrea', 'B', 'Smith', '6916151718', '1976-12-24', '21', 'https://placekitten.com/316/79', 'Object-based content-based model');
INSERT INTO cooker (cooker_id, first_name, cooker_rank, last_name, phone, birth_date, years_of_experience, image, image_caption) VALUES ('66', 'Kevin', 'sous-chef', 'Riggs', '6953799792', '1967-10-03', '35', 'https://placekitten.com/920/987', 'Programmable contextually-based framewor');
INSERT INTO cooker (cooker_id, first_name, cooker_rank, last_name, phone, birth_date, years_of_experience, image, image_caption) VALUES ('67', 'Kendra', 'A', 'Morris', '6907431212', '1965-12-07', '35', 'https://dummyimage.com/686x658', 'Synergized incremental definition');
INSERT INTO cooker (cooker_id, first_name, cooker_rank, last_name, phone, birth_date, years_of_experience, image, image_caption) VALUES ('68', 'Benjamin', 'chef', 'Pratt', '6941928994', '1974-10-15', '30', 'https://picsum.photos/69/947', 'Distributed leadingedge capability');
INSERT INTO cooker (cooker_id, first_name, cooker_rank, last_name, phone, birth_date, years_of_experience, image, image_caption) VALUES ('69', 'Sharon', 'B', 'Mitchell', '6967033092', '2000-01-18', '5', 'https://picsum.photos/175/961', 'Open-source 24/7 orchestration');
INSERT INTO cooker (cooker_id, first_name, cooker_rank, last_name, phone, birth_date, years_of_experience, image, image_caption) VALUES ('70', 'Linda', 'B', 'Wagner', '6945747525', '1995-06-08', '5', 'https://picsum.photos/9/568', 'Optional contextually-based focus group');
INSERT INTO cooker (cooker_id, first_name, cooker_rank, last_name, phone, birth_date, years_of_experience, image, image_caption) VALUES ('71', 'John', 'C', 'Vasquez', '6912197820', '1989-02-11', '15', 'https://dummyimage.com/192x889', 'User-friendly user-facing artificial int');
INSERT INTO cooker (cooker_id, first_name, cooker_rank, last_name, phone, birth_date, years_of_experience, image, image_caption) VALUES ('72', 'Peter', 'B', 'Sanders', '6905788944', '1962-07-14', '5', 'https://picsum.photos/354/730', 'Multi-layered stable superstructure');
INSERT INTO cooker (cooker_id, first_name, cooker_rank, last_name, phone, birth_date, years_of_experience, image, image_caption) VALUES ('73', 'Oscar', 'chef', 'Estrada', '6996212093', '1968-08-03', '12', 'https://placekitten.com/91/722', 'Realigned 6thgeneration hierarchy');
INSERT INTO cooker (cooker_id, first_name, cooker_rank, last_name, phone, birth_date, years_of_experience, image, image_caption) VALUES ('74', 'Kimberly', 'sous-chef', 'Jackson', '6992347945', '1962-03-01', '30', 'https://picsum.photos/75/903', 'Enterprise-wide well-modulated matrix');
INSERT INTO cooker (cooker_id, first_name, cooker_rank, last_name, phone, birth_date, years_of_experience, image, image_caption) VALUES ('75', 'Sheena', 'C', 'Johnson', '6960541623', '1960-10-16', '10', 'https://placekitten.com/345/344', 'Expanded tertiary contingency');
INSERT INTO cooker (cooker_id, first_name, cooker_rank, last_name, phone, birth_date, years_of_experience, image, image_caption) VALUES ('76', 'Samantha', 'chef', 'Fleming', '6970665018', '1980-03-28', '10', 'https://dummyimage.com/524x926', 'Object-based incremental groupware');
INSERT INTO cooker (cooker_id, first_name, cooker_rank, last_name, phone, birth_date, years_of_experience, image, image_caption) VALUES ('77', 'Erin', 'B', 'Burgess', '6947492353', '1969-05-16', '36', 'https://dummyimage.com/364x306', 'Progressive user-facing initiative');
INSERT INTO cooker (cooker_id, first_name, cooker_rank, last_name, phone, birth_date, years_of_experience, image, image_caption) VALUES ('78', 'Joseph', 'C', 'Lucas', '6955791016', '1966-02-20', '6', 'https://picsum.photos/914/979', 'Ameliorated needs-based intranet');
INSERT INTO cooker (cooker_id, first_name, cooker_rank, last_name, phone, birth_date, years_of_experience, image, image_caption) VALUES ('79', 'Kathleen', 'chef', 'Brooks', '6972065607', '1978-10-03', '0', 'https://dummyimage.com/401x858', 'Innovative asymmetric info-mediaries');
INSERT INTO cooker (cooker_id, first_name, cooker_rank, last_name, phone, birth_date, years_of_experience, image, image_caption) VALUES ('80', 'Mark', 'A', 'Skinner', '6924672411', '1966-06-22', '20', 'https://placekitten.com/236/758', 'Sharable grid-enabled monitoring');
INSERT INTO cooker (cooker_id, first_name, cooker_rank, last_name, phone, birth_date, years_of_experience, image, image_caption) VALUES ('81', 'Daniel', 'B', 'Clements', '6950273568', '1969-04-26', '20', 'https://placekitten.com/469/64', 'Reverse-engineered content-based process');
INSERT INTO cooker (cooker_id, first_name, cooker_rank, last_name, phone, birth_date, years_of_experience, image, image_caption) VALUES ('82', 'Carlos', 'chef', 'Williams', '6996149453', '1996-12-06', '5', 'https://picsum.photos/571/241', 'Synergistic zero-defect productivity');
INSERT INTO cooker (cooker_id, first_name, cooker_rank, last_name, phone, birth_date, years_of_experience, image, image_caption) VALUES ('83', 'Sara', 'C', 'Lee', '6931720983', '1971-03-17', '6', 'https://placekitten.com/235/737', 'Enhanced high-level monitoring');
INSERT INTO cooker (cooker_id, first_name, cooker_rank, last_name, phone, birth_date, years_of_experience, image, image_caption) VALUES ('84', 'Julie', 'A', 'Munoz', '6952054118', '1987-01-16', '15', 'https://dummyimage.com/973x709', 'Synchronized hybrid core');
INSERT INTO cooker (cooker_id, first_name, cooker_rank, last_name, phone, birth_date, years_of_experience, image, image_caption) VALUES ('85', 'Justin', 'B', 'Dudley', '6926329886', '1973-01-26', '25', 'https://dummyimage.com/890x973', 'Vision-oriented interactive instruction ');
INSERT INTO cooker (cooker_id, first_name, cooker_rank, last_name, phone, birth_date, years_of_experience, image, image_caption) VALUES ('86', 'Erica', 'C', 'Burnett', '6995788192', '1999-05-16', '0', 'https://picsum.photos/418/147', 'Re-engineered client-server approach');
INSERT INTO cooker (cooker_id, first_name, cooker_rank, last_name, phone, birth_date, years_of_experience, image, image_caption) VALUES ('87', 'Benjamin', 'A', 'Boyle', '6975006086', '1965-05-28', '23', 'https://picsum.photos/503/66', 'Self-enabling analyzing knowledge user');
INSERT INTO cooker (cooker_id, first_name, cooker_rank, last_name, phone, birth_date, years_of_experience, image, image_caption) VALUES ('88', 'Allen', 'B', 'King', '6929818911', '1992-10-06', '4', 'https://dummyimage.com/1x852', 'Cloned discrete website');
INSERT INTO cooker (cooker_id, first_name, cooker_rank, last_name, phone, birth_date, years_of_experience, image, image_caption) VALUES ('89', 'Connie', 'C', 'Estes', '6907992397', '1989-03-24', '14', 'https://picsum.photos/432/809', 'Right-sized optimal moderator');
INSERT INTO cooker (cooker_id, first_name, cooker_rank, last_name, phone, birth_date, years_of_experience, image, image_caption) VALUES ('90', 'Jerry', 'A', 'Ortega', '6965869605', '1968-05-26', '28', 'https://placekitten.com/99/54', 'Programmable systemic adapter');
INSERT INTO cooker (cooker_id, first_name, cooker_rank, last_name, phone, birth_date, years_of_experience, image, image_caption) VALUES ('91', 'Karen', 'sous-chef', 'Price', '6955627538', '1997-11-07', '3', 'https://picsum.photos/1007/861', 'Front-line composite customer loyalty');
INSERT INTO cooker (cooker_id, first_name, cooker_rank, last_name, phone, birth_date, years_of_experience, image, image_caption) VALUES ('92', 'Bryan', 'A', 'Wolfe', '6961531040', '1966-01-02', '33', 'https://dummyimage.com/391x77', 'Cross-group didactic frame');
INSERT INTO cooker (cooker_id, first_name, cooker_rank, last_name, phone, birth_date, years_of_experience, image, image_caption) VALUES ('93', 'Daniel', 'A', 'Patel', '6979585882', '1976-07-03', '25', 'https://dummyimage.com/913x570', 'Front-line needs-based contingency');
INSERT INTO cooker (cooker_id, first_name, cooker_rank, last_name, phone, birth_date, years_of_experience, image, image_caption) VALUES ('94', 'Ross', 'chef', 'Hess', '6993939349', '1975-11-28', '30', 'https://picsum.photos/497/643', 'Secured local toolset');
INSERT INTO cooker (cooker_id, first_name, cooker_rank, last_name, phone, birth_date, years_of_experience, image, image_caption) VALUES ('95', 'Todd', 'C', 'Campbell', '6970759940', '1983-06-26', '17', 'https://dummyimage.com/598x562', 'Optional didactic hardware');
INSERT INTO cooker (cooker_id, first_name, cooker_rank, last_name, phone, birth_date, years_of_experience, image, image_caption) VALUES ('96', 'Mary', 'B', 'Meyer', '6944472107', '1962-08-15', '38', 'https://dummyimage.com/665x916', 'Configurable attitude-oriented secured l');
INSERT INTO cooker (cooker_id, first_name, cooker_rank, last_name, phone, birth_date, years_of_experience, image, image_caption) VALUES ('97', 'Charles', 'chef', 'Cook', '6992718961', '2000-04-14', '5', 'https://placekitten.com/90/979', 'Total radical solution');
INSERT INTO cooker (cooker_id, first_name, cooker_rank, last_name, phone, birth_date, years_of_experience, image, image_caption) VALUES ('98', 'David', 'sous-chef', 'Williams', '6990959532', '1979-06-03', '17', 'https://picsum.photos/239/646', 'Organic directional alliance');
INSERT INTO cooker (cooker_id, first_name, cooker_rank, last_name, phone, birth_date, years_of_experience, image, image_caption) VALUES ('99', 'Karen', 'sous-chef', 'Brown', '6983273356', '1996-11-12', '8', 'https://placekitten.com/640/700', 'Reduced coherent approach');
INSERT INTO cooker (cooker_id, first_name, cooker_rank, last_name, phone, birth_date, years_of_experience, image, image_caption) VALUES ('100', 'Curtis', 'chef', 'Johnson', '6977455039', '1987-06-03', '13', 'https://placekitten.com/586/234', 'Implemented attitude-oriented algorithm');

INSERT INTO cooker_ethnic (cooker_id, ethnic_id) VALUES ('1', '1');
INSERT INTO cooker_ethnic (cooker_id, ethnic_id) VALUES ('2', '2');
INSERT INTO cooker_ethnic (cooker_id, ethnic_id) VALUES ('3', '3');
INSERT INTO cooker_ethnic (cooker_id, ethnic_id) VALUES ('4', '4');
INSERT INTO cooker_ethnic (cooker_id, ethnic_id) VALUES ('5', '5');
INSERT INTO cooker_ethnic (cooker_id, ethnic_id) VALUES ('6', '6');
INSERT INTO cooker_ethnic (cooker_id, ethnic_id) VALUES ('7', '7');
INSERT INTO cooker_ethnic (cooker_id, ethnic_id) VALUES ('8', '8');
INSERT INTO cooker_ethnic (cooker_id, ethnic_id) VALUES ('9', '9');
INSERT INTO cooker_ethnic (cooker_id, ethnic_id) VALUES ('10', '10');
INSERT INTO cooker_ethnic (cooker_id, ethnic_id) VALUES ('11', '11');
INSERT INTO cooker_ethnic (cooker_id, ethnic_id) VALUES ('12', '12');
INSERT INTO cooker_ethnic (cooker_id, ethnic_id) VALUES ('13', '13');
INSERT INTO cooker_ethnic (cooker_id, ethnic_id) VALUES ('14', '14');
INSERT INTO cooker_ethnic (cooker_id, ethnic_id) VALUES ('15', '15');
INSERT INTO cooker_ethnic (cooker_id, ethnic_id) VALUES ('16', '16');
INSERT INTO cooker_ethnic (cooker_id, ethnic_id) VALUES ('17', '17');
INSERT INTO cooker_ethnic (cooker_id, ethnic_id) VALUES ('18', '18');
INSERT INTO cooker_ethnic (cooker_id, ethnic_id) VALUES ('19', '19');
INSERT INTO cooker_ethnic (cooker_id, ethnic_id) VALUES ('20', '20');
INSERT INTO cooker_ethnic (cooker_id, ethnic_id) VALUES ('21', '21');
INSERT INTO cooker_ethnic (cooker_id, ethnic_id) VALUES ('22', '22');
INSERT INTO cooker_ethnic (cooker_id, ethnic_id) VALUES ('23', '23');
INSERT INTO cooker_ethnic (cooker_id, ethnic_id) VALUES ('24', '24');
INSERT INTO cooker_ethnic (cooker_id, ethnic_id) VALUES ('25', '25');
INSERT INTO cooker_ethnic (cooker_id, ethnic_id) VALUES ('26', '26');
INSERT INTO cooker_ethnic (cooker_id, ethnic_id) VALUES ('27', '27');
INSERT INTO cooker_ethnic (cooker_id, ethnic_id) VALUES ('28', '28');
INSERT INTO cooker_ethnic (cooker_id, ethnic_id) VALUES ('29', '29');
INSERT INTO cooker_ethnic (cooker_id, ethnic_id) VALUES ('30', '30');
INSERT INTO cooker_ethnic (cooker_id, ethnic_id) VALUES ('31', '31');
INSERT INTO cooker_ethnic (cooker_id, ethnic_id) VALUES ('32', '32');
INSERT INTO cooker_ethnic (cooker_id, ethnic_id) VALUES ('33', '33');
INSERT INTO cooker_ethnic (cooker_id, ethnic_id) VALUES ('34', '34');
INSERT INTO cooker_ethnic (cooker_id, ethnic_id) VALUES ('35', '35');
INSERT INTO cooker_ethnic (cooker_id, ethnic_id) VALUES ('36', '36');
INSERT INTO cooker_ethnic (cooker_id, ethnic_id) VALUES ('37', '37');
INSERT INTO cooker_ethnic (cooker_id, ethnic_id) VALUES ('38', '38');
INSERT INTO cooker_ethnic (cooker_id, ethnic_id) VALUES ('39', '39');
INSERT INTO cooker_ethnic (cooker_id, ethnic_id) VALUES ('40', '40');
INSERT INTO cooker_ethnic (cooker_id, ethnic_id) VALUES ('41', '7');
INSERT INTO cooker_ethnic (cooker_id, ethnic_id) VALUES ('42', '39');
INSERT INTO cooker_ethnic (cooker_id, ethnic_id) VALUES ('43', '34');
INSERT INTO cooker_ethnic (cooker_id, ethnic_id) VALUES ('44', '21');
INSERT INTO cooker_ethnic (cooker_id, ethnic_id) VALUES ('45', '25');
INSERT INTO cooker_ethnic (cooker_id, ethnic_id) VALUES ('46', '30');
INSERT INTO cooker_ethnic (cooker_id, ethnic_id) VALUES ('47', '10');
INSERT INTO cooker_ethnic (cooker_id, ethnic_id) VALUES ('48', '34');
INSERT INTO cooker_ethnic (cooker_id, ethnic_id) VALUES ('49', '5');
INSERT INTO cooker_ethnic (cooker_id, ethnic_id) VALUES ('50', '15');
INSERT INTO cooker_ethnic (cooker_id, ethnic_id) VALUES ('51', '3');
INSERT INTO cooker_ethnic (cooker_id, ethnic_id) VALUES ('52', '19');
INSERT INTO cooker_ethnic (cooker_id, ethnic_id) VALUES ('53', '26');
INSERT INTO cooker_ethnic (cooker_id, ethnic_id) VALUES ('54', '11');
INSERT INTO cooker_ethnic (cooker_id, ethnic_id) VALUES ('55', '24');
INSERT INTO cooker_ethnic (cooker_id, ethnic_id) VALUES ('56', '28');
INSERT INTO cooker_ethnic (cooker_id, ethnic_id) VALUES ('57', '40');
INSERT INTO cooker_ethnic (cooker_id, ethnic_id) VALUES ('58', '12');
INSERT INTO cooker_ethnic (cooker_id, ethnic_id) VALUES ('59', '24');
INSERT INTO cooker_ethnic (cooker_id, ethnic_id) VALUES ('60', '2');
INSERT INTO cooker_ethnic (cooker_id, ethnic_id) VALUES ('61', '24');
INSERT INTO cooker_ethnic (cooker_id, ethnic_id) VALUES ('62', '3');
INSERT INTO cooker_ethnic (cooker_id, ethnic_id) VALUES ('63', '11');
INSERT INTO cooker_ethnic (cooker_id, ethnic_id) VALUES ('64', '10');
INSERT INTO cooker_ethnic (cooker_id, ethnic_id) VALUES ('65', '2');
INSERT INTO cooker_ethnic (cooker_id, ethnic_id) VALUES ('66', '7');
INSERT INTO cooker_ethnic (cooker_id, ethnic_id) VALUES ('67', '18');
INSERT INTO cooker_ethnic (cooker_id, ethnic_id) VALUES ('68', '7');
INSERT INTO cooker_ethnic (cooker_id, ethnic_id) VALUES ('69', '7');
INSERT INTO cooker_ethnic (cooker_id, ethnic_id) VALUES ('70', '4');
INSERT INTO cooker_ethnic (cooker_id, ethnic_id) VALUES ('71', '27');
INSERT INTO cooker_ethnic (cooker_id, ethnic_id) VALUES ('72', '6');
INSERT INTO cooker_ethnic (cooker_id, ethnic_id) VALUES ('73', '7');
INSERT INTO cooker_ethnic (cooker_id, ethnic_id) VALUES ('74', '11');
INSERT INTO cooker_ethnic (cooker_id, ethnic_id) VALUES ('75', '29');
INSERT INTO cooker_ethnic (cooker_id, ethnic_id) VALUES ('76', '18');
INSERT INTO cooker_ethnic (cooker_id, ethnic_id) VALUES ('77', '25');
INSERT INTO cooker_ethnic (cooker_id, ethnic_id) VALUES ('78', '6');
INSERT INTO cooker_ethnic (cooker_id, ethnic_id) VALUES ('79', '22');
INSERT INTO cooker_ethnic (cooker_id, ethnic_id) VALUES ('80', '14');
INSERT INTO cooker_ethnic (cooker_id, ethnic_id) VALUES ('81', '21');
INSERT INTO cooker_ethnic (cooker_id, ethnic_id) VALUES ('82', '20');
INSERT INTO cooker_ethnic (cooker_id, ethnic_id) VALUES ('83', '14');
INSERT INTO cooker_ethnic (cooker_id, ethnic_id) VALUES ('84', '32');
INSERT INTO cooker_ethnic (cooker_id, ethnic_id) VALUES ('85', '3');
INSERT INTO cooker_ethnic (cooker_id, ethnic_id) VALUES ('86', '19');
INSERT INTO cooker_ethnic (cooker_id, ethnic_id) VALUES ('87', '30');
INSERT INTO cooker_ethnic (cooker_id, ethnic_id) VALUES ('88', '34');
INSERT INTO cooker_ethnic (cooker_id, ethnic_id) VALUES ('89', '36');
INSERT INTO cooker_ethnic (cooker_id, ethnic_id) VALUES ('90', '8');
INSERT INTO cooker_ethnic (cooker_id, ethnic_id) VALUES ('91', '32');
INSERT INTO cooker_ethnic (cooker_id, ethnic_id) VALUES ('92', '19');
INSERT INTO cooker_ethnic (cooker_id, ethnic_id) VALUES ('93', '25');
INSERT INTO cooker_ethnic (cooker_id, ethnic_id) VALUES ('94', '21');
INSERT INTO cooker_ethnic (cooker_id, ethnic_id) VALUES ('95', '6');
INSERT INTO cooker_ethnic (cooker_id, ethnic_id) VALUES ('96', '10');
INSERT INTO cooker_ethnic (cooker_id, ethnic_id) VALUES ('97', '9');
INSERT INTO cooker_ethnic (cooker_id, ethnic_id) VALUES ('98', '18');
INSERT INTO cooker_ethnic (cooker_id, ethnic_id) VALUES ('99', '6');
INSERT INTO cooker_ethnic (cooker_id, ethnic_id) VALUES ('100', '3');

INSERT INTO cooker_recipes (cooker_id, recipe_id) VALUES ('1', '1');
INSERT INTO cooker_recipes (cooker_id, recipe_id) VALUES ('2', '2');
INSERT INTO cooker_recipes (cooker_id, recipe_id) VALUES ('3', '3');
INSERT INTO cooker_recipes (cooker_id, recipe_id) VALUES ('4', '4');
INSERT INTO cooker_recipes (cooker_id, recipe_id) VALUES ('5', '5');
INSERT INTO cooker_recipes (cooker_id, recipe_id) VALUES ('5', '71');
INSERT INTO cooker_recipes (cooker_id, recipe_id) VALUES ('5', '64');
INSERT INTO cooker_recipes (cooker_id, recipe_id) VALUES ('5', '48');
INSERT INTO cooker_recipes (cooker_id, recipe_id) VALUES ('5', '73');
INSERT INTO cooker_recipes (cooker_id, recipe_id) VALUES ('6', '83');
INSERT INTO cooker_recipes (cooker_id, recipe_id) VALUES ('7', '7');
INSERT INTO cooker_recipes (cooker_id, recipe_id) VALUES ('8', '60');
INSERT INTO cooker_recipes (cooker_id, recipe_id) VALUES ('8', '68');
INSERT INTO cooker_recipes (cooker_id, recipe_id) VALUES ('8', '43');
INSERT INTO cooker_recipes (cooker_id, recipe_id) VALUES ('8', '8');
INSERT INTO cooker_recipes (cooker_id, recipe_id) VALUES ('8', '76');
INSERT INTO cooker_recipes (cooker_id, recipe_id) VALUES ('9', '9');
INSERT INTO cooker_recipes (cooker_id, recipe_id) VALUES ('10', '10');
INSERT INTO cooker_recipes (cooker_id, recipe_id) VALUES ('11', '11');
INSERT INTO cooker_recipes (cooker_id, recipe_id) VALUES ('12', '74');
INSERT INTO cooker_recipes (cooker_id, recipe_id) VALUES ('13', '72');
INSERT INTO cooker_recipes (cooker_id, recipe_id) VALUES ('13', '47');
INSERT INTO cooker_recipes (cooker_id, recipe_id) VALUES ('13', '13');
INSERT INTO cooker_recipes (cooker_id, recipe_id) VALUES ('14', '14');
INSERT INTO cooker_recipes (cooker_id, recipe_id) VALUES ('15', '15');
INSERT INTO cooker_recipes (cooker_id, recipe_id) VALUES ('16', '16');
INSERT INTO cooker_recipes (cooker_id, recipe_id) VALUES ('16', '93');
INSERT INTO cooker_recipes (cooker_id, recipe_id) VALUES ('17', '17');
INSERT INTO cooker_recipes (cooker_id, recipe_id) VALUES ('18', '18');
INSERT INTO cooker_recipes (cooker_id, recipe_id) VALUES ('19', '19');
INSERT INTO cooker_recipes (cooker_id, recipe_id) VALUES ('20', '84');
INSERT INTO cooker_recipes (cooker_id, recipe_id) VALUES ('21', '21');
INSERT INTO cooker_recipes (cooker_id, recipe_id) VALUES ('22', '22');
INSERT INTO cooker_recipes (cooker_id, recipe_id) VALUES ('23', '23');
INSERT INTO cooker_recipes (cooker_id, recipe_id) VALUES ('24', '24');
INSERT INTO cooker_recipes (cooker_id, recipe_id) VALUES ('24', '77');
INSERT INTO cooker_recipes (cooker_id, recipe_id) VALUES ('24', '92');
INSERT INTO cooker_recipes (cooker_id, recipe_id) VALUES ('25', '96');
INSERT INTO cooker_recipes (cooker_id, recipe_id) VALUES ('25', '25');
INSERT INTO cooker_recipes (cooker_id, recipe_id) VALUES ('25', '79');
INSERT INTO cooker_recipes (cooker_id, recipe_id) VALUES ('26', '59');
INSERT INTO cooker_recipes (cooker_id, recipe_id) VALUES ('26', '26');
INSERT INTO cooker_recipes (cooker_id, recipe_id) VALUES ('26', '52');
INSERT INTO cooker_recipes (cooker_id, recipe_id) VALUES ('27', '27');
INSERT INTO cooker_recipes (cooker_id, recipe_id) VALUES ('27', '94');
INSERT INTO cooker_recipes (cooker_id, recipe_id) VALUES ('28', '28');
INSERT INTO cooker_recipes (cooker_id, recipe_id) VALUES ('29', '58');
INSERT INTO cooker_recipes (cooker_id, recipe_id) VALUES ('29', '87');
INSERT INTO cooker_recipes (cooker_id, recipe_id) VALUES ('29', '75');
INSERT INTO cooker_recipes (cooker_id, recipe_id) VALUES ('29', '29');
INSERT INTO cooker_recipes (cooker_id, recipe_id) VALUES ('30', '30');
INSERT INTO cooker_recipes (cooker_id, recipe_id) VALUES ('31', '31');
INSERT INTO cooker_recipes (cooker_id, recipe_id) VALUES ('31', '62');
INSERT INTO cooker_recipes (cooker_id, recipe_id) VALUES ('32', '32');
INSERT INTO cooker_recipes (cooker_id, recipe_id) VALUES ('33', '54');
INSERT INTO cooker_recipes (cooker_id, recipe_id) VALUES ('34', '34');
INSERT INTO cooker_recipes (cooker_id, recipe_id) VALUES ('35', '86');
INSERT INTO cooker_recipes (cooker_id, recipe_id) VALUES ('35', '35');
INSERT INTO cooker_recipes (cooker_id, recipe_id) VALUES ('36', '82');
INSERT INTO cooker_recipes (cooker_id, recipe_id) VALUES ('36', '36');
INSERT INTO cooker_recipes (cooker_id, recipe_id) VALUES ('36', '61');
INSERT INTO cooker_recipes (cooker_id, recipe_id) VALUES ('37', '37');
INSERT INTO cooker_recipes (cooker_id, recipe_id) VALUES ('38', '38');
INSERT INTO cooker_recipes (cooker_id, recipe_id) VALUES ('38', '66');
INSERT INTO cooker_recipes (cooker_id, recipe_id) VALUES ('39', '39');
INSERT INTO cooker_recipes (cooker_id, recipe_id) VALUES ('39', '99');
INSERT INTO cooker_recipes (cooker_id, recipe_id) VALUES ('39', '80');
INSERT INTO cooker_recipes (cooker_id, recipe_id) VALUES ('40', '89');
INSERT INTO cooker_recipes (cooker_id, recipe_id) VALUES ('40', '40');
INSERT INTO cooker_recipes (cooker_id, recipe_id) VALUES ('40', '56');
INSERT INTO cooker_recipes (cooker_id, recipe_id) VALUES ('40', '55');
INSERT INTO cooker_recipes (cooker_id, recipe_id) VALUES ('40', '69');
INSERT INTO cooker_recipes (cooker_id, recipe_id) VALUES ('41', '7');
INSERT INTO cooker_recipes (cooker_id, recipe_id) VALUES ('42', '99');
INSERT INTO cooker_recipes (cooker_id, recipe_id) VALUES ('42', '80');
INSERT INTO cooker_recipes (cooker_id, recipe_id) VALUES ('43', '34');
INSERT INTO cooker_recipes (cooker_id, recipe_id) VALUES ('44', '21');
INSERT INTO cooker_recipes (cooker_id, recipe_id) VALUES ('45', '96');
INSERT INTO cooker_recipes (cooker_id, recipe_id) VALUES ('45', '25');
INSERT INTO cooker_recipes (cooker_id, recipe_id) VALUES ('45', '79');
INSERT INTO cooker_recipes (cooker_id, recipe_id) VALUES ('46', '30');
INSERT INTO cooker_recipes (cooker_id, recipe_id) VALUES ('47', '95');
INSERT INTO cooker_recipes (cooker_id, recipe_id) VALUES ('48', '34');
INSERT INTO cooker_recipes (cooker_id, recipe_id) VALUES ('49', '48');
INSERT INTO cooker_recipes (cooker_id, recipe_id) VALUES ('49', '73');
INSERT INTO cooker_recipes (cooker_id, recipe_id) VALUES ('50', '15');
INSERT INTO cooker_recipes (cooker_id, recipe_id) VALUES ('51', '3');
INSERT INTO cooker_recipes (cooker_id, recipe_id) VALUES ('51', '90');
INSERT INTO cooker_recipes (cooker_id, recipe_id) VALUES ('52', '19');
INSERT INTO cooker_recipes (cooker_id, recipe_id) VALUES ('53', '26');
INSERT INTO cooker_recipes (cooker_id, recipe_id) VALUES ('54', '11');
INSERT INTO cooker_recipes (cooker_id, recipe_id) VALUES ('55', '24');
INSERT INTO cooker_recipes (cooker_id, recipe_id) VALUES ('55', '77');
INSERT INTO cooker_recipes (cooker_id, recipe_id) VALUES ('56', '28');
INSERT INTO cooker_recipes (cooker_id, recipe_id) VALUES ('57', '40');
INSERT INTO cooker_recipes (cooker_id, recipe_id) VALUES ('57', '55');
INSERT INTO cooker_recipes (cooker_id, recipe_id) VALUES ('57', '56');
INSERT INTO cooker_recipes (cooker_id, recipe_id) VALUES ('57', '69');
INSERT INTO cooker_recipes (cooker_id, recipe_id) VALUES ('57', '89');
INSERT INTO cooker_recipes (cooker_id, recipe_id) VALUES ('58', '12');
INSERT INTO cooker_recipes (cooker_id, recipe_id) VALUES ('59', '92');
INSERT INTO cooker_recipes (cooker_id, recipe_id) VALUES ('59', '24');
INSERT INTO cooker_recipes (cooker_id, recipe_id) VALUES ('60', '44');
INSERT INTO cooker_recipes (cooker_id, recipe_id) VALUES ('60', '2');
INSERT INTO cooker_recipes (cooker_id, recipe_id) VALUES ('61', '77');
INSERT INTO cooker_recipes (cooker_id, recipe_id) VALUES ('61', '92');
INSERT INTO cooker_recipes (cooker_id, recipe_id) VALUES ('61', '24');
INSERT INTO cooker_recipes (cooker_id, recipe_id) VALUES ('62', '90');
INSERT INTO cooker_recipes (cooker_id, recipe_id) VALUES ('63', '11');
INSERT INTO cooker_recipes (cooker_id, recipe_id) VALUES ('64', '85');
INSERT INTO cooker_recipes (cooker_id, recipe_id) VALUES ('65', '2');
INSERT INTO cooker_recipes (cooker_id, recipe_id) VALUES ('65', '44');
INSERT INTO cooker_recipes (cooker_id, recipe_id) VALUES ('66', '7');
INSERT INTO cooker_recipes (cooker_id, recipe_id) VALUES ('67', '97');
INSERT INTO cooker_recipes (cooker_id, recipe_id) VALUES ('68', '7');
INSERT INTO cooker_recipes (cooker_id, recipe_id) VALUES ('69', '7');
INSERT INTO cooker_recipes (cooker_id, recipe_id) VALUES ('70', '4');
INSERT INTO cooker_recipes (cooker_id, recipe_id) VALUES ('71', '94');
INSERT INTO cooker_recipes (cooker_id, recipe_id) VALUES ('72', '6');
INSERT INTO cooker_recipes (cooker_id, recipe_id) VALUES ('72', '83');
INSERT INTO cooker_recipes (cooker_id, recipe_id) VALUES ('73', '7');
INSERT INTO cooker_recipes (cooker_id, recipe_id) VALUES ('74', '11');
INSERT INTO cooker_recipes (cooker_id, recipe_id) VALUES ('75', '87');
INSERT INTO cooker_recipes (cooker_id, recipe_id) VALUES ('75', '75');
INSERT INTO cooker_recipes (cooker_id, recipe_id) VALUES ('75', '29');
INSERT INTO cooker_recipes (cooker_id, recipe_id) VALUES ('75', '58');
INSERT INTO cooker_recipes (cooker_id, recipe_id) VALUES ('76', '97');
INSERT INTO cooker_recipes (cooker_id, recipe_id) VALUES ('76', '18');
INSERT INTO cooker_recipes (cooker_id, recipe_id) VALUES ('76', '63');
INSERT INTO cooker_recipes (cooker_id, recipe_id) VALUES ('77', '25');
INSERT INTO cooker_recipes (cooker_id, recipe_id) VALUES ('77', '79');
INSERT INTO cooker_recipes (cooker_id, recipe_id) VALUES ('78', '83');
INSERT INTO cooker_recipes (cooker_id, recipe_id) VALUES ('79', '22');
INSERT INTO cooker_recipes (cooker_id, recipe_id) VALUES ('80', '14');
INSERT INTO cooker_recipes (cooker_id, recipe_id) VALUES ('81', '21');
INSERT INTO cooker_recipes (cooker_id, recipe_id) VALUES ('82', '45');
INSERT INTO cooker_recipes (cooker_id, recipe_id) VALUES ('83', '14');
INSERT INTO cooker_recipes (cooker_id, recipe_id) VALUES ('84', '53');
INSERT INTO cooker_recipes (cooker_id, recipe_id) VALUES ('84', '65');
INSERT INTO cooker_recipes (cooker_id, recipe_id) VALUES ('85', '3');
INSERT INTO cooker_recipes (cooker_id, recipe_id) VALUES ('86', '19');
INSERT INTO cooker_recipes (cooker_id, recipe_id) VALUES ('87', '30');
INSERT INTO cooker_recipes (cooker_id, recipe_id) VALUES ('88', '34');
INSERT INTO cooker_recipes (cooker_id, recipe_id) VALUES ('89', '82');
INSERT INTO cooker_recipes (cooker_id, recipe_id) VALUES ('90', '68');
INSERT INTO cooker_recipes (cooker_id, recipe_id) VALUES ('90', '60');
INSERT INTO cooker_recipes (cooker_id, recipe_id) VALUES ('90', '76');
INSERT INTO cooker_recipes (cooker_id, recipe_id) VALUES ('91', '50');
INSERT INTO cooker_recipes (cooker_id, recipe_id) VALUES ('91', '65');
INSERT INTO cooker_recipes (cooker_id, recipe_id) VALUES ('92', '19');
INSERT INTO cooker_recipes (cooker_id, recipe_id) VALUES ('93', '79');
INSERT INTO cooker_recipes (cooker_id, recipe_id) VALUES ('93', '25');
INSERT INTO cooker_recipes (cooker_id, recipe_id) VALUES ('94', '21');
INSERT INTO cooker_recipes (cooker_id, recipe_id) VALUES ('95', '6');
INSERT INTO cooker_recipes (cooker_id, recipe_id) VALUES ('95', '83');
INSERT INTO cooker_recipes (cooker_id, recipe_id) VALUES ('96', '95');
INSERT INTO cooker_recipes (cooker_id, recipe_id) VALUES ('97', '9');
INSERT INTO cooker_recipes (cooker_id, recipe_id) VALUES ('98', '97');
INSERT INTO cooker_recipes (cooker_id, recipe_id) VALUES ('98', '63');
INSERT INTO cooker_recipes (cooker_id, recipe_id) VALUES ('99', '83');
INSERT INTO cooker_recipes (cooker_id, recipe_id) VALUES ('99', '6');
INSERT INTO cooker_recipes (cooker_id, recipe_id) VALUES ('100', '3');
INSERT INTO cooker_recipes (cooker_id, recipe_id) VALUES ('100', '90');

INSERT INTO episode (episode_id, season_year) VALUES ('1', '2022');
INSERT INTO episode (episode_id, season_year) VALUES ('2', '2022');
INSERT INTO episode (episode_id, season_year) VALUES ('3', '2022');
INSERT INTO episode (episode_id, season_year) VALUES ('4', '2022');
INSERT INTO episode (episode_id, season_year) VALUES ('5', '2022');
INSERT INTO episode (episode_id, season_year) VALUES ('6', '2022');
INSERT INTO episode (episode_id, season_year) VALUES ('7', '2022');
INSERT INTO episode (episode_id, season_year) VALUES ('8', '2022');
INSERT INTO episode (episode_id, season_year) VALUES ('9', '2022');
INSERT INTO episode (episode_id, season_year) VALUES ('10', '2022');
INSERT INTO episode (episode_id, season_year) VALUES ('1', '2023');
INSERT INTO episode (episode_id, season_year) VALUES ('2', '2023');
INSERT INTO episode (episode_id, season_year) VALUES ('3', '2023');
INSERT INTO episode (episode_id, season_year) VALUES ('4', '2023');
INSERT INTO episode (episode_id, season_year) VALUES ('5', '2023');
INSERT INTO episode (episode_id, season_year) VALUES ('6', '2023');
INSERT INTO episode (episode_id, season_year) VALUES ('7', '2023');
INSERT INTO episode (episode_id, season_year) VALUES ('8', '2023');
INSERT INTO episode (episode_id, season_year) VALUES ('9', '2023');
INSERT INTO episode (episode_id, season_year) VALUES ('10', '2023');
INSERT INTO episode (episode_id, season_year) VALUES ('1', '2024');
INSERT INTO episode (episode_id, season_year) VALUES ('2', '2024');
INSERT INTO episode (episode_id, season_year) VALUES ('3', '2024');
INSERT INTO episode (episode_id, season_year) VALUES ('4', '2024');
INSERT INTO episode (episode_id, season_year) VALUES ('5', '2024');
INSERT INTO episode (episode_id, season_year) VALUES ('6', '2024');
INSERT INTO episode (episode_id, season_year) VALUES ('7', '2024');
INSERT INTO episode (episode_id, season_year) VALUES ('8', '2024');
INSERT INTO episode (episode_id, season_year) VALUES ('9', '2024');
INSERT INTO episode (episode_id, season_year) VALUES ('10', '2024');

INSERT INTO episode_expansion (episode_id, cooker_id, recipe_id, season_year, is_judge, eval1) VALUES ('1', '71', '94', '2022', 1, '1');
INSERT INTO episode_expansion (episode_id, cooker_id, recipe_id, season_year, is_judge, eval2) VALUES ('1', '78', '83', '2022', 1, '1');
INSERT INTO episode_expansion (episode_id, cooker_id, recipe_id, season_year, is_judge, eval3) VALUES ('1', '87', '30', '2022', 1, '1');
INSERT INTO episode_expansion (episode_id, cooker_id, recipe_id, season_year, is_judge, eval1, eval2, eval3) VALUES ('1', '8', '60', '2022', 0, '3','3','2');
INSERT INTO episode_expansion (episode_id, cooker_id, recipe_id, season_year, is_judge, eval1, eval2, eval3) VALUES ('1', '60', '44', '2022', 0, '1','3','3');
INSERT INTO episode_expansion (episode_id, cooker_id, recipe_id, season_year, is_judge, eval1, eval2, eval3) VALUES ('1', '23', '23', '2022', 0, '3','2','1');
INSERT INTO episode_expansion (episode_id, cooker_id, recipe_id, season_year, is_judge, eval1, eval2, eval3) VALUES ('1', '15', '15', '2022', 0, '2','3','2');
INSERT INTO episode_expansion (episode_id, cooker_id, recipe_id, season_year, is_judge, eval1, eval2, eval3) VALUES ('1', '77', '25', '2022', 0, '5','5','2');
INSERT INTO episode_expansion (episode_id, cooker_id, recipe_id, season_year, is_judge, eval1, eval2, eval3) VALUES ('1', '86', '19', '2022', 0, '5','5','2');
INSERT INTO episode_expansion (episode_id, cooker_id, recipe_id, season_year, is_judge, eval1, eval2, eval3) VALUES ('1', '73', '7', '2022', 0, '2','3','5');
INSERT INTO episode_expansion (episode_id, cooker_id, recipe_id, season_year, is_judge, eval1, eval2, eval3) VALUES ('1', '55', '24', '2022', 0, '2','1','5');
INSERT INTO episode_expansion (episode_id, cooker_id, recipe_id, season_year, is_judge, eval1, eval2, eval3) VALUES ('1', '49', '73', '2022', 0, '2','3','5');
INSERT INTO episode_expansion (episode_id, cooker_id, recipe_id, season_year, is_judge, eval1, eval2, eval3) VALUES ('1', '37', '37', '2022', 0, '5','3','4');
INSERT INTO episode_expansion (episode_id, cooker_id, recipe_id, season_year, is_judge, eval1) VALUES ('2', '15', '15', '2022', 1, '1');
INSERT INTO episode_expansion (episode_id, cooker_id, recipe_id, season_year, is_judge, eval2) VALUES ('2', '2', '2', '2022', 1, '1');
INSERT INTO episode_expansion (episode_id, cooker_id, recipe_id, season_year, is_judge, eval3) VALUES ('2', '48', '34', '2022', 1, '1');
INSERT INTO episode_expansion (episode_id, cooker_id, recipe_id, season_year, is_judge, eval1, eval2, eval3) VALUES ('2', '36', '61', '2022', 0, '1','4','4');
INSERT INTO episode_expansion (episode_id, cooker_id, recipe_id, season_year, is_judge, eval1, eval2, eval3) VALUES ('2', '13', '47', '2022', 0, '5','2','3');
INSERT INTO episode_expansion (episode_id, cooker_id, recipe_id, season_year, is_judge, eval1, eval2, eval3) VALUES ('2', '56', '28', '2022', 0, '3','1','3');
INSERT INTO episode_expansion (episode_id, cooker_id, recipe_id, season_year, is_judge, eval1, eval2, eval3) VALUES ('2', '17', '17', '2022', 0, '4','4','5');
INSERT INTO episode_expansion (episode_id, cooker_id, recipe_id, season_year, is_judge, eval1, eval2, eval3) VALUES ('2', '31', '62', '2022', 0, '2','1','2');
INSERT INTO episode_expansion (episode_id, cooker_id, recipe_id, season_year, is_judge, eval1, eval2, eval3) VALUES ('2', '53', '26', '2022', 0, '5','2','4');
INSERT INTO episode_expansion (episode_id, cooker_id, recipe_id, season_year, is_judge, eval1, eval2, eval3) VALUES ('2', '41', '7', '2022', 0, '5','2','1');
INSERT INTO episode_expansion (episode_id, cooker_id, recipe_id, season_year, is_judge, eval1, eval2, eval3) VALUES ('2', '54', '11', '2022', 0, '3','3','3');
INSERT INTO episode_expansion (episode_id, cooker_id, recipe_id, season_year, is_judge, eval1, eval2, eval3) VALUES ('2', '42', '99', '2022', 0, '2','5','2');
INSERT INTO episode_expansion (episode_id, cooker_id, recipe_id, season_year, is_judge, eval1, eval2, eval3) VALUES ('2', '57', '40', '2022', 0, '1','5','5');
INSERT INTO episode_expansion (episode_id, cooker_id, recipe_id, season_year, is_judge, eval1) VALUES ('3', '9', '9', '2022', 1, '1');
INSERT INTO episode_expansion (episode_id, cooker_id, recipe_id, season_year, is_judge, eval2) VALUES ('3', '33', '54', '2022', 1, '1');
INSERT INTO episode_expansion (episode_id, cooker_id, recipe_id, season_year, is_judge, eval3) VALUES ('3', '38', '38', '2022', 1, '1');
INSERT INTO episode_expansion (episode_id, cooker_id, recipe_id, season_year, is_judge, eval1, eval2, eval3) VALUES ('3', '37', '37', '2022', 0, '5','1','3');
INSERT INTO episode_expansion (episode_id, cooker_id, recipe_id, season_year, is_judge, eval1, eval2, eval3) VALUES ('3', '8', '76', '2022', 0, '2','2','1');
INSERT INTO episode_expansion (episode_id, cooker_id, recipe_id, season_year, is_judge, eval1, eval2, eval3) VALUES ('3', '79', '22', '2022', 0, '3','1','5');
INSERT INTO episode_expansion (episode_id, cooker_id, recipe_id, season_year, is_judge, eval1, eval2, eval3) VALUES ('3', '28', '28', '2022', 0, '4','5','3');
INSERT INTO episode_expansion (episode_id, cooker_id, recipe_id, season_year, is_judge, eval1, eval2, eval3) VALUES ('3', '78', '83', '2022', 0, '3','5','2');
INSERT INTO episode_expansion (episode_id, cooker_id, recipe_id, season_year, is_judge, eval1, eval2, eval3) VALUES ('3', '88', '34', '2022', 0, '1','4','3');
INSERT INTO episode_expansion (episode_id, cooker_id, recipe_id, season_year, is_judge, eval1, eval2, eval3) VALUES ('3', '83', '14', '2022', 0, '3','1','2');
INSERT INTO episode_expansion (episode_id, cooker_id, recipe_id, season_year, is_judge, eval1, eval2, eval3) VALUES ('3', '49', '48', '2022', 0, '5','2','5');
INSERT INTO episode_expansion (episode_id, cooker_id, recipe_id, season_year, is_judge, eval1, eval2, eval3) VALUES ('3', '91', '50', '2022', 0, '3','3','2');
INSERT INTO episode_expansion (episode_id, cooker_id, recipe_id, season_year, is_judge, eval1, eval2, eval3) VALUES ('3', '26', '59', '2022', 0, '3','4','5');
INSERT INTO episode_expansion (episode_id, cooker_id, recipe_id, season_year, is_judge, eval1) VALUES ('4', '9', '9', '2022', 1, '1');
INSERT INTO episode_expansion (episode_id, cooker_id, recipe_id, season_year, is_judge, eval2) VALUES ('4', '1', '1', '2022', 1, '1');
INSERT INTO episode_expansion (episode_id, cooker_id, recipe_id, season_year, is_judge, eval3) VALUES ('4', '37', '37', '2022', 1, '1');
INSERT INTO episode_expansion (episode_id, cooker_id, recipe_id, season_year, is_judge, eval1, eval2, eval3) VALUES ('4', '20', '84', '2022', 0, '4','1','5');
INSERT INTO episode_expansion (episode_id, cooker_id, recipe_id, season_year, is_judge, eval1, eval2, eval3) VALUES ('4', '18', '18', '2022', 0, '5','5','1');
INSERT INTO episode_expansion (episode_id, cooker_id, recipe_id, season_year, is_judge, eval1, eval2, eval3) VALUES ('4', '17', '17', '2022', 0, '5','4','2');
INSERT INTO episode_expansion (episode_id, cooker_id, recipe_id, season_year, is_judge, eval1, eval2, eval3) VALUES ('4', '47', '95', '2022', 0, '4','1','4');
INSERT INTO episode_expansion (episode_id, cooker_id, recipe_id, season_year, is_judge, eval1, eval2, eval3) VALUES ('4', '77', '25', '2022', 0, '1','2','5');
INSERT INTO episode_expansion (episode_id, cooker_id, recipe_id, season_year, is_judge, eval1, eval2, eval3) VALUES ('4', '95', '83', '2022', 0, '5','2','3');
INSERT INTO episode_expansion (episode_id, cooker_id, recipe_id, season_year, is_judge, eval1, eval2, eval3) VALUES ('4', '38', '38', '2022', 0, '4','3','2');
INSERT INTO episode_expansion (episode_id, cooker_id, recipe_id, season_year, is_judge, eval1, eval2, eval3) VALUES ('4', '31', '62', '2022', 0, '2','2','3');
INSERT INTO episode_expansion (episode_id, cooker_id, recipe_id, season_year, is_judge, eval1, eval2, eval3) VALUES ('4', '73', '7', '2022', 0, '1','3','2');
INSERT INTO episode_expansion (episode_id, cooker_id, recipe_id, season_year, is_judge, eval1, eval2, eval3) VALUES ('4', '13', '72', '2022', 0, '1','3','3');
INSERT INTO episode_expansion (episode_id, cooker_id, recipe_id, season_year, is_judge, eval1) VALUES ('5', '29', '75', '2022', 1, '1');
INSERT INTO episode_expansion (episode_id, cooker_id, recipe_id, season_year, is_judge, eval2) VALUES ('5', '19', '19', '2022', 1, '1');
INSERT INTO episode_expansion (episode_id, cooker_id, recipe_id, season_year, is_judge, eval3) VALUES ('5', '11', '11', '2022', 1, '1');
INSERT INTO episode_expansion (episode_id, cooker_id, recipe_id, season_year, is_judge, eval1, eval2, eval3) VALUES ('5', '45', '96', '2022', 0, '3','4','1');
INSERT INTO episode_expansion (episode_id, cooker_id, recipe_id, season_year, is_judge, eval1, eval2, eval3) VALUES ('5', '68', '7', '2022', 0, '5','1','3');
INSERT INTO episode_expansion (episode_id, cooker_id, recipe_id, season_year, is_judge, eval1, eval2, eval3) VALUES ('5', '55', '77', '2022', 0, '1','3','3');
INSERT INTO episode_expansion (episode_id, cooker_id, recipe_id, season_year, is_judge, eval1, eval2, eval3) VALUES ('5', '58', '12', '2022', 0, '3','5','2');
INSERT INTO episode_expansion (episode_id, cooker_id, recipe_id, season_year, is_judge, eval1, eval2, eval3) VALUES ('5', '49', '48', '2022', 0, '3','3','5');
INSERT INTO episode_expansion (episode_id, cooker_id, recipe_id, season_year, is_judge, eval1, eval2, eval3) VALUES ('5', '1', '1', '2022', 0, '2','1','3');
INSERT INTO episode_expansion (episode_id, cooker_id, recipe_id, season_year, is_judge, eval1, eval2, eval3) VALUES ('5', '26', '52', '2022', 0, '1','1','5');
INSERT INTO episode_expansion (episode_id, cooker_id, recipe_id, season_year, is_judge, eval1, eval2, eval3) VALUES ('5', '2', '2', '2022', 0, '4','3','5');
INSERT INTO episode_expansion (episode_id, cooker_id, recipe_id, season_year, is_judge, eval1, eval2, eval3) VALUES ('5', '87', '30', '2022', 0, '5','4','5');
INSERT INTO episode_expansion (episode_id, cooker_id, recipe_id, season_year, is_judge, eval1, eval2, eval3) VALUES ('5', '23', '23', '2022', 0, '4','4','5');
INSERT INTO episode_expansion (episode_id, cooker_id, recipe_id, season_year, is_judge, eval1) VALUES ('6', '37', '37', '2022', 1, '1');
INSERT INTO episode_expansion (episode_id, cooker_id, recipe_id, season_year, is_judge, eval2) VALUES ('6', '35', '86', '2022', 1, '1');
INSERT INTO episode_expansion (episode_id, cooker_id, recipe_id, season_year, is_judge, eval3) VALUES ('6', '31', '62', '2022', 1, '1');
INSERT INTO episode_expansion (episode_id, cooker_id, recipe_id, season_year, is_judge, eval1, eval2, eval3) VALUES ('6', '8', '68', '2022', 0, '5','2','3');
INSERT INTO episode_expansion (episode_id, cooker_id, recipe_id, season_year, is_judge, eval1, eval2, eval3) VALUES ('6', '42', '80', '2022', 0, '1','1','5');
INSERT INTO episode_expansion (episode_id, cooker_id, recipe_id, season_year, is_judge, eval1, eval2, eval3) VALUES ('6', '73', '7', '2022', 0, '1','4','3');
INSERT INTO episode_expansion (episode_id, cooker_id, recipe_id, season_year, is_judge, eval1, eval2, eval3) VALUES ('6', '20', '84', '2022', 0, '3','3','4');
INSERT INTO episode_expansion (episode_id, cooker_id, recipe_id, season_year, is_judge, eval1, eval2, eval3) VALUES ('6', '16', '16', '2022', 0, '5','3','5');
INSERT INTO episode_expansion (episode_id, cooker_id, recipe_id, season_year, is_judge, eval1, eval2, eval3) VALUES ('6', '70', '4', '2022', 0, '4','2','1');
INSERT INTO episode_expansion (episode_id, cooker_id, recipe_id, season_year, is_judge, eval1, eval2, eval3) VALUES ('6', '13', '47', '2022', 0, '4','5','5');
INSERT INTO episode_expansion (episode_id, cooker_id, recipe_id, season_year, is_judge, eval1, eval2, eval3) VALUES ('6', '54', '11', '2022', 0, '2','1','4');
INSERT INTO episode_expansion (episode_id, cooker_id, recipe_id, season_year, is_judge, eval1, eval2, eval3) VALUES ('6', '5', '5', '2022', 0, '5','3','4');
INSERT INTO episode_expansion (episode_id, cooker_id, recipe_id, season_year, is_judge, eval1, eval2, eval3) VALUES ('6', '71', '94', '2022', 0, '4','4','5');
INSERT INTO episode_expansion (episode_id, cooker_id, recipe_id, season_year, is_judge, eval1) VALUES ('7', '45', '96', '2022', 1, '1');
INSERT INTO episode_expansion (episode_id, cooker_id, recipe_id, season_year, is_judge, eval2) VALUES ('7', '23', '23', '2022', 1, '1');
INSERT INTO episode_expansion (episode_id, cooker_id, recipe_id, season_year, is_judge, eval3) VALUES ('7', '79', '22', '2022', 1, '1');
INSERT INTO episode_expansion (episode_id, cooker_id, recipe_id, season_year, is_judge, eval1, eval2, eval3) VALUES ('7', '42', '80', '2022', 0, '1','5','5');
INSERT INTO episode_expansion (episode_id, cooker_id, recipe_id, season_year, is_judge, eval1, eval2, eval3) VALUES ('7', '37', '37', '2022', 0, '4','4','3');
INSERT INTO episode_expansion (episode_id, cooker_id, recipe_id, season_year, is_judge, eval1, eval2, eval3) VALUES ('7', '2', '2', '2022', 0, '5','2','5');
INSERT INTO episode_expansion (episode_id, cooker_id, recipe_id, season_year, is_judge, eval1, eval2, eval3) VALUES ('7', '98', '97', '2022', 0, '2','1','2');
INSERT INTO episode_expansion (episode_id, cooker_id, recipe_id, season_year, is_judge, eval1, eval2, eval3) VALUES ('7', '87', '30', '2022', 0, '1','2','1');
INSERT INTO episode_expansion (episode_id, cooker_id, recipe_id, season_year, is_judge, eval1, eval2, eval3) VALUES ('7', '31', '62', '2022', 0, '2','4','3');
INSERT INTO episode_expansion (episode_id, cooker_id, recipe_id, season_year, is_judge, eval1, eval2, eval3) VALUES ('7', '27', '27', '2022', 0, '5','2','2');
INSERT INTO episode_expansion (episode_id, cooker_id, recipe_id, season_year, is_judge, eval1, eval2, eval3) VALUES ('7', '32', '32', '2022', 0, '2','1','4');
INSERT INTO episode_expansion (episode_id, cooker_id, recipe_id, season_year, is_judge, eval1, eval2, eval3) VALUES ('7', '26', '52', '2022', 0, '2','5','2');
INSERT INTO episode_expansion (episode_id, cooker_id, recipe_id, season_year, is_judge, eval1, eval2, eval3) VALUES ('7', '16', '93', '2022', 0, '4','1','5');
INSERT INTO episode_expansion (episode_id, cooker_id, recipe_id, season_year, is_judge, eval1) VALUES ('8', '84', '53', '2022', 1, '1');
INSERT INTO episode_expansion (episode_id, cooker_id, recipe_id, season_year, is_judge, eval2) VALUES ('8', '58', '12', '2022', 1, '1');
INSERT INTO episode_expansion (episode_id, cooker_id, recipe_id, season_year, is_judge, eval3) VALUES ('8', '90', '68', '2022', 1, '1');
INSERT INTO episode_expansion (episode_id, cooker_id, recipe_id, season_year, is_judge, eval1, eval2, eval3) VALUES ('8', '54', '11', '2022', 0, '5','5','3');
INSERT INTO episode_expansion (episode_id, cooker_id, recipe_id, season_year, is_judge, eval1, eval2, eval3) VALUES ('8', '48', '34', '2022', 0, '3','2','5');
INSERT INTO episode_expansion (episode_id, cooker_id, recipe_id, season_year, is_judge, eval1, eval2, eval3) VALUES ('8', '38', '38', '2022', 0, '5','5','4');
INSERT INTO episode_expansion (episode_id, cooker_id, recipe_id, season_year, is_judge, eval1, eval2, eval3) VALUES ('8', '50', '15', '2022', 0, '4','2','2');
INSERT INTO episode_expansion (episode_id, cooker_id, recipe_id, season_year, is_judge, eval1, eval2, eval3) VALUES ('8', '85', '3', '2022', 0, '3','1','5');
INSERT INTO episode_expansion (episode_id, cooker_id, recipe_id, season_year, is_judge, eval1, eval2, eval3) VALUES ('8', '40', '40', '2022', 0, '4','3','3');
INSERT INTO episode_expansion (episode_id, cooker_id, recipe_id, season_year, is_judge, eval1, eval2, eval3) VALUES ('8', '28', '28', '2022', 0, '1','2','5');
INSERT INTO episode_expansion (episode_id, cooker_id, recipe_id, season_year, is_judge, eval1, eval2, eval3) VALUES ('8', '69', '7', '2022', 0, '5','2','1');
INSERT INTO episode_expansion (episode_id, cooker_id, recipe_id, season_year, is_judge, eval1, eval2, eval3) VALUES ('8', '44', '21', '2022', 0, '5','1','5');
INSERT INTO episode_expansion (episode_id, cooker_id, recipe_id, season_year, is_judge, eval1, eval2, eval3) VALUES ('8', '17', '17', '2022', 0, '5','4','5');
INSERT INTO episode_expansion (episode_id, cooker_id, recipe_id, season_year, is_judge, eval1) VALUES ('9', '5', '71', '2022', 1, '1');
INSERT INTO episode_expansion (episode_id, cooker_id, recipe_id, season_year, is_judge, eval2) VALUES ('9', '27', '27', '2022', 1, '1');
INSERT INTO episode_expansion (episode_id, cooker_id, recipe_id, season_year, is_judge, eval3) VALUES ('9', '31', '31', '2022', 1, '1');
INSERT INTO episode_expansion (episode_id, cooker_id, recipe_id, season_year, is_judge, eval1, eval2, eval3) VALUES ('9', '86', '19', '2022', 0, '5','3','1');
INSERT INTO episode_expansion (episode_id, cooker_id, recipe_id, season_year, is_judge, eval1, eval2, eval3) VALUES ('9', '15', '15', '2022', 0, '1','3','4');
INSERT INTO episode_expansion (episode_id, cooker_id, recipe_id, season_year, is_judge, eval1, eval2, eval3) VALUES ('9', '38', '38', '2022', 0, '5','1','5');
INSERT INTO episode_expansion (episode_id, cooker_id, recipe_id, season_year, is_judge, eval1, eval2, eval3) VALUES ('9', '57', '69', '2022', 0, '4','3','5');
INSERT INTO episode_expansion (episode_id, cooker_id, recipe_id, season_year, is_judge, eval1, eval2, eval3) VALUES ('9', '29', '58', '2022', 0, '1','5','5');
INSERT INTO episode_expansion (episode_id, cooker_id, recipe_id, season_year, is_judge, eval1, eval2, eval3) VALUES ('9', '12', '74', '2022', 0, '5','3','2');
INSERT INTO episode_expansion (episode_id, cooker_id, recipe_id, season_year, is_judge, eval1, eval2, eval3) VALUES ('9', '28', '28', '2022', 0, '1','1','4');
INSERT INTO episode_expansion (episode_id, cooker_id, recipe_id, season_year, is_judge, eval1, eval2, eval3) VALUES ('9', '62', '90', '2022', 0, '2','2','3');
INSERT INTO episode_expansion (episode_id, cooker_id, recipe_id, season_year, is_judge, eval1, eval2, eval3) VALUES ('9', '35', '35', '2022', 0, '2','4','1');
INSERT INTO episode_expansion (episode_id, cooker_id, recipe_id, season_year, is_judge, eval1, eval2, eval3) VALUES ('9', '80', '14', '2022', 0, '5','3','4');
INSERT INTO episode_expansion (episode_id, cooker_id, recipe_id, season_year, is_judge, eval1) VALUES ('1', '4', '4', '2023', 1, '1');
INSERT INTO episode_expansion (episode_id, cooker_id, recipe_id, season_year, is_judge, eval2) VALUES ('1', '16', '16', '2023', 1, '1');
INSERT INTO episode_expansion (episode_id, cooker_id, recipe_id, season_year, is_judge, eval3) VALUES ('1', '73', '7', '2023', 1, '1');
INSERT INTO episode_expansion (episode_id, cooker_id, recipe_id, season_year, is_judge, eval1, eval2, eval3) VALUES ('1', '47', '95', '2023', 0, '4','4','5');
INSERT INTO episode_expansion (episode_id, cooker_id, recipe_id, season_year, is_judge, eval1, eval2, eval3) VALUES ('1', '86', '19', '2023', 0, '3','1','2');
INSERT INTO episode_expansion (episode_id, cooker_id, recipe_id, season_year, is_judge, eval1, eval2, eval3) VALUES ('1', '40', '69', '2023', 0, '1','5','4');
INSERT INTO episode_expansion (episode_id, cooker_id, recipe_id, season_year, is_judge, eval1, eval2, eval3) VALUES ('1', '53', '26', '2023', 0, '1','2','4');
INSERT INTO episode_expansion (episode_id, cooker_id, recipe_id, season_year, is_judge, eval1, eval2, eval3) VALUES ('1', '38', '38', '2023', 0, '1','5','2');
INSERT INTO episode_expansion (episode_id, cooker_id, recipe_id, season_year, is_judge, eval1, eval2, eval3) VALUES ('1', '60', '44', '2023', 0, '3','5','4');
INSERT INTO episode_expansion (episode_id, cooker_id, recipe_id, season_year, is_judge, eval1, eval2, eval3) VALUES ('1', '1', '1', '2023', 0, '2','2','3');
INSERT INTO episode_expansion (episode_id, cooker_id, recipe_id, season_year, is_judge, eval1, eval2, eval3) VALUES ('1', '43', '34', '2023', 0, '2','2','5');
INSERT INTO episode_expansion (episode_id, cooker_id, recipe_id, season_year, is_judge, eval1, eval2, eval3) VALUES ('1', '39', '99', '2023', 0, '5','4','4');
INSERT INTO episode_expansion (episode_id, cooker_id, recipe_id, season_year, is_judge, eval1, eval2, eval3) VALUES ('1', '58', '12', '2023', 0, '4','4','4');
INSERT INTO episode_expansion (episode_id, cooker_id, recipe_id, season_year, is_judge, eval1) VALUES ('2', '18', '18', '2023', 1, '1');
INSERT INTO episode_expansion (episode_id, cooker_id, recipe_id, season_year, is_judge, eval2) VALUES ('2', '80', '14', '2023', 1, '1');
INSERT INTO episode_expansion (episode_id, cooker_id, recipe_id, season_year, is_judge, eval3) VALUES ('2', '75', '29', '2023', 1, '1');
INSERT INTO episode_expansion (episode_id, cooker_id, recipe_id, season_year, is_judge, eval1, eval2, eval3) VALUES ('2', '70', '4', '2023', 0, '1','4','3');
INSERT INTO episode_expansion (episode_id, cooker_id, recipe_id, season_year, is_judge, eval1, eval2, eval3) VALUES ('2', '49', '48', '2023', 0, '3','1','1');
INSERT INTO episode_expansion (episode_id, cooker_id, recipe_id, season_year, is_judge, eval1, eval2, eval3) VALUES ('2', '31', '62', '2023', 0, '4','3','3');
INSERT INTO episode_expansion (episode_id, cooker_id, recipe_id, season_year, is_judge, eval1, eval2, eval3) VALUES ('2', '44', '21', '2023', 0, '1','2','2');
INSERT INTO episode_expansion (episode_id, cooker_id, recipe_id, season_year, is_judge, eval1, eval2, eval3) VALUES ('2', '20', '84', '2023', 0, '5','4','3');
INSERT INTO episode_expansion (episode_id, cooker_id, recipe_id, season_year, is_judge, eval1, eval2, eval3) VALUES ('2', '36', '36', '2023', 0, '1','5','4');
INSERT INTO episode_expansion (episode_id, cooker_id, recipe_id, season_year, is_judge, eval1, eval2, eval3) VALUES ('2', '53', '26', '2023', 0, '1','2','5');
INSERT INTO episode_expansion (episode_id, cooker_id, recipe_id, season_year, is_judge, eval1, eval2, eval3) VALUES ('2', '13', '47', '2023', 0, '3','5','4');
INSERT INTO episode_expansion (episode_id, cooker_id, recipe_id, season_year, is_judge, eval1, eval2, eval3) VALUES ('2', '2', '2', '2023', 0, '2','5','3');
INSERT INTO episode_expansion (episode_id, cooker_id, recipe_id, season_year, is_judge, eval1, eval2, eval3) VALUES ('2', '33', '54', '2023', 0, '4','1','3');
INSERT INTO episode_expansion (episode_id, cooker_id, recipe_id, season_year, is_judge, eval1) VALUES ('3', '56', '28', '2023', 1, '1');
INSERT INTO episode_expansion (episode_id, cooker_id, recipe_id, season_year, is_judge, eval2) VALUES ('3', '50', '15', '2023', 1, '1');
INSERT INTO episode_expansion (episode_id, cooker_id, recipe_id, season_year, is_judge, eval3) VALUES ('3', '22', '22', '2023', 1, '1');
INSERT INTO episode_expansion (episode_id, cooker_id, recipe_id, season_year, is_judge, eval1, eval2, eval3) VALUES ('3', '75', '75', '2023', 0, '3','2','2');
INSERT INTO episode_expansion (episode_id, cooker_id, recipe_id, season_year, is_judge, eval1, eval2, eval3) VALUES ('3', '24', '77', '2023', 0, '2','2','1');
INSERT INTO episode_expansion (episode_id, cooker_id, recipe_id, season_year, is_judge, eval1, eval2, eval3) VALUES ('3', '17', '17', '2023', 0, '3','1','2');
INSERT INTO episode_expansion (episode_id, cooker_id, recipe_id, season_year, is_judge, eval1, eval2, eval3) VALUES ('3', '13', '13', '2023', 0, '4','3','2');
INSERT INTO episode_expansion (episode_id, cooker_id, recipe_id, season_year, is_judge, eval1, eval2, eval3) VALUES ('3', '8', '76', '2023', 0, '2','4','3');
INSERT INTO episode_expansion (episode_id, cooker_id, recipe_id, season_year, is_judge, eval1, eval2, eval3) VALUES ('3', '30', '30', '2023', 0, '3','5','3');
INSERT INTO episode_expansion (episode_id, cooker_id, recipe_id, season_year, is_judge, eval1, eval2, eval3) VALUES ('3', '12', '74', '2023', 0, '1','3','3');
INSERT INTO episode_expansion (episode_id, cooker_id, recipe_id, season_year, is_judge, eval1, eval2, eval3) VALUES ('3', '100', '90', '2023', 0, '1','5','1');
INSERT INTO episode_expansion (episode_id, cooker_id, recipe_id, season_year, is_judge, eval1, eval2, eval3) VALUES ('3', '49', '73', '2023', 0, '5','5','1');
INSERT INTO episode_expansion (episode_id, cooker_id, recipe_id, season_year, is_judge, eval1, eval2, eval3) VALUES ('3', '25', '79', '2023', 0, '5','2','2');
INSERT INTO episode_expansion (episode_id, cooker_id, recipe_id, season_year, is_judge, eval1) VALUES ('4', '17', '17', '2023', 1, '1');
INSERT INTO episode_expansion (episode_id, cooker_id, recipe_id, season_year, is_judge, eval2) VALUES ('4', '40', '69', '2023', 1, '1');
INSERT INTO episode_expansion (episode_id, cooker_id, recipe_id, season_year, is_judge, eval3) VALUES ('4', '58', '12', '2023', 1, '1');
INSERT INTO episode_expansion (episode_id, cooker_id, recipe_id, season_year, is_judge, eval1, eval2, eval3) VALUES ('4', '1', '1', '2023', 0, '1','4','5');
INSERT INTO episode_expansion (episode_id, cooker_id, recipe_id, season_year, is_judge, eval1, eval2, eval3) VALUES ('4', '46', '30', '2023', 0, '5','4','2');
INSERT INTO episode_expansion (episode_id, cooker_id, recipe_id, season_year, is_judge, eval1, eval2, eval3) VALUES ('4', '70', '4', '2023', 0, '3','3','2');
INSERT INTO episode_expansion (episode_id, cooker_id, recipe_id, season_year, is_judge, eval1, eval2, eval3) VALUES ('4', '26', '26', '2023', 0, '4','4','3');
INSERT INTO episode_expansion (episode_id, cooker_id, recipe_id, season_year, is_judge, eval1, eval2, eval3) VALUES ('4', '90', '68', '2023', 0, '2','3','2');
INSERT INTO episode_expansion (episode_id, cooker_id, recipe_id, season_year, is_judge, eval1, eval2, eval3) VALUES ('4', '35', '35', '2023', 0, '5','1','3');
INSERT INTO episode_expansion (episode_id, cooker_id, recipe_id, season_year, is_judge, eval1, eval2, eval3) VALUES ('4', '76', '63', '2023', 0, '1','4','2');
INSERT INTO episode_expansion (episode_id, cooker_id, recipe_id, season_year, is_judge, eval1, eval2, eval3) VALUES ('4', '84', '53', '2023', 0, '3','3','4');
INSERT INTO episode_expansion (episode_id, cooker_id, recipe_id, season_year, is_judge, eval1, eval2, eval3) VALUES ('4', '23', '23', '2023', 0, '5','5','2');
INSERT INTO episode_expansion (episode_id, cooker_id, recipe_id, season_year, is_judge, eval1, eval2, eval3) VALUES ('4', '33', '54', '2023', 0, '5','5','3');
INSERT INTO episode_expansion (episode_id, cooker_id, recipe_id, season_year, is_judge, eval1) VALUES ('5', '98', '97', '2023', 1, '1');
INSERT INTO episode_expansion (episode_id, cooker_id, recipe_id, season_year, is_judge, eval2) VALUES ('5', '51', '3', '2023', 1, '1');
INSERT INTO episode_expansion (episode_id, cooker_id, recipe_id, season_year, is_judge, eval3) VALUES ('5', '79', '22', '2023', 1, '1');
INSERT INTO episode_expansion (episode_id, cooker_id, recipe_id, season_year, is_judge, eval1, eval2, eval3) VALUES ('5', '75', '29', '2023', 0, '3','1','5');
INSERT INTO episode_expansion (episode_id, cooker_id, recipe_id, season_year, is_judge, eval1, eval2, eval3) VALUES ('5', '68', '7', '2023', 0, '2','4','4');
INSERT INTO episode_expansion (episode_id, cooker_id, recipe_id, season_year, is_judge, eval1, eval2, eval3) VALUES ('5', '16', '93', '2023', 0, '2','5','4');
INSERT INTO episode_expansion (episode_id, cooker_id, recipe_id, season_year, is_judge, eval1, eval2, eval3) VALUES ('5', '47', '95', '2023', 0, '1','2','2');
INSERT INTO episode_expansion (episode_id, cooker_id, recipe_id, season_year, is_judge, eval1, eval2, eval3) VALUES ('5', '71', '94', '2023', 0, '1','4','3');
INSERT INTO episode_expansion (episode_id, cooker_id, recipe_id, season_year, is_judge, eval1, eval2, eval3) VALUES ('5', '14', '14', '2023', 0, '1','2','5');
INSERT INTO episode_expansion (episode_id, cooker_id, recipe_id, season_year, is_judge, eval1, eval2, eval3) VALUES ('5', '20', '84', '2023', 0, '4','2','4');
INSERT INTO episode_expansion (episode_id, cooker_id, recipe_id, season_year, is_judge, eval1, eval2, eval3) VALUES ('5', '56', '28', '2023', 0, '3','3','2');
INSERT INTO episode_expansion (episode_id, cooker_id, recipe_id, season_year, is_judge, eval1, eval2, eval3) VALUES ('5', '24', '77', '2023', 0, '5','3','2');
INSERT INTO episode_expansion (episode_id, cooker_id, recipe_id, season_year, is_judge, eval1, eval2, eval3) VALUES ('5', '34', '34', '2023', 0, '1','5','3');
INSERT INTO episode_expansion (episode_id, cooker_id, recipe_id, season_year, is_judge, eval1) VALUES ('6', '91', '50', '2023', 1, '1');
INSERT INTO episode_expansion (episode_id, cooker_id, recipe_id, season_year, is_judge, eval2) VALUES ('6', '88', '34', '2023', 1, '1');
INSERT INTO episode_expansion (episode_id, cooker_id, recipe_id, season_year, is_judge, eval3) VALUES ('6', '38', '38', '2023', 1, '1');
INSERT INTO episode_expansion (episode_id, cooker_id, recipe_id, season_year, is_judge, eval1, eval2, eval3) VALUES ('6', '39', '39', '2023', 0, '5','3','4');
INSERT INTO episode_expansion (episode_id, cooker_id, recipe_id, season_year, is_judge, eval1, eval2, eval3) VALUES ('6', '77', '25', '2023', 0, '2','5','3');
INSERT INTO episode_expansion (episode_id, cooker_id, recipe_id, season_year, is_judge, eval1, eval2, eval3) VALUES ('6', '71', '94', '2023', 0, '1','4','2');
INSERT INTO episode_expansion (episode_id, cooker_id, recipe_id, season_year, is_judge, eval1, eval2, eval3) VALUES ('6', '15', '15', '2023', 0, '3','2','3');
INSERT INTO episode_expansion (episode_id, cooker_id, recipe_id, season_year, is_judge, eval1, eval2, eval3) VALUES ('6', '49', '73', '2023', 0, '3','2','4');
INSERT INTO episode_expansion (episode_id, cooker_id, recipe_id, season_year, is_judge, eval1, eval2, eval3) VALUES ('6', '28', '28', '2023', 0, '2','1','5');
INSERT INTO episode_expansion (episode_id, cooker_id, recipe_id, season_year, is_judge, eval1, eval2, eval3) VALUES ('6', '86', '19', '2023', 0, '5','3','5');
INSERT INTO episode_expansion (episode_id, cooker_id, recipe_id, season_year, is_judge, eval1, eval2, eval3) VALUES ('6', '4', '4', '2023', 0, '3','3','4');
INSERT INTO episode_expansion (episode_id, cooker_id, recipe_id, season_year, is_judge, eval1, eval2, eval3) VALUES ('6', '53', '26', '2023', 0, '2','5','4');
INSERT INTO episode_expansion (episode_id, cooker_id, recipe_id, season_year, is_judge, eval1, eval2, eval3) VALUES ('6', '90', '68', '2023', 0, '5','5','3');
INSERT INTO episode_expansion (episode_id, cooker_id, recipe_id, season_year, is_judge, eval1) VALUES ('7', '53', '26', '2023', 1, '1');
INSERT INTO episode_expansion (episode_id, cooker_id, recipe_id, season_year, is_judge, eval2) VALUES ('7', '31', '31', '2023', 1, '1');
INSERT INTO episode_expansion (episode_id, cooker_id, recipe_id, season_year, is_judge, eval3) VALUES ('7', '42', '99', '2023', 1, '1');
INSERT INTO episode_expansion (episode_id, cooker_id, recipe_id, season_year, is_judge, eval1, eval2, eval3) VALUES ('7', '29', '29', '2023', 0, '3','2','1');
INSERT INTO episode_expansion (episode_id, cooker_id, recipe_id, season_year, is_judge, eval1, eval2, eval3) VALUES ('7', '5', '48', '2023', 0, '3','4','1');
INSERT INTO episode_expansion (episode_id, cooker_id, recipe_id, season_year, is_judge, eval1, eval2, eval3) VALUES ('7', '20', '84', '2023', 0, '4','2','5');
INSERT INTO episode_expansion (episode_id, cooker_id, recipe_id, season_year, is_judge, eval1, eval2, eval3) VALUES ('7', '52', '19', '2023', 0, '4','1','4');
INSERT INTO episode_expansion (episode_id, cooker_id, recipe_id, season_year, is_judge, eval1, eval2, eval3) VALUES ('7', '37', '37', '2023', 0, '4','4','2');
INSERT INTO episode_expansion (episode_id, cooker_id, recipe_id, season_year, is_judge, eval1, eval2, eval3) VALUES ('7', '17', '17', '2023', 0, '2','4','4');
INSERT INTO episode_expansion (episode_id, cooker_id, recipe_id, season_year, is_judge, eval1, eval2, eval3) VALUES ('7', '13', '72', '2023', 0, '4','1','2');
INSERT INTO episode_expansion (episode_id, cooker_id, recipe_id, season_year, is_judge, eval1, eval2, eval3) VALUES ('7', '62', '90', '2023', 0, '1','5','4');
INSERT INTO episode_expansion (episode_id, cooker_id, recipe_id, season_year, is_judge, eval1, eval2, eval3) VALUES ('7', '90', '60', '2023', 0, '1','4','4');
INSERT INTO episode_expansion (episode_id, cooker_id, recipe_id, season_year, is_judge, eval1, eval2, eval3) VALUES ('7', '1', '1', '2023', 0, '3','2','3');
INSERT INTO episode_expansion (episode_id, cooker_id, recipe_id, season_year, is_judge, eval1) VALUES ('8', '9', '9', '2023', 1, '1');
INSERT INTO episode_expansion (episode_id, cooker_id, recipe_id, season_year, is_judge, eval2) VALUES ('8', '65', '2', '2023', 1, '1');
INSERT INTO episode_expansion (episode_id, cooker_id, recipe_id, season_year, is_judge, eval3) VALUES ('8', '59', '92', '2023', 1, '1');
INSERT INTO episode_expansion (episode_id, cooker_id, recipe_id, season_year, is_judge, eval1, eval2, eval3) VALUES ('8', '13', '72', '2023', 0, '5','2','2');
INSERT INTO episode_expansion (episode_id, cooker_id, recipe_id, season_year, is_judge, eval1, eval2, eval3) VALUES ('8', '20', '84', '2023', 0, '4','2','5');
INSERT INTO episode_expansion (episode_id, cooker_id, recipe_id, season_year, is_judge, eval1, eval2, eval3) VALUES ('8', '38', '66', '2023', 0, '4','3','2');
INSERT INTO episode_expansion (episode_id, cooker_id, recipe_id, season_year, is_judge, eval1, eval2, eval3) VALUES ('8', '44', '21', '2023', 0, '2','2','4');
INSERT INTO episode_expansion (episode_id, cooker_id, recipe_id, season_year, is_judge, eval1, eval2, eval3) VALUES ('8', '31', '62', '2023', 0, '4','4','3');
INSERT INTO episode_expansion (episode_id, cooker_id, recipe_id, season_year, is_judge, eval1, eval2, eval3) VALUES ('8', '72', '83', '2023', 0, '4','3','3');
INSERT INTO episode_expansion (episode_id, cooker_id, recipe_id, season_year, is_judge, eval1, eval2, eval3) VALUES ('8', '23', '23', '2023', 0, '5','2','3');
INSERT INTO episode_expansion (episode_id, cooker_id, recipe_id, season_year, is_judge, eval1, eval2, eval3) VALUES ('8', '18', '18', '2023', 0, '4','2','4');
INSERT INTO episode_expansion (episode_id, cooker_id, recipe_id, season_year, is_judge, eval1, eval2, eval3) VALUES ('8', '73', '7', '2023', 0, '4','5','5');
INSERT INTO episode_expansion (episode_id, cooker_id, recipe_id, season_year, is_judge, eval1, eval2, eval3) VALUES ('8', '40', '40', '2023', 0, '4','5','1');
INSERT INTO episode_expansion (episode_id, cooker_id, recipe_id, season_year, is_judge, eval1) VALUES ('9', '12', '74', '2023', 1, '1');
INSERT INTO episode_expansion (episode_id, cooker_id, recipe_id, season_year, is_judge, eval2) VALUES ('9', '1', '1', '2023', 1, '1');
INSERT INTO episode_expansion (episode_id, cooker_id, recipe_id, season_year, is_judge, eval3) VALUES ('9', '83', '14', '2023', 1, '1');
INSERT INTO episode_expansion (episode_id, cooker_id, recipe_id, season_year, is_judge, eval1, eval2, eval3) VALUES ('9', '5', '48', '2023', 0, '4','2','5');
INSERT INTO episode_expansion (episode_id, cooker_id, recipe_id, season_year, is_judge, eval1, eval2, eval3) VALUES ('9', '30', '30', '2023', 0, '4','4','4');
INSERT INTO episode_expansion (episode_id, cooker_id, recipe_id, season_year, is_judge, eval1, eval2, eval3) VALUES ('9', '89', '82', '2023', 0, '2','2','3');
INSERT INTO episode_expansion (episode_id, cooker_id, recipe_id, season_year, is_judge, eval1, eval2, eval3) VALUES ('9', '38', '66', '2023', 0, '1','3','3');
INSERT INTO episode_expansion (episode_id, cooker_id, recipe_id, season_year, is_judge, eval1, eval2, eval3) VALUES ('9', '92', '19', '2023', 0, '4','5','4');
INSERT INTO episode_expansion (episode_id, cooker_id, recipe_id, season_year, is_judge, eval1, eval2, eval3) VALUES ('9', '71', '94', '2023', 0, '3','2','2');
INSERT INTO episode_expansion (episode_id, cooker_id, recipe_id, season_year, is_judge, eval1, eval2, eval3) VALUES ('9', '37', '37', '2023', 0, '2','2','4');
INSERT INTO episode_expansion (episode_id, cooker_id, recipe_id, season_year, is_judge, eval1, eval2, eval3) VALUES ('9', '26', '52', '2023', 0, '4','1','2');
INSERT INTO episode_expansion (episode_id, cooker_id, recipe_id, season_year, is_judge, eval1, eval2, eval3) VALUES ('9', '16', '16', '2023', 0, '1','5','3');
INSERT INTO episode_expansion (episode_id, cooker_id, recipe_id, season_year, is_judge, eval1, eval2, eval3) VALUES ('9', '56', '28', '2023', 0, '2','2','4');
INSERT INTO episode_expansion (episode_id, cooker_id, recipe_id, season_year, is_judge, eval1) VALUES ('1', '38', '38', '2024', 1, '1');
INSERT INTO episode_expansion (episode_id, cooker_id, recipe_id, season_year, is_judge, eval2) VALUES ('1', '36', '61', '2024', 1, '1');
INSERT INTO episode_expansion (episode_id, cooker_id, recipe_id, season_year, is_judge, eval3) VALUES ('1', '1', '1', '2024', 1, '1');
INSERT INTO episode_expansion (episode_id, cooker_id, recipe_id, season_year, is_judge, eval1, eval2, eval3) VALUES ('1', '7', '7', '2024', 0, '3','4','1');
INSERT INTO episode_expansion (episode_id, cooker_id, recipe_id, season_year, is_judge, eval1, eval2, eval3) VALUES ('1', '79', '22', '2024', 0, '5','4','3');
INSERT INTO episode_expansion (episode_id, cooker_id, recipe_id, season_year, is_judge, eval1, eval2, eval3) VALUES ('1', '75', '75', '2024', 0, '3','5','1');
INSERT INTO episode_expansion (episode_id, cooker_id, recipe_id, season_year, is_judge, eval1, eval2, eval3) VALUES ('1', '23', '23', '2024', 0, '4','5','2');
INSERT INTO episode_expansion (episode_id, cooker_id, recipe_id, season_year, is_judge, eval1, eval2, eval3) VALUES ('1', '35', '35', '2024', 0, '3','5','5');
INSERT INTO episode_expansion (episode_id, cooker_id, recipe_id, season_year, is_judge, eval1, eval2, eval3) VALUES ('1', '65', '2', '2024', 0, '5','3','5');
INSERT INTO episode_expansion (episode_id, cooker_id, recipe_id, season_year, is_judge, eval1, eval2, eval3) VALUES ('1', '40', '89', '2024', 0, '5','1','4');
INSERT INTO episode_expansion (episode_id, cooker_id, recipe_id, season_year, is_judge, eval1, eval2, eval3) VALUES ('1', '31', '31', '2024', 0, '3','2','1');
INSERT INTO episode_expansion (episode_id, cooker_id, recipe_id, season_year, is_judge, eval1, eval2, eval3) VALUES ('1', '14', '14', '2024', 0, '4','3','1');
INSERT INTO episode_expansion (episode_id, cooker_id, recipe_id, season_year, is_judge, eval1, eval2, eval3) VALUES ('1', '32', '32', '2024', 0, '2','2','5');
INSERT INTO episode_expansion (episode_id, cooker_id, recipe_id, season_year, is_judge, eval1) VALUES ('2', '75', '75', '2024', 1, '1');
INSERT INTO episode_expansion (episode_id, cooker_id, recipe_id, season_year, is_judge, eval2) VALUES ('2', '20', '84', '2024', 1, '1');
INSERT INTO episode_expansion (episode_id, cooker_id, recipe_id, season_year, is_judge, eval3) VALUES ('2', '79', '22', '2024', 1, '1');
INSERT INTO episode_expansion (episode_id, cooker_id, recipe_id, season_year, is_judge, eval1, eval2, eval3) VALUES ('2', '2', '2', '2024', 0, '4','5','3');
INSERT INTO episode_expansion (episode_id, cooker_id, recipe_id, season_year, is_judge, eval1, eval2, eval3) VALUES ('2', '30', '30', '2024', 0, '2','2','2');
INSERT INTO episode_expansion (episode_id, cooker_id, recipe_id, season_year, is_judge, eval1, eval2, eval3) VALUES ('2', '6', '83', '2024', 0, '4','3','5');
INSERT INTO episode_expansion (episode_id, cooker_id, recipe_id, season_year, is_judge, eval1, eval2, eval3) VALUES ('2', '16', '93', '2024', 0, '3','4','4');
INSERT INTO episode_expansion (episode_id, cooker_id, recipe_id, season_year, is_judge, eval1, eval2, eval3) VALUES ('2', '41', '7', '2024', 0, '4','1','1');
INSERT INTO episode_expansion (episode_id, cooker_id, recipe_id, season_year, is_judge, eval1, eval2, eval3) VALUES ('2', '91', '50', '2024', 0, '2','2','2');
INSERT INTO episode_expansion (episode_id, cooker_id, recipe_id, season_year, is_judge, eval1, eval2, eval3) VALUES ('2', '62', '90', '2024', 0, '2','3','3');
INSERT INTO episode_expansion (episode_id, cooker_id, recipe_id, season_year, is_judge, eval1, eval2, eval3) VALUES ('2', '12', '74', '2024', 0, '4','5','3');
INSERT INTO episode_expansion (episode_id, cooker_id, recipe_id, season_year, is_judge, eval1, eval2, eval3) VALUES ('2', '88', '34', '2024', 0, '4','2','2');
INSERT INTO episode_expansion (episode_id, cooker_id, recipe_id, season_year, is_judge, eval1, eval2, eval3) VALUES ('2', '31', '62', '2024', 0, '4','5','3');
INSERT INTO episode_expansion (episode_id, cooker_id, recipe_id, season_year, is_judge, eval1) VALUES ('3', '40', '69', '2024', 1, '1');
INSERT INTO episode_expansion (episode_id, cooker_id, recipe_id, season_year, is_judge, eval2) VALUES ('3', '70', '4', '2024', 1, '1');
INSERT INTO episode_expansion (episode_id, cooker_id, recipe_id, season_year, is_judge, eval3) VALUES ('3', '14', '14', '2024', 1, '1');
INSERT INTO episode_expansion (episode_id, cooker_id, recipe_id, season_year, is_judge, eval1, eval2, eval3) VALUES ('3', '46', '30', '2024', 0, '1','3','4');
INSERT INTO episode_expansion (episode_id, cooker_id, recipe_id, season_year, is_judge, eval1, eval2, eval3) VALUES ('3', '13', '47', '2024', 0, '2','2','1');
INSERT INTO episode_expansion (episode_id, cooker_id, recipe_id, season_year, is_judge, eval1, eval2, eval3) VALUES ('3', '28', '28', '2024', 0, '2','2','5');
INSERT INTO episode_expansion (episode_id, cooker_id, recipe_id, season_year, is_judge, eval1, eval2, eval3) VALUES ('3', '58', '12', '2024', 0, '1','1','5');
INSERT INTO episode_expansion (episode_id, cooker_id, recipe_id, season_year, is_judge, eval1, eval2, eval3) VALUES ('3', '77', '79', '2024', 0, '3','5','3');
INSERT INTO episode_expansion (episode_id, cooker_id, recipe_id, season_year, is_judge, eval1, eval2, eval3) VALUES ('3', '36', '61', '2024', 0, '4','1','5');
INSERT INTO episode_expansion (episode_id, cooker_id, recipe_id, season_year, is_judge, eval1, eval2, eval3) VALUES ('3', '72', '6', '2024', 0, '2','1','5');
INSERT INTO episode_expansion (episode_id, cooker_id, recipe_id, season_year, is_judge, eval1, eval2, eval3) VALUES ('3', '17', '17', '2024', 0, '4','3','3');
INSERT INTO episode_expansion (episode_id, cooker_id, recipe_id, season_year, is_judge, eval1, eval2, eval3) VALUES ('3', '21', '21', '2024', 0, '1','2','2');
INSERT INTO episode_expansion (episode_id, cooker_id, recipe_id, season_year, is_judge, eval1, eval2, eval3) VALUES ('3', '35', '86', '2024', 0, '2','3','4');
INSERT INTO episode_expansion (episode_id, cooker_id, recipe_id, season_year, is_judge, eval1) VALUES ('4', '1', '1', '2024', 1, '1');
INSERT INTO episode_expansion (episode_id, cooker_id, recipe_id, season_year, is_judge, eval2) VALUES ('4', '88', '34', '2024', 1, '1');
INSERT INTO episode_expansion (episode_id, cooker_id, recipe_id, season_year, is_judge, eval3) VALUES ('4', '50', '15', '2024', 1, '1');
INSERT INTO episode_expansion (episode_id, cooker_id, recipe_id, season_year, is_judge, eval1, eval2, eval3) VALUES ('4', '16', '93', '2024', 0, '5','2','5');
INSERT INTO episode_expansion (episode_id, cooker_id, recipe_id, season_year, is_judge, eval1, eval2, eval3) VALUES ('4', '23', '23', '2024', 0, '1','1','3');
INSERT INTO episode_expansion (episode_id, cooker_id, recipe_id, season_year, is_judge, eval1, eval2, eval3) VALUES ('4', '27', '94', '2024', 0, '2','3','1');
INSERT INTO episode_expansion (episode_id, cooker_id, recipe_id, season_year, is_judge, eval1, eval2, eval3) VALUES ('4', '97', '9', '2024', 0, '3','1','5');
INSERT INTO episode_expansion (episode_id, cooker_id, recipe_id, season_year, is_judge, eval1, eval2, eval3) VALUES ('4', '20', '84', '2024', 0, '5','1','1');
INSERT INTO episode_expansion (episode_id, cooker_id, recipe_id, season_year, is_judge, eval1, eval2, eval3) VALUES ('4', '17', '17', '2024', 0, '5','5','1');
INSERT INTO episode_expansion (episode_id, cooker_id, recipe_id, season_year, is_judge, eval1, eval2, eval3) VALUES ('4', '11', '11', '2024', 0, '2','3','5');
INSERT INTO episode_expansion (episode_id, cooker_id, recipe_id, season_year, is_judge, eval1, eval2, eval3) VALUES ('4', '28', '28', '2024', 0, '5','3','4');
INSERT INTO episode_expansion (episode_id, cooker_id, recipe_id, season_year, is_judge, eval1, eval2, eval3) VALUES ('4', '37', '37', '2024', 0, '1','5','2');
INSERT INTO episode_expansion (episode_id, cooker_id, recipe_id, season_year, is_judge, eval1, eval2, eval3) VALUES ('4', '22', '22', '2024', 0, '4','3','2');
INSERT INTO episode_expansion (episode_id, cooker_id, recipe_id, season_year, is_judge, eval1) VALUES ('5', '13', '47', '2024', 1, '1');
INSERT INTO episode_expansion (episode_id, cooker_id, recipe_id, season_year, is_judge, eval2) VALUES ('5', '4', '4', '2024', 1, '1');
INSERT INTO episode_expansion (episode_id, cooker_id, recipe_id, season_year, is_judge, eval3) VALUES ('5', '97', '9', '2024', 1, '1');
INSERT INTO episode_expansion (episode_id, cooker_id, recipe_id, season_year, is_judge, eval1, eval2, eval3) VALUES ('5', '1', '1', '2024', 0, '3','1','1');
INSERT INTO episode_expansion (episode_id, cooker_id, recipe_id, season_year, is_judge, eval1, eval2, eval3) VALUES ('5', '25', '79', '2024', 0, '2','1','2');
INSERT INTO episode_expansion (episode_id, cooker_id, recipe_id, season_year, is_judge, eval1, eval2, eval3) VALUES ('5', '35', '35', '2024', 0, '1','2','1');
INSERT INTO episode_expansion (episode_id, cooker_id, recipe_id, season_year, is_judge, eval1, eval2, eval3) VALUES ('5', '23', '23', '2024', 0, '3','2','4');
INSERT INTO episode_expansion (episode_id, cooker_id, recipe_id, season_year, is_judge, eval1, eval2, eval3) VALUES ('5', '46', '30', '2024', 0, '4','1','1');
INSERT INTO episode_expansion (episode_id, cooker_id, recipe_id, season_year, is_judge, eval1, eval2, eval3) VALUES ('5', '92', '19', '2024', 0, '2','4','4');
INSERT INTO episode_expansion (episode_id, cooker_id, recipe_id, season_year, is_judge, eval1, eval2, eval3) VALUES ('5', '89', '82', '2024', 0, '5','5','5');
INSERT INTO episode_expansion (episode_id, cooker_id, recipe_id, season_year, is_judge, eval1, eval2, eval3) VALUES ('5', '33', '54', '2024', 0, '4','5','1');
INSERT INTO episode_expansion (episode_id, cooker_id, recipe_id, season_year, is_judge, eval1, eval2, eval3) VALUES ('5', '27', '27', '2024', 0, '2','1','2');
INSERT INTO episode_expansion (episode_id, cooker_id, recipe_id, season_year, is_judge, eval1, eval2, eval3) VALUES ('5', '37', '37', '2024', 0, '2','4','5');
INSERT INTO episode_expansion (episode_id, cooker_id, recipe_id, season_year, is_judge, eval1) VALUES ('6', '70', '4', '2024', 1, '1');
INSERT INTO episode_expansion (episode_id, cooker_id, recipe_id, season_year, is_judge, eval2) VALUES ('6', '36', '61', '2024', 1, '1');
INSERT INTO episode_expansion (episode_id, cooker_id, recipe_id, season_year, is_judge, eval3) VALUES ('6', '28', '28', '2024', 1, '1');
INSERT INTO episode_expansion (episode_id, cooker_id, recipe_id, season_year, is_judge, eval1, eval2, eval3) VALUES ('6', '79', '22', '2024', 0, '2','1','3');
INSERT INTO episode_expansion (episode_id, cooker_id, recipe_id, season_year, is_judge, eval1, eval2, eval3) VALUES ('6', '33', '54', '2024', 0, '2','1','1');
INSERT INTO episode_expansion (episode_id, cooker_id, recipe_id, season_year, is_judge, eval1, eval2, eval3) VALUES ('6', '65', '2', '2024', 0, '3','3','4');
INSERT INTO episode_expansion (episode_id, cooker_id, recipe_id, season_year, is_judge, eval1, eval2, eval3) VALUES ('6', '90', '76', '2024', 0, '5','1','5');
INSERT INTO episode_expansion (episode_id, cooker_id, recipe_id, season_year, is_judge, eval1, eval2, eval3) VALUES ('6', '44', '21', '2024', 0, '1','3','2');
INSERT INTO episode_expansion (episode_id, cooker_id, recipe_id, season_year, is_judge, eval1, eval2, eval3) VALUES ('6', '16', '93', '2024', 0, '3','3','2');
INSERT INTO episode_expansion (episode_id, cooker_id, recipe_id, season_year, is_judge, eval1, eval2, eval3) VALUES ('6', '50', '15', '2024', 0, '5','5','3');
INSERT INTO episode_expansion (episode_id, cooker_id, recipe_id, season_year, is_judge, eval1, eval2, eval3) VALUES ('6', '85', '3', '2024', 0, '2','4','1');
INSERT INTO episode_expansion (episode_id, cooker_id, recipe_id, season_year, is_judge, eval1, eval2, eval3) VALUES ('6', '31', '31', '2024', 0, '5','4','3');
INSERT INTO episode_expansion (episode_id, cooker_id, recipe_id, season_year, is_judge, eval1, eval2, eval3) VALUES ('6', '80', '14', '2024', 0, '4','4','3');
INSERT INTO episode_expansion (episode_id, cooker_id, recipe_id, season_year, is_judge, eval1) VALUES ('7', '62', '90', '2024', 1, '1');
INSERT INTO episode_expansion (episode_id, cooker_id, recipe_id, season_year, is_judge, eval2) VALUES ('7', '26', '26', '2024', 1, '1');
INSERT INTO episode_expansion (episode_id, cooker_id, recipe_id, season_year, is_judge, eval3) VALUES ('7', '56', '28', '2024', 1, '1');
INSERT INTO episode_expansion (episode_id, cooker_id, recipe_id, season_year, is_judge, eval1, eval2, eval3) VALUES ('7', '9', '9', '2024', 0, '4','1','4');
INSERT INTO episode_expansion (episode_id, cooker_id, recipe_id, season_year, is_judge, eval1, eval2, eval3) VALUES ('7', '35', '35', '2024', 0, '1','5','5');
INSERT INTO episode_expansion (episode_id, cooker_id, recipe_id, season_year, is_judge, eval1, eval2, eval3) VALUES ('7', '95', '6', '2024', 0, '5','3','1');
INSERT INTO episode_expansion (episode_id, cooker_id, recipe_id, season_year, is_judge, eval1, eval2, eval3) VALUES ('7', '12', '74', '2024', 0, '3','2','4');
INSERT INTO episode_expansion (episode_id, cooker_id, recipe_id, season_year, is_judge, eval1, eval2, eval3) VALUES ('7', '43', '34', '2024', 0, '4','4','5');
INSERT INTO episode_expansion (episode_id, cooker_id, recipe_id, season_year, is_judge, eval1, eval2, eval3) VALUES ('7', '49', '73', '2024', 0, '3','1','2');
INSERT INTO episode_expansion (episode_id, cooker_id, recipe_id, season_year, is_judge, eval1, eval2, eval3) VALUES ('7', '52', '19', '2024', 0, '3','1','2');
INSERT INTO episode_expansion (episode_id, cooker_id, recipe_id, season_year, is_judge, eval1, eval2, eval3) VALUES ('7', '50', '15', '2024', 0, '3','5','5');
INSERT INTO episode_expansion (episode_id, cooker_id, recipe_id, season_year, is_judge, eval1, eval2, eval3) VALUES ('7', '17', '17', '2024', 0, '3','5','3');
INSERT INTO episode_expansion (episode_id, cooker_id, recipe_id, season_year, is_judge, eval1, eval2, eval3) VALUES ('7', '71', '94', '2024', 0, '5','4','4');
INSERT INTO episode_expansion (episode_id, cooker_id, recipe_id, season_year, is_judge, eval1) VALUES ('8', '91', '50', '2024', 1, '1');
INSERT INTO episode_expansion (episode_id, cooker_id, recipe_id, season_year, is_judge, eval2) VALUES ('8', '31', '62', '2024', 1, '1');
INSERT INTO episode_expansion (episode_id, cooker_id, recipe_id, season_year, is_judge, eval3) VALUES ('8', '60', '2', '2024', 1, '1');
INSERT INTO episode_expansion (episode_id, cooker_id, recipe_id, season_year, is_judge, eval1, eval2, eval3) VALUES ('8', '93', '79', '2024', 0, '3','3','1');
INSERT INTO episode_expansion (episode_id, cooker_id, recipe_id, season_year, is_judge, eval1, eval2, eval3) VALUES ('8', '17', '17', '2024', 0, '5','3','3');
INSERT INTO episode_expansion (episode_id, cooker_id, recipe_id, season_year, is_judge, eval1, eval2, eval3) VALUES ('8', '16', '16', '2024', 0, '5','4','3');
INSERT INTO episode_expansion (episode_id, cooker_id, recipe_id, season_year, is_judge, eval1, eval2, eval3) VALUES ('8', '37', '37', '2024', 0, '4','2','1');
INSERT INTO episode_expansion (episode_id, cooker_id, recipe_id, season_year, is_judge, eval1, eval2, eval3) VALUES ('8', '1', '1', '2024', 0, '3','5','5');
INSERT INTO episode_expansion (episode_id, cooker_id, recipe_id, season_year, is_judge, eval1, eval2, eval3) VALUES ('8', '13', '47', '2024', 0, '4','3','4');
INSERT INTO episode_expansion (episode_id, cooker_id, recipe_id, season_year, is_judge, eval1, eval2, eval3) VALUES ('8', '3', '3', '2024', 0, '5','4','5');
INSERT INTO episode_expansion (episode_id, cooker_id, recipe_id, season_year, is_judge, eval1, eval2, eval3) VALUES ('8', '64', '85', '2024', 0, '4','1','2');
INSERT INTO episode_expansion (episode_id, cooker_id, recipe_id, season_year, is_judge, eval1, eval2, eval3) VALUES ('8', '39', '99', '2024', 0, '2','5','5');
INSERT INTO episode_expansion (episode_id, cooker_id, recipe_id, season_year, is_judge, eval1, eval2, eval3) VALUES ('8', '87', '30', '2024', 0, '5','2','5');
INSERT INTO episode_expansion (episode_id, cooker_id, recipe_id, season_year, is_judge, eval1) VALUES ('9', '42', '80', '2024', 1, '1');
INSERT INTO episode_expansion (episode_id, cooker_id, recipe_id, season_year, is_judge, eval2) VALUES ('9', '22', '22', '2024', 1, '1');
INSERT INTO episode_expansion (episode_id, cooker_id, recipe_id, season_year, is_judge, eval3) VALUES ('9', '59', '24', '2024', 1, '1');
INSERT INTO episode_expansion (episode_id, cooker_id, recipe_id, season_year, is_judge, eval1, eval2, eval3) VALUES ('9', '66', '7', '2024', 0, '4','4','5');
INSERT INTO episode_expansion (episode_id, cooker_id, recipe_id, season_year, is_judge, eval1, eval2, eval3) VALUES ('9', '16', '93', '2024', 0, '1','5','2');
INSERT INTO episode_expansion (episode_id, cooker_id, recipe_id, season_year, is_judge, eval1, eval2, eval3) VALUES ('9', '35', '35', '2024', 0, '3','3','3');
INSERT INTO episode_expansion (episode_id, cooker_id, recipe_id, season_year, is_judge, eval1, eval2, eval3) VALUES ('9', '94', '21', '2024', 0, '5','5','4');
INSERT INTO episode_expansion (episode_id, cooker_id, recipe_id, season_year, is_judge, eval1, eval2, eval3) VALUES ('9', '28', '28', '2024', 0, '3','2','3');
INSERT INTO episode_expansion (episode_id, cooker_id, recipe_id, season_year, is_judge, eval1, eval2, eval3) VALUES ('9', '13', '47', '2024', 0, '3','3','2');
INSERT INTO episode_expansion (episode_id, cooker_id, recipe_id, season_year, is_judge, eval1, eval2, eval3) VALUES ('9', '98', '63', '2024', 0, '2','2','5');
INSERT INTO episode_expansion (episode_id, cooker_id, recipe_id, season_year, is_judge, eval1, eval2, eval3) VALUES ('9', '5', '73', '2024', 0, '5','3','5');
INSERT INTO episode_expansion (episode_id, cooker_id, recipe_id, season_year, is_judge, eval1, eval2, eval3) VALUES ('9', '23', '23', '2024', 0, '1','4','5');
INSERT INTO episode_expansion (episode_id, cooker_id, recipe_id, season_year, is_judge, eval1, eval2, eval3) VALUES ('9', '53', '26', '2024', 0, '2','3','2');


COMMIT;
